purchase_item_id,purchase_id,product_id,quantity,unit_price,subtotal
ITEM0000001,PUR000001,P0001,1,65000.0,65000.0
ITEM0000002,PUR000001,P0013,1,14500.0,14500.0
ITEM0000003,PUR000002,P0016,3,450.0,1350.0
ITEM0000004,PUR000003,P0018,7,550.0,3850.0
ITEM0000005,PUR000003,P0008,1,4200.0,4200.0
ITEM0000006,PUR000004,P0019,2,1250.0,2500.0
ITEM0000007,PUR000004,P0006,4,2800.0,11200.0
ITEM0000008,PUR000004,P0004,3,12500.0,37500.0
ITEM0000009,PUR000004,P0012,3,850.0,2550.0
ITEM0000010,PUR000005,P0008,4,4200.0,16800.0
ITEM0000011,PUR000006,P0013,1,14500.0,14500.0
ITEM0000012,PUR000007,P0012,3,850.0,2550.0
ITEM0000013,PUR000007,P0016,1,450.0,450.0
ITEM0000014,PUR000007,P0011,2,4500.0,9000.0
ITEM0000015,PUR000008,P0011,3,4500.0,13500.0
ITEM0000016,PUR000009,P0017,1,18500.0,18500.0
ITEM0000017,PUR000010,P0018,8,550.0,4400.0
ITEM0000018,PUR000011,P0016,6,450.0,2700.0
ITEM0000019,PUR000012,P0018,5,550.0,2750.0
ITEM0000020,PUR000012,P0004,3,12500.0,37500.0
ITEM0000021,PUR000013,P0019,3,1250.0,3750.0
ITEM0000022,PUR000013,P0012,5,850.0,4250.0
ITEM0000023,PUR000014,P0008,4,4200.0,16800.0
ITEM0000024,PUR000014,P0005,1,4500.0,4500.0
ITEM0000025,PUR000015,P0006,2,2800.0,5600.0
ITEM0000026,PUR000015,P0003,1,32000.0,32000.0
ITEM0000027,PUR000016,P0016,1,450.0,450.0
ITEM0000028,PUR000017,P0011,2,4500.0,9000.0
ITEM0000029,PUR000017,P0010,1,2200.0,2200.0
ITEM0000030,PUR000017,P0016,1,450.0,450.0
ITEM0000031,PUR000018,P0020,3,499.0,1497.0
ITEM0000032,PUR000019,P0003,2,32000.0,64000.0
ITEM0000033,PUR000020,P0006,3,2800.0,8400.0
ITEM0000034,PUR000020,P0017,1,18500.0,18500.0
ITEM0000035,PUR000021,P0019,1,1250.0,1250.0
ITEM0000036,PUR000021,P0005,4,4500.0,18000.0
ITEM0000037,PUR000021,P0004,2,12500.0,25000.0
ITEM0000038,PUR000021,P0008,3,4200.0,12600.0
ITEM0000039,PUR000022,P0003,1,32000.0,32000.0
ITEM0000040,PUR000023,P0015,3,1200.0,3600.0
ITEM0000041,PUR000023,P0012,5,850.0,4250.0
ITEM0000042,PUR000023,P0007,4,1800.0,7200.0
ITEM0000043,PUR000024,P0008,4,4200.0,16800.0
ITEM0000044,PUR000025,P0006,3,2800.0,8400.0
ITEM0000045,PUR000026,P0012,6,850.0,5100.0
ITEM0000046,PUR000026,P0009,2,1900.0,3800.0
ITEM0000047,PUR000027,P0013,2,14500.0,29000.0
ITEM0000048,PUR000027,P0001,1,65000.0,65000.0
ITEM0000049,PUR000027,P0003,3,32000.0,96000.0
ITEM0000050,PUR000028,P0003,3,32000.0,96000.0
ITEM0000051,PUR000028,P0017,2,18500.0,37000.0
ITEM0000052,PUR000029,P0005,3,4500.0,13500.0
ITEM0000053,PUR000029,P0017,1,18500.0,18500.0
ITEM0000054,PUR000030,P0019,3,1250.0,3750.0
ITEM0000055,PUR000031,P0007,3,1800.0,5400.0
ITEM0000056,PUR000032,P0018,1,550.0,550.0
ITEM0000057,PUR000032,P0006,4,2800.0,11200.0
ITEM0000058,PUR000033,P0005,3,4500.0,13500.0
ITEM0000059,PUR000033,P0011,2,4500.0,9000.0
ITEM0000060,PUR000034,P0005,4,4500.0,18000.0
ITEM0000061,PUR000035,P0017,2,18500.0,37000.0
ITEM0000062,PUR000035,P0003,2,32000.0,64000.0
ITEM0000063,PUR000036,P0008,5,4200.0,21000.0
ITEM0000064,PUR000036,P0015,4,1200.0,4800.0
ITEM0000065,PUR000036,P0019,2,1250.0,2500.0
ITEM0000066,PUR000037,P0005,2,4500.0,9000.0
ITEM0000067,PUR000038,P0010,1,2200.0,2200.0
ITEM0000068,PUR000038,P0007,3,1800.0,5400.0
ITEM0000069,PUR000039,P0005,1,4500.0,4500.0
ITEM0000070,PUR000039,P0011,3,4500.0,13500.0
ITEM0000071,PUR000040,P0018,7,550.0,3850.0
ITEM0000072,PUR000040,P0004,2,12500.0,25000.0
ITEM0000073,PUR000041,P0013,1,14500.0,14500.0
ITEM0000074,PUR000041,P0006,3,2800.0,8400.0
ITEM0000075,PUR000042,P0019,1,1250.0,1250.0
ITEM0000076,PUR000042,P0009,3,1900.0,5700.0
ITEM0000077,PUR000043,P0004,1,12500.0,12500.0
ITEM0000078,PUR000043,P0019,4,1250.0,5000.0
ITEM0000079,PUR000044,P0017,2,18500.0,37000.0
ITEM0000080,PUR000045,P0011,2,4500.0,9000.0
ITEM0000081,PUR000046,P0015,3,1200.0,3600.0
ITEM0000082,PUR000046,P0019,1,1250.0,1250.0
ITEM0000083,PUR000046,P0016,10,450.0,4500.0
ITEM0000084,PUR000047,P0004,1,12500.0,12500.0
ITEM0000085,PUR000047,P0019,4,1250.0,5000.0
ITEM0000086,PUR000047,P0011,1,4500.0,4500.0
ITEM0000087,PUR000048,P0008,1,4200.0,4200.0
ITEM0000088,PUR000049,P0011,3,4500.0,13500.0
ITEM0000089,PUR000049,P0006,2,2800.0,5600.0
ITEM0000090,PUR000049,P0008,2,4200.0,8400.0
ITEM0000091,PUR000049,P0004,1,12500.0,12500.0
ITEM0000092,PUR000050,P0017,2,18500.0,37000.0
ITEM0000093,PUR000050,P0004,3,12500.0,37500.0
ITEM0000094,PUR000050,P0013,2,14500.0,29000.0
ITEM0000095,PUR000051,P0011,3,4500.0,13500.0
ITEM0000096,PUR000051,P0003,2,32000.0,64000.0
ITEM0000097,PUR000052,P0014,8,650.0,5200.0
ITEM0000098,PUR000052,P0020,5,499.0,2495.0
ITEM0000099,PUR000053,P0003,3,32000.0,96000.0
ITEM0000100,PUR000053,P0002,1,85000.0,85000.0
ITEM0000101,PUR000053,P0001,2,65000.0,130000.0
ITEM0000102,PUR000053,P0013,2,14500.0,29000.0
ITEM0000103,PUR000054,P0006,2,2800.0,5600.0
ITEM0000104,PUR000055,P0016,5,450.0,2250.0
ITEM0000105,PUR000056,P0015,2,1200.0,2400.0
ITEM0000106,PUR000056,P0005,3,4500.0,13500.0
ITEM0000107,PUR000057,P0020,1,499.0,499.0
ITEM0000108,PUR000058,P0009,4,1900.0,7600.0
ITEM0000109,PUR000058,P0016,9,450.0,4050.0
ITEM0000110,PUR000059,P0012,6,850.0,5100.0
ITEM0000111,PUR000060,P0012,1,850.0,850.0
ITEM0000112,PUR000061,P0006,3,2800.0,8400.0
ITEM0000113,PUR000061,P0011,3,4500.0,13500.0
ITEM0000114,PUR000062,P0004,3,12500.0,37500.0
ITEM0000115,PUR000063,P0008,1,4200.0,4200.0
ITEM0000116,PUR000064,P0003,3,32000.0,96000.0
ITEM0000117,PUR000065,P0016,10,450.0,4500.0
ITEM0000118,PUR000065,P0005,4,4500.0,18000.0
ITEM0000119,PUR000065,P0019,3,1250.0,3750.0
ITEM0000120,PUR000065,P0004,3,12500.0,37500.0
ITEM0000121,PUR000066,P0008,5,4200.0,21000.0
ITEM0000122,PUR000066,P0010,4,2200.0,8800.0
ITEM0000123,PUR000067,P0012,1,850.0,850.0
ITEM0000124,PUR000067,P0018,5,550.0,2750.0
ITEM0000125,PUR000068,P0004,2,12500.0,25000.0
ITEM0000126,PUR000068,P0017,1,18500.0,18500.0
ITEM0000127,PUR000069,P0012,6,850.0,5100.0
ITEM0000128,PUR000070,P0017,1,18500.0,18500.0
ITEM0000129,PUR000071,P0005,1,4500.0,4500.0
ITEM0000130,PUR000072,P0014,4,650.0,2600.0
ITEM0000131,PUR000073,P0007,4,1800.0,7200.0
ITEM0000132,PUR000073,P0015,5,1200.0,6000.0
ITEM0000133,PUR000074,P0005,4,4500.0,18000.0
ITEM0000134,PUR000074,P0016,6,450.0,2700.0
ITEM0000135,PUR000075,P0002,2,85000.0,170000.0
ITEM0000136,PUR000076,P0003,2,32000.0,64000.0
ITEM0000137,PUR000077,P0006,1,2800.0,2800.0
ITEM0000138,PUR000077,P0003,1,32000.0,32000.0
ITEM0000139,PUR000078,P0017,1,18500.0,18500.0
ITEM0000140,PUR000079,P0012,6,850.0,5100.0
ITEM0000141,PUR000079,P0008,5,4200.0,21000.0
ITEM0000142,PUR000080,P0010,4,2200.0,8800.0
ITEM0000143,PUR000081,P0008,4,4200.0,16800.0
ITEM0000144,PUR000082,P0003,2,32000.0,64000.0
ITEM0000145,PUR000083,P0004,1,12500.0,12500.0
ITEM0000146,PUR000084,P0010,3,2200.0,6600.0
ITEM0000147,PUR000084,P0009,3,1900.0,5700.0
ITEM0000148,PUR000084,P0018,5,550.0,2750.0
ITEM0000149,PUR000084,P0007,4,1800.0,7200.0
ITEM0000150,PUR000085,P0006,1,2800.0,2800.0
ITEM0000151,PUR000085,P0004,3,12500.0,37500.0
ITEM0000152,PUR000085,P0007,4,1800.0,7200.0
ITEM0000153,PUR000085,P0005,3,4500.0,13500.0
ITEM0000154,PUR000086,P0007,1,1800.0,1800.0
ITEM0000155,PUR000087,P0008,2,4200.0,8400.0
ITEM0000156,PUR000088,P0019,5,1250.0,6250.0
ITEM0000157,PUR000088,P0005,1,4500.0,4500.0
ITEM0000158,PUR000088,P0012,3,850.0,2550.0
ITEM0000159,PUR000089,P0017,1,18500.0,18500.0
ITEM0000160,PUR000090,P0011,3,4500.0,13500.0
ITEM0000161,PUR000090,P0007,1,1800.0,1800.0
ITEM0000162,PUR000091,P0004,3,12500.0,37500.0
ITEM0000163,PUR000091,P0005,4,4500.0,18000.0
ITEM0000164,PUR000092,P0015,2,1200.0,2400.0
ITEM0000165,PUR000093,P0011,3,4500.0,13500.0
ITEM0000166,PUR000094,P0006,2,2800.0,5600.0
ITEM0000167,PUR000095,P0002,2,85000.0,170000.0
ITEM0000168,PUR000096,P0013,2,14500.0,29000.0
ITEM0000169,PUR000096,P0017,2,18500.0,37000.0
ITEM0000170,PUR000097,P0001,1,65000.0,65000.0
ITEM0000171,PUR000097,P0017,2,18500.0,37000.0
ITEM0000172,PUR000098,P0005,2,4500.0,9000.0
ITEM0000173,PUR000098,P0017,2,18500.0,37000.0
ITEM0000174,PUR000098,P0006,1,2800.0,2800.0
ITEM0000175,PUR000099,P0017,1,18500.0,18500.0
ITEM0000176,PUR000099,P0002,1,85000.0,85000.0
ITEM0000177,PUR000100,P0015,5,1200.0,6000.0
ITEM0000178,PUR000100,P0012,1,850.0,850.0
ITEM0000179,PUR000100,P0005,2,4500.0,9000.0
ITEM0000180,PUR000101,P0001,1,65000.0,65000.0
ITEM0000181,PUR000101,P0002,1,85000.0,85000.0
ITEM0000182,PUR000101,P0003,2,32000.0,64000.0
ITEM0000183,PUR000102,P0015,5,1200.0,6000.0
ITEM0000184,PUR000102,P0010,3,2200.0,6600.0
ITEM0000185,PUR000102,P0008,2,4200.0,8400.0
ITEM0000186,PUR000103,P0006,3,2800.0,8400.0
ITEM0000187,PUR000104,P0017,1,18500.0,18500.0
ITEM0000188,PUR000104,P0011,3,4500.0,13500.0
ITEM0000189,PUR000104,P0004,1,12500.0,12500.0
ITEM0000190,PUR000104,P0003,3,32000.0,96000.0
ITEM0000191,PUR000105,P0014,5,650.0,3250.0
ITEM0000192,PUR000106,P0019,1,1250.0,1250.0
ITEM0000193,PUR000106,P0006,2,2800.0,5600.0
ITEM0000194,PUR000107,P0002,2,85000.0,170000.0
ITEM0000195,PUR000107,P0013,2,14500.0,29000.0
ITEM0000196,PUR000107,P0001,2,65000.0,130000.0
ITEM0000197,PUR000108,P0005,2,4500.0,9000.0
ITEM0000198,PUR000108,P0009,1,1900.0,1900.0
ITEM0000199,PUR000109,P0004,2,12500.0,25000.0
ITEM0000200,PUR000110,P0006,3,2800.0,8400.0
ITEM0000201,PUR000110,P0011,2,4500.0,9000.0
ITEM0000202,PUR000111,P0007,4,1800.0,7200.0
ITEM0000203,PUR000111,P0014,1,650.0,650.0
ITEM0000204,PUR000111,P0019,5,1250.0,6250.0
ITEM0000205,PUR000111,P0015,1,1200.0,1200.0
ITEM0000206,PUR000112,P0010,2,2200.0,4400.0
ITEM0000207,PUR000113,P0018,6,550.0,3300.0
ITEM0000208,PUR000113,P0012,3,850.0,2550.0
ITEM0000209,PUR000113,P0008,1,4200.0,4200.0
ITEM0000210,PUR000114,P0005,1,4500.0,4500.0
ITEM0000211,PUR000115,P0017,1,18500.0,18500.0
ITEM0000212,PUR000116,P0001,1,65000.0,65000.0
ITEM0000213,PUR000116,P0013,1,14500.0,14500.0
ITEM0000214,PUR000117,P0015,1,1200.0,1200.0
ITEM0000215,PUR000118,P0006,1,2800.0,2800.0
ITEM0000216,PUR000119,P0013,2,14500.0,29000.0
ITEM0000217,PUR000120,P0009,1,1900.0,1900.0
ITEM0000218,PUR000121,P0001,1,65000.0,65000.0
ITEM0000219,PUR000122,P0017,2,18500.0,37000.0
ITEM0000220,PUR000122,P0001,1,65000.0,65000.0
ITEM0000221,PUR000123,P0012,3,850.0,2550.0
ITEM0000222,PUR000123,P0010,3,2200.0,6600.0
ITEM0000223,PUR000124,P0007,3,1800.0,5400.0
ITEM0000224,PUR000124,P0012,6,850.0,5100.0
ITEM0000225,PUR000124,P0011,1,4500.0,4500.0
ITEM0000226,PUR000125,P0017,2,18500.0,37000.0
ITEM0000227,PUR000125,P0003,3,32000.0,96000.0
ITEM0000228,PUR000126,P0002,2,85000.0,170000.0
ITEM0000229,PUR000126,P0013,1,14500.0,14500.0
ITEM0000230,PUR000127,P0011,3,4500.0,13500.0
ITEM0000231,PUR000127,P0006,3,2800.0,8400.0
ITEM0000232,PUR000127,P0005,1,4500.0,4500.0
ITEM0000233,PUR000128,P0018,1,550.0,550.0
ITEM0000234,PUR000128,P0009,3,1900.0,5700.0
ITEM0000235,PUR000129,P0019,3,1250.0,3750.0
ITEM0000236,PUR000130,P0018,3,550.0,1650.0
ITEM0000237,PUR000131,P0003,3,32000.0,96000.0
ITEM0000238,PUR000132,P0019,5,1250.0,6250.0
ITEM0000239,PUR000132,P0005,4,4500.0,18000.0
ITEM0000240,PUR000133,P0014,7,650.0,4550.0
ITEM0000241,PUR000134,P0004,2,12500.0,25000.0
ITEM0000242,PUR000134,P0005,4,4500.0,18000.0
ITEM0000243,PUR000135,P0013,1,14500.0,14500.0
ITEM0000244,PUR000136,P0003,3,32000.0,96000.0
ITEM0000245,PUR000136,P0017,1,18500.0,18500.0
ITEM0000246,PUR000136,P0002,2,85000.0,170000.0
ITEM0000247,PUR000136,P0013,2,14500.0,29000.0
ITEM0000248,PUR000137,P0005,2,4500.0,9000.0
ITEM0000249,PUR000137,P0019,4,1250.0,5000.0
ITEM0000250,PUR000137,P0017,1,18500.0,18500.0
ITEM0000251,PUR000138,P0003,2,32000.0,64000.0
ITEM0000252,PUR000139,P0020,1,499.0,499.0
ITEM0000253,PUR000139,P0012,6,850.0,5100.0
ITEM0000254,PUR000139,P0014,6,650.0,3900.0
ITEM0000255,PUR000140,P0005,3,4500.0,13500.0
ITEM0000256,PUR000140,P0013,2,14500.0,29000.0
ITEM0000257,PUR000141,P0003,2,32000.0,64000.0
ITEM0000258,PUR000142,P0003,1,32000.0,32000.0
ITEM0000259,PUR000142,P0013,1,14500.0,14500.0
ITEM0000260,PUR000142,P0002,2,85000.0,170000.0
ITEM0000261,PUR000142,P0001,1,65000.0,65000.0
ITEM0000262,PUR000143,P0002,1,85000.0,85000.0
ITEM0000263,PUR000143,P0003,1,32000.0,32000.0
ITEM0000264,PUR000143,P0001,1,65000.0,65000.0
ITEM0000265,PUR000144,P0013,1,14500.0,14500.0
ITEM0000266,PUR000145,P0011,1,4500.0,4500.0
ITEM0000267,PUR000146,P0012,1,850.0,850.0
ITEM0000268,PUR000146,P0008,3,4200.0,12600.0
ITEM0000269,PUR000146,P0020,3,499.0,1497.0
ITEM0000270,PUR000147,P0007,5,1800.0,9000.0
ITEM0000271,PUR000148,P0011,3,4500.0,13500.0
ITEM0000272,PUR000148,P0008,4,4200.0,16800.0
ITEM0000273,PUR000149,P0006,2,2800.0,5600.0
ITEM0000274,PUR000150,P0006,4,2800.0,11200.0
ITEM0000275,PUR000150,P0005,4,4500.0,18000.0
ITEM0000276,PUR000151,P0011,3,4500.0,13500.0
ITEM0000277,PUR000151,P0012,1,850.0,850.0
ITEM0000278,PUR000151,P0007,2,1800.0,3600.0
ITEM0000279,PUR000152,P0020,5,499.0,2495.0
ITEM0000280,PUR000152,P0019,3,1250.0,3750.0
ITEM0000281,PUR000152,P0005,3,4500.0,13500.0
ITEM0000282,PUR000153,P0004,2,12500.0,25000.0
ITEM0000283,PUR000154,P0003,3,32000.0,96000.0
ITEM0000284,PUR000155,P0019,3,1250.0,3750.0
ITEM0000285,PUR000155,P0011,3,4500.0,13500.0
ITEM0000286,PUR000156,P0005,4,4500.0,18000.0
ITEM0000287,PUR000157,P0007,3,1800.0,5400.0
ITEM0000288,PUR000157,P0015,2,1200.0,2400.0
ITEM0000289,PUR000158,P0011,2,4500.0,9000.0
ITEM0000290,PUR000159,P0011,2,4500.0,9000.0
ITEM0000291,PUR000159,P0009,4,1900.0,7600.0
ITEM0000292,PUR000160,P0011,1,4500.0,4500.0
ITEM0000293,PUR000161,P0008,1,4200.0,4200.0
ITEM0000294,PUR000162,P0005,3,4500.0,13500.0
ITEM0000295,PUR000163,P0007,4,1800.0,7200.0
ITEM0000296,PUR000163,P0005,2,4500.0,9000.0
ITEM0000297,PUR000163,P0016,9,450.0,4050.0
ITEM0000298,PUR000163,P0004,3,12500.0,37500.0
ITEM0000299,PUR000164,P0017,2,18500.0,37000.0
ITEM0000300,PUR000165,P0014,5,650.0,3250.0
ITEM0000301,PUR000165,P0005,2,4500.0,9000.0
ITEM0000302,PUR000165,P0019,2,1250.0,2500.0
ITEM0000303,PUR000166,P0011,3,4500.0,13500.0
ITEM0000304,PUR000166,P0006,1,2800.0,2800.0
ITEM0000305,PUR000167,P0011,3,4500.0,13500.0
ITEM0000306,PUR000168,P0020,5,499.0,2495.0
ITEM0000307,PUR000169,P0011,1,4500.0,4500.0
ITEM0000308,PUR000170,P0007,1,1800.0,1800.0
ITEM0000309,PUR000170,P0014,7,650.0,4550.0
ITEM0000310,PUR000170,P0012,1,850.0,850.0
ITEM0000311,PUR000171,P0005,4,4500.0,18000.0
ITEM0000312,PUR000171,P0008,2,4200.0,8400.0
ITEM0000313,PUR000172,P0011,3,4500.0,13500.0
ITEM0000314,PUR000172,P0017,1,18500.0,18500.0
ITEM0000315,PUR000172,P0005,3,4500.0,13500.0
ITEM0000316,PUR000173,P0011,3,4500.0,13500.0
ITEM0000317,PUR000174,P0005,4,4500.0,18000.0
ITEM0000318,PUR000175,P0017,1,18500.0,18500.0
ITEM0000319,PUR000175,P0006,2,2800.0,5600.0
ITEM0000320,PUR000176,P0005,4,4500.0,18000.0
ITEM0000321,PUR000176,P0002,1,85000.0,85000.0
ITEM0000322,PUR000176,P0009,3,1900.0,5700.0
ITEM0000323,PUR000176,P0013,1,14500.0,14500.0
ITEM0000324,PUR000177,P0001,1,65000.0,65000.0
ITEM0000325,PUR000177,P0003,1,32000.0,32000.0
ITEM0000326,PUR000178,P0013,1,14500.0,14500.0
ITEM0000327,PUR000179,P0010,4,2200.0,8800.0
ITEM0000328,PUR000180,P0002,2,85000.0,170000.0
ITEM0000329,PUR000181,P0004,3,12500.0,37500.0
ITEM0000330,PUR000182,P0008,5,4200.0,21000.0
ITEM0000331,PUR000183,P0003,3,32000.0,96000.0
ITEM0000332,PUR000184,P0009,2,1900.0,3800.0
ITEM0000333,PUR000185,P0008,1,4200.0,4200.0
ITEM0000334,PUR000185,P0003,1,32000.0,32000.0
ITEM0000335,PUR000186,P0019,1,1250.0,1250.0
ITEM0000336,PUR000186,P0018,7,550.0,3850.0
ITEM0000337,PUR000187,P0017,2,18500.0,37000.0
ITEM0000338,PUR000187,P0004,1,12500.0,12500.0
ITEM0000339,PUR000188,P0018,1,550.0,550.0
ITEM0000340,PUR000189,P0016,8,450.0,3600.0
ITEM0000341,PUR000190,P0010,4,2200.0,8800.0
ITEM0000342,PUR000190,P0015,3,1200.0,3600.0
ITEM0000343,PUR000191,P0008,4,4200.0,16800.0
ITEM0000344,PUR000191,P0004,1,12500.0,12500.0
ITEM0000345,PUR000191,P0005,3,4500.0,13500.0
ITEM0000346,PUR000192,P0008,3,4200.0,12600.0
ITEM0000347,PUR000192,P0004,2,12500.0,25000.0
ITEM0000348,PUR000192,P0011,2,4500.0,9000.0
ITEM0000349,PUR000193,P0009,2,1900.0,3800.0
ITEM0000350,PUR000193,P0011,3,4500.0,13500.0
ITEM0000351,PUR000194,P0019,2,1250.0,2500.0
ITEM0000352,PUR000195,P0004,3,12500.0,37500.0
ITEM0000353,PUR000196,P0015,3,1200.0,3600.0
ITEM0000354,PUR000197,P0005,4,4500.0,18000.0
ITEM0000355,PUR000198,P0003,2,32000.0,64000.0
ITEM0000356,PUR000198,P0002,2,85000.0,170000.0
ITEM0000357,PUR000199,P0004,2,12500.0,25000.0
ITEM0000358,PUR000200,P0007,5,1800.0,9000.0
ITEM0000359,PUR000200,P0016,2,450.0,900.0
ITEM0000360,PUR000201,P0019,3,1250.0,3750.0
ITEM0000361,PUR000201,P0020,3,499.0,1497.0
ITEM0000362,PUR000202,P0014,8,650.0,5200.0
ITEM0000363,PUR000202,P0004,3,12500.0,37500.0
ITEM0000364,PUR000203,P0006,3,2800.0,8400.0
ITEM0000365,PUR000204,P0004,3,12500.0,37500.0
ITEM0000366,PUR000204,P0008,1,4200.0,4200.0
ITEM0000367,PUR000204,P0013,2,14500.0,29000.0
ITEM0000368,PUR000205,P0017,1,18500.0,18500.0
ITEM0000369,PUR000205,P0013,1,14500.0,14500.0
ITEM0000370,PUR000206,P0005,3,4500.0,13500.0
ITEM0000371,PUR000206,P0003,3,32000.0,96000.0
ITEM0000372,PUR000207,P0019,5,1250.0,6250.0
ITEM0000373,PUR000207,P0003,1,32000.0,32000.0
ITEM0000374,PUR000207,P0005,3,4500.0,13500.0
ITEM0000375,PUR000207,P0006,4,2800.0,11200.0
ITEM0000376,PUR000208,P0019,1,1250.0,1250.0
ITEM0000377,PUR000209,P0001,1,65000.0,65000.0
ITEM0000378,PUR000210,P0003,1,32000.0,32000.0
ITEM0000379,PUR000210,P0017,2,18500.0,37000.0
ITEM0000380,PUR000210,P0002,2,85000.0,170000.0
ITEM0000381,PUR000211,P0003,1,32000.0,32000.0
ITEM0000382,PUR000211,P0011,3,4500.0,13500.0
ITEM0000383,PUR000211,P0004,3,12500.0,37500.0
ITEM0000384,PUR000212,P0005,3,4500.0,13500.0
ITEM0000385,PUR000213,P0003,3,32000.0,96000.0
ITEM0000386,PUR000213,P0017,1,18500.0,18500.0
ITEM0000387,PUR000214,P0008,1,4200.0,4200.0
ITEM0000388,PUR000214,P0005,2,4500.0,9000.0
ITEM0000389,PUR000215,P0019,1,1250.0,1250.0
ITEM0000390,PUR000215,P0003,2,32000.0,64000.0
ITEM0000391,PUR000216,P0008,2,4200.0,8400.0
ITEM0000392,PUR000216,P0014,1,650.0,650.0
ITEM0000393,PUR000216,P0011,3,4500.0,13500.0
ITEM0000394,PUR000217,P0004,2,12500.0,25000.0
ITEM0000395,PUR000218,P0017,1,18500.0,18500.0
ITEM0000396,PUR000219,P0017,1,18500.0,18500.0
ITEM0000397,PUR000220,P0005,2,4500.0,9000.0
ITEM0000398,PUR000221,P0006,1,2800.0,2800.0
ITEM0000399,PUR000221,P0018,3,550.0,1650.0
ITEM0000400,PUR000222,P0014,5,650.0,3250.0
ITEM0000401,PUR000223,P0004,2,12500.0,25000.0
ITEM0000402,PUR000224,P0001,2,65000.0,130000.0
ITEM0000403,PUR000225,P0015,4,1200.0,4800.0
ITEM0000404,PUR000225,P0009,4,1900.0,7600.0
ITEM0000405,PUR000226,P0002,2,85000.0,170000.0
ITEM0000406,PUR000226,P0001,2,65000.0,130000.0
ITEM0000407,PUR000226,P0003,3,32000.0,96000.0
ITEM0000408,PUR000227,P0007,1,1800.0,1800.0
ITEM0000409,PUR000228,P0008,4,4200.0,16800.0
ITEM0000410,PUR000229,P0008,3,4200.0,12600.0
ITEM0000411,PUR000230,P0013,1,14500.0,14500.0
ITEM0000412,PUR000231,P0017,1,18500.0,18500.0
ITEM0000413,PUR000231,P0013,1,14500.0,14500.0
ITEM0000414,PUR000232,P0011,3,4500.0,13500.0
ITEM0000415,PUR000233,P0011,3,4500.0,13500.0
ITEM0000416,PUR000233,P0008,1,4200.0,4200.0
ITEM0000417,PUR000234,P0006,1,2800.0,2800.0
ITEM0000418,PUR000234,P0015,4,1200.0,4800.0
ITEM0000419,PUR000235,P0014,3,650.0,1950.0
ITEM0000420,PUR000236,P0003,3,32000.0,96000.0
ITEM0000421,PUR000237,P0019,5,1250.0,6250.0
ITEM0000422,PUR000237,P0017,2,18500.0,37000.0
ITEM0000423,PUR000238,P0008,4,4200.0,16800.0
ITEM0000424,PUR000238,P0004,1,12500.0,12500.0
ITEM0000425,PUR000239,P0005,2,4500.0,9000.0
ITEM0000426,PUR000240,P0013,2,14500.0,29000.0
ITEM0000427,PUR000240,P0003,3,32000.0,96000.0
ITEM0000428,PUR000240,P0004,2,12500.0,25000.0
ITEM0000429,PUR000241,P0006,3,2800.0,8400.0
ITEM0000430,PUR000242,P0017,1,18500.0,18500.0
ITEM0000431,PUR000242,P0002,2,85000.0,170000.0
ITEM0000432,PUR000242,P0003,3,32000.0,96000.0
ITEM0000433,PUR000243,P0002,2,85000.0,170000.0
ITEM0000434,PUR000243,P0001,1,65000.0,65000.0
ITEM0000435,PUR000244,P0008,2,4200.0,8400.0
ITEM0000436,PUR000245,P0001,2,65000.0,130000.0
ITEM0000437,PUR000245,P0013,1,14500.0,14500.0
ITEM0000438,PUR000246,P0005,3,4500.0,13500.0
ITEM0000439,PUR000246,P0011,3,4500.0,13500.0
ITEM0000440,PUR000246,P0019,1,1250.0,1250.0
ITEM0000441,PUR000247,P0012,4,850.0,3400.0
ITEM0000442,PUR000248,P0004,1,12500.0,12500.0
ITEM0000443,PUR000249,P0004,3,12500.0,37500.0
ITEM0000444,PUR000250,P0004,1,12500.0,12500.0
ITEM0000445,PUR000250,P0008,1,4200.0,4200.0
ITEM0000446,PUR000251,P0010,2,2200.0,4400.0
ITEM0000447,PUR000251,P0014,6,650.0,3900.0
ITEM0000448,PUR000252,P0019,4,1250.0,5000.0
ITEM0000449,PUR000252,P0011,3,4500.0,13500.0
ITEM0000450,PUR000253,P0008,1,4200.0,4200.0
ITEM0000451,PUR000254,P0003,2,32000.0,64000.0
ITEM0000452,PUR000254,P0001,1,65000.0,65000.0
ITEM0000453,PUR000255,P0016,4,450.0,1800.0
ITEM0000454,PUR000255,P0019,3,1250.0,3750.0
ITEM0000455,PUR000256,P0007,5,1800.0,9000.0
ITEM0000456,PUR000257,P0019,3,1250.0,3750.0
ITEM0000457,PUR000257,P0011,1,4500.0,4500.0
ITEM0000458,PUR000258,P0016,8,450.0,3600.0
ITEM0000459,PUR000259,P0020,3,499.0,1497.0
ITEM0000460,PUR000259,P0019,4,1250.0,5000.0
ITEM0000461,PUR000260,P0005,3,4500.0,13500.0
ITEM0000462,PUR000260,P0004,1,12500.0,12500.0
ITEM0000463,PUR000261,P0019,4,1250.0,5000.0
ITEM0000464,PUR000262,P0010,2,2200.0,4400.0
ITEM0000465,PUR000262,P0009,4,1900.0,7600.0
ITEM0000466,PUR000262,P0015,5,1200.0,6000.0
ITEM0000467,PUR000263,P0005,3,4500.0,13500.0
ITEM0000468,PUR000263,P0012,2,850.0,1700.0
ITEM0000469,PUR000264,P0010,5,2200.0,11000.0
ITEM0000470,PUR000265,P0004,3,12500.0,37500.0
ITEM0000471,PUR000266,P0003,3,32000.0,96000.0
ITEM0000472,PUR000267,P0011,1,4500.0,4500.0
ITEM0000473,PUR000267,P0019,5,1250.0,6250.0
ITEM0000474,PUR000268,P0007,4,1800.0,7200.0
ITEM0000475,PUR000268,P0008,2,4200.0,8400.0
ITEM0000476,PUR000268,P0019,4,1250.0,5000.0
ITEM0000477,PUR000269,P0008,5,4200.0,21000.0
ITEM0000478,PUR000269,P0003,3,32000.0,96000.0
ITEM0000479,PUR000270,P0013,1,14500.0,14500.0
ITEM0000480,PUR000271,P0004,2,12500.0,25000.0
ITEM0000481,PUR000271,P0006,1,2800.0,2800.0
ITEM0000482,PUR000271,P0015,1,1200.0,1200.0
ITEM0000483,PUR000271,P0020,3,499.0,1497.0
ITEM0000484,PUR000272,P0007,2,1800.0,3600.0
ITEM0000485,PUR000273,P0007,3,1800.0,5400.0
ITEM0000486,PUR000274,P0006,4,2800.0,11200.0
ITEM0000487,PUR000274,P0005,3,4500.0,13500.0
ITEM0000488,PUR000275,P0006,1,2800.0,2800.0
ITEM0000489,PUR000275,P0017,2,18500.0,37000.0
ITEM0000490,PUR000275,P0019,3,1250.0,3750.0
ITEM0000491,PUR000275,P0004,1,12500.0,12500.0
ITEM0000492,PUR000276,P0011,2,4500.0,9000.0
ITEM0000493,PUR000276,P0005,3,4500.0,13500.0
ITEM0000494,PUR000277,P0004,1,12500.0,12500.0
ITEM0000495,PUR000277,P0019,2,1250.0,2500.0
ITEM0000496,PUR000278,P0006,1,2800.0,2800.0
ITEM0000497,PUR000279,P0020,3,499.0,1497.0
ITEM0000498,PUR000279,P0012,3,850.0,2550.0
ITEM0000499,PUR000280,P0020,1,499.0,499.0
ITEM0000500,PUR000280,P0009,4,1900.0,7600.0
ITEM0000501,PUR000280,P0014,7,650.0,4550.0
ITEM0000502,PUR000281,P0006,3,2800.0,8400.0
ITEM0000503,PUR000281,P0003,1,32000.0,32000.0
ITEM0000504,PUR000281,P0008,3,4200.0,12600.0
ITEM0000505,PUR000282,P0019,5,1250.0,6250.0
ITEM0000506,PUR000282,P0020,2,499.0,998.0
ITEM0000507,PUR000283,P0008,4,4200.0,16800.0
ITEM0000508,PUR000284,P0004,3,12500.0,37500.0
ITEM0000509,PUR000284,P0019,2,1250.0,2500.0
ITEM0000510,PUR000284,P0017,2,18500.0,37000.0
ITEM0000511,PUR000285,P0008,2,4200.0,8400.0
ITEM0000512,PUR000286,P0018,6,550.0,3300.0
ITEM0000513,PUR000286,P0008,4,4200.0,16800.0
ITEM0000514,PUR000287,P0013,1,14500.0,14500.0
ITEM0000515,PUR000288,P0004,3,12500.0,37500.0
ITEM0000516,PUR000288,P0008,2,4200.0,8400.0
ITEM0000517,PUR000289,P0016,1,450.0,450.0
ITEM0000518,PUR000290,P0003,1,32000.0,32000.0
ITEM0000519,PUR000291,P0006,2,2800.0,5600.0
ITEM0000520,PUR000291,P0004,3,12500.0,37500.0
ITEM0000521,PUR000292,P0012,2,850.0,1700.0
ITEM0000522,PUR000292,P0010,3,2200.0,6600.0
ITEM0000523,PUR000293,P0007,1,1800.0,1800.0
ITEM0000524,PUR000293,P0008,1,4200.0,4200.0
ITEM0000525,PUR000293,P0011,2,4500.0,9000.0
ITEM0000526,PUR000294,P0013,2,14500.0,29000.0
ITEM0000527,PUR000295,P0004,1,12500.0,12500.0
ITEM0000528,PUR000295,P0015,3,1200.0,3600.0
ITEM0000529,PUR000296,P0017,2,18500.0,37000.0
ITEM0000530,PUR000297,P0005,2,4500.0,9000.0
ITEM0000531,PUR000297,P0017,2,18500.0,37000.0
ITEM0000532,PUR000297,P0013,2,14500.0,29000.0
ITEM0000533,PUR000297,P0004,1,12500.0,12500.0
ITEM0000534,PUR000298,P0016,2,450.0,900.0
ITEM0000535,PUR000298,P0004,3,12500.0,37500.0
ITEM0000536,PUR000299,P0018,8,550.0,4400.0
ITEM0000537,PUR000300,P0008,3,4200.0,12600.0
ITEM0000538,PUR000301,P0008,2,4200.0,8400.0
ITEM0000539,PUR000301,P0018,2,550.0,1100.0
ITEM0000540,PUR000302,P0019,1,1250.0,1250.0
ITEM0000541,PUR000302,P0013,2,14500.0,29000.0
ITEM0000542,PUR000303,P0020,2,499.0,998.0
ITEM0000543,PUR000303,P0011,1,4500.0,4500.0
ITEM0000544,PUR000304,P0012,6,850.0,5100.0
ITEM0000545,PUR000304,P0019,5,1250.0,6250.0
ITEM0000546,PUR000304,P0005,2,4500.0,9000.0
ITEM0000547,PUR000305,P0013,2,14500.0,29000.0
ITEM0000548,PUR000306,P0012,6,850.0,5100.0
ITEM0000549,PUR000306,P0015,5,1200.0,6000.0
ITEM0000550,PUR000307,P0003,1,32000.0,32000.0
ITEM0000551,PUR000308,P0013,2,14500.0,29000.0
ITEM0000552,PUR000308,P0003,1,32000.0,32000.0
ITEM0000553,PUR000309,P0006,4,2800.0,11200.0
ITEM0000554,PUR000310,P0005,1,4500.0,4500.0
ITEM0000555,PUR000310,P0019,4,1250.0,5000.0
ITEM0000556,PUR000311,P0006,2,2800.0,5600.0
ITEM0000557,PUR000311,P0019,5,1250.0,6250.0
ITEM0000558,PUR000312,P0004,3,12500.0,37500.0
ITEM0000559,PUR000313,P0013,2,14500.0,29000.0
ITEM0000560,PUR000314,P0001,2,65000.0,130000.0
ITEM0000561,PUR000315,P0008,1,4200.0,4200.0
ITEM0000562,PUR000316,P0005,2,4500.0,9000.0
ITEM0000563,PUR000316,P0014,2,650.0,1300.0
ITEM0000564,PUR000317,P0013,1,14500.0,14500.0
ITEM0000565,PUR000318,P0013,1,14500.0,14500.0
ITEM0000566,PUR000319,P0011,3,4500.0,13500.0
ITEM0000567,PUR000320,P0004,3,12500.0,37500.0
ITEM0000568,PUR000320,P0014,7,650.0,4550.0
ITEM0000569,PUR000320,P0008,5,4200.0,21000.0
ITEM0000570,PUR000321,P0008,5,4200.0,21000.0
ITEM0000571,PUR000322,P0011,2,4500.0,9000.0
ITEM0000572,PUR000323,P0015,2,1200.0,2400.0
ITEM0000573,PUR000324,P0013,2,14500.0,29000.0
ITEM0000574,PUR000324,P0011,3,4500.0,13500.0
ITEM0000575,PUR000324,P0019,3,1250.0,3750.0
ITEM0000576,PUR000325,P0019,1,1250.0,1250.0
ITEM0000577,PUR000325,P0017,1,18500.0,18500.0
ITEM0000578,PUR000326,P0015,2,1200.0,2400.0
ITEM0000579,PUR000327,P0005,1,4500.0,4500.0
ITEM0000580,PUR000327,P0014,8,650.0,5200.0
ITEM0000581,PUR000328,P0018,6,550.0,3300.0
ITEM0000582,PUR000328,P0015,4,1200.0,4800.0
ITEM0000583,PUR000328,P0016,8,450.0,3600.0
ITEM0000584,PUR000329,P0019,3,1250.0,3750.0
ITEM0000585,PUR000330,P0005,3,4500.0,13500.0
ITEM0000586,PUR000330,P0019,2,1250.0,2500.0
ITEM0000587,PUR000331,P0013,2,14500.0,29000.0
ITEM0000588,PUR000332,P0009,4,1900.0,7600.0
ITEM0000589,PUR000332,P0007,1,1800.0,1800.0
ITEM0000590,PUR000333,P0004,3,12500.0,37500.0
ITEM0000591,PUR000334,P0003,2,32000.0,64000.0
ITEM0000592,PUR000334,P0002,2,85000.0,170000.0
ITEM0000593,PUR000334,P0001,1,65000.0,65000.0
ITEM0000594,PUR000334,P0013,1,14500.0,14500.0
ITEM0000595,PUR000335,P0001,2,65000.0,130000.0
ITEM0000596,PUR000335,P0002,2,85000.0,170000.0
ITEM0000597,PUR000336,P0004,1,12500.0,12500.0
ITEM0000598,PUR000337,P0005,3,4500.0,13500.0
ITEM0000599,PUR000338,P0011,1,4500.0,4500.0
ITEM0000600,PUR000339,P0019,4,1250.0,5000.0
ITEM0000601,PUR000340,P0004,1,12500.0,12500.0
ITEM0000602,PUR000341,P0004,1,12500.0,12500.0
ITEM0000603,PUR000342,P0020,1,499.0,499.0
ITEM0000604,PUR000343,P0004,1,12500.0,12500.0
ITEM0000605,PUR000343,P0005,1,4500.0,4500.0
ITEM0000606,PUR000344,P0005,1,4500.0,4500.0
ITEM0000607,PUR000345,P0004,2,12500.0,25000.0
ITEM0000608,PUR000346,P0013,2,14500.0,29000.0
ITEM0000609,PUR000346,P0001,1,65000.0,65000.0
ITEM0000610,PUR000347,P0013,1,14500.0,14500.0
ITEM0000611,PUR000348,P0019,5,1250.0,6250.0
ITEM0000612,PUR000349,P0017,1,18500.0,18500.0
ITEM0000613,PUR000350,P0011,2,4500.0,9000.0
ITEM0000614,PUR000350,P0003,2,32000.0,64000.0
ITEM0000615,PUR000350,P0006,3,2800.0,8400.0
ITEM0000616,PUR000351,P0008,1,4200.0,4200.0
ITEM0000617,PUR000352,P0011,1,4500.0,4500.0
ITEM0000618,PUR000353,P0009,2,1900.0,3800.0
ITEM0000619,PUR000354,P0003,2,32000.0,64000.0
ITEM0000620,PUR000354,P0013,2,14500.0,29000.0
ITEM0000621,PUR000355,P0001,1,65000.0,65000.0
ITEM0000622,PUR000356,P0006,3,2800.0,8400.0
ITEM0000623,PUR000357,P0004,2,12500.0,25000.0
ITEM0000624,PUR000358,P0006,4,2800.0,11200.0
ITEM0000625,PUR000359,P0006,3,2800.0,8400.0
ITEM0000626,PUR000360,P0006,2,2800.0,5600.0
ITEM0000627,PUR000361,P0019,2,1250.0,2500.0
ITEM0000628,PUR000361,P0014,6,650.0,3900.0
ITEM0000629,PUR000362,P0003,2,32000.0,64000.0
ITEM0000630,PUR000362,P0019,5,1250.0,6250.0
ITEM0000631,PUR000362,P0005,2,4500.0,9000.0
ITEM0000632,PUR000362,P0006,2,2800.0,5600.0
ITEM0000633,PUR000363,P0002,2,85000.0,170000.0
ITEM0000634,PUR000364,P0006,1,2800.0,2800.0
ITEM0000635,PUR000365,P0004,3,12500.0,37500.0
ITEM0000636,PUR000365,P0005,2,4500.0,9000.0
ITEM0000637,PUR000366,P0006,1,2800.0,2800.0
ITEM0000638,PUR000367,P0012,4,850.0,3400.0
ITEM0000639,PUR000367,P0019,3,1250.0,3750.0
ITEM0000640,PUR000367,P0018,5,550.0,2750.0
ITEM0000641,PUR000367,P0009,1,1900.0,1900.0
ITEM0000642,PUR000368,P0003,3,32000.0,96000.0
ITEM0000643,PUR000369,P0003,1,32000.0,32000.0
ITEM0000644,PUR000370,P0009,3,1900.0,5700.0
ITEM0000645,PUR000371,P0017,2,18500.0,37000.0
ITEM0000646,PUR000371,P0013,1,14500.0,14500.0
ITEM0000647,PUR000372,P0019,5,1250.0,6250.0
ITEM0000648,PUR000373,P0011,3,4500.0,13500.0
ITEM0000649,PUR000373,P0018,8,550.0,4400.0
ITEM0000650,PUR000374,P0017,1,18500.0,18500.0
ITEM0000651,PUR000374,P0001,1,65000.0,65000.0
ITEM0000652,PUR000375,P0006,3,2800.0,8400.0
ITEM0000653,PUR000375,P0007,3,1800.0,5400.0
ITEM0000654,PUR000376,P0017,1,18500.0,18500.0
ITEM0000655,PUR000376,P0003,3,32000.0,96000.0
ITEM0000656,PUR000377,P0004,1,12500.0,12500.0
ITEM0000657,PUR000377,P0017,1,18500.0,18500.0
ITEM0000658,PUR000378,P0006,1,2800.0,2800.0
ITEM0000659,PUR000379,P0012,6,850.0,5100.0
ITEM0000660,PUR000380,P0008,4,4200.0,16800.0
ITEM0000661,PUR000380,P0003,2,32000.0,64000.0
ITEM0000662,PUR000380,P0006,1,2800.0,2800.0
ITEM0000663,PUR000381,P0019,3,1250.0,3750.0
ITEM0000664,PUR000382,P0001,1,65000.0,65000.0
ITEM0000665,PUR000383,P0005,1,4500.0,4500.0
ITEM0000666,PUR000383,P0011,3,4500.0,13500.0
ITEM0000667,PUR000384,P0014,4,650.0,2600.0
ITEM0000668,PUR000384,P0012,6,850.0,5100.0
ITEM0000669,PUR000385,P0017,2,18500.0,37000.0
ITEM0000670,PUR000386,P0010,5,2200.0,11000.0
ITEM0000671,PUR000387,P0008,4,4200.0,16800.0
ITEM0000672,PUR000388,P0013,1,14500.0,14500.0
ITEM0000673,PUR000389,P0003,1,32000.0,32000.0
ITEM0000674,PUR000390,P0019,4,1250.0,5000.0
ITEM0000675,PUR000390,P0011,1,4500.0,4500.0
ITEM0000676,PUR000391,P0013,1,14500.0,14500.0
ITEM0000677,PUR000392,P0002,2,85000.0,170000.0
ITEM0000678,PUR000392,P0013,1,14500.0,14500.0
ITEM0000679,PUR000393,P0014,5,650.0,3250.0
ITEM0000680,PUR000394,P0007,4,1800.0,7200.0
ITEM0000681,PUR000394,P0004,2,12500.0,25000.0
ITEM0000682,PUR000395,P0012,3,850.0,2550.0
ITEM0000683,PUR000395,P0015,1,1200.0,1200.0
ITEM0000684,PUR000396,P0005,1,4500.0,4500.0
ITEM0000685,PUR000397,P0011,1,4500.0,4500.0
ITEM0000686,PUR000397,P0007,3,1800.0,5400.0
ITEM0000687,PUR000397,P0018,5,550.0,2750.0
ITEM0000688,PUR000397,P0010,2,2200.0,4400.0
ITEM0000689,PUR000398,P0008,1,4200.0,4200.0
ITEM0000690,PUR000398,P0011,3,4500.0,13500.0
ITEM0000691,PUR000398,P0019,2,1250.0,2500.0
ITEM0000692,PUR000399,P0017,1,18500.0,18500.0
ITEM0000693,PUR000399,P0019,2,1250.0,2500.0
ITEM0000694,PUR000400,P0018,7,550.0,3850.0
ITEM0000695,PUR000400,P0012,3,850.0,2550.0
ITEM0000696,PUR000401,P0019,5,1250.0,6250.0
ITEM0000697,PUR000402,P0020,2,499.0,998.0
ITEM0000698,PUR000403,P0017,1,18500.0,18500.0
ITEM0000699,PUR000404,P0015,2,1200.0,2400.0
ITEM0000700,PUR000405,P0003,2,32000.0,64000.0
ITEM0000701,PUR000406,P0007,2,1800.0,3600.0
ITEM0000702,PUR000406,P0005,3,4500.0,13500.0
ITEM0000703,PUR000406,P0018,5,550.0,2750.0
ITEM0000704,PUR000407,P0013,2,14500.0,29000.0
ITEM0000705,PUR000408,P0017,1,18500.0,18500.0
ITEM0000706,PUR000408,P0004,1,12500.0,12500.0
ITEM0000707,PUR000408,P0011,3,4500.0,13500.0
ITEM0000708,PUR000409,P0004,3,12500.0,37500.0
ITEM0000709,PUR000410,P0008,2,4200.0,8400.0
ITEM0000710,PUR000410,P0019,3,1250.0,3750.0
ITEM0000711,PUR000411,P0012,4,850.0,3400.0
ITEM0000712,PUR000411,P0010,4,2200.0,8800.0
ITEM0000713,PUR000411,P0019,3,1250.0,3750.0
ITEM0000714,PUR000412,P0015,5,1200.0,6000.0
ITEM0000715,PUR000412,P0006,3,2800.0,8400.0
ITEM0000716,PUR000412,P0004,1,12500.0,12500.0
ITEM0000717,PUR000412,P0007,2,1800.0,3600.0
ITEM0000718,PUR000413,P0011,1,4500.0,4500.0
ITEM0000719,PUR000414,P0013,2,14500.0,29000.0
ITEM0000720,PUR000414,P0003,1,32000.0,32000.0
ITEM0000721,PUR000414,P0017,2,18500.0,37000.0
ITEM0000722,PUR000415,P0003,2,32000.0,64000.0
ITEM0000723,PUR000416,P0005,3,4500.0,13500.0
ITEM0000724,PUR000416,P0016,3,450.0,1350.0
ITEM0000725,PUR000417,P0017,1,18500.0,18500.0
ITEM0000726,PUR000417,P0003,3,32000.0,96000.0
ITEM0000727,PUR000418,P0020,4,499.0,1996.0
ITEM0000728,PUR000419,P0013,2,14500.0,29000.0
ITEM0000729,PUR000419,P0008,1,4200.0,4200.0
ITEM0000730,PUR000419,P0005,4,4500.0,18000.0
ITEM0000731,PUR000420,P0011,2,4500.0,9000.0
ITEM0000732,PUR000420,P0019,5,1250.0,6250.0
ITEM0000733,PUR000420,P0013,2,14500.0,29000.0
ITEM0000734,PUR000420,P0006,2,2800.0,5600.0
ITEM0000735,PUR000421,P0002,2,85000.0,170000.0
ITEM0000736,PUR000421,P0001,1,65000.0,65000.0
ITEM0000737,PUR000421,P0013,2,14500.0,29000.0
ITEM0000738,PUR000422,P0003,2,32000.0,64000.0
ITEM0000739,PUR000423,P0013,2,14500.0,29000.0
ITEM0000740,PUR000423,P0003,3,32000.0,96000.0
ITEM0000741,PUR000423,P0002,2,85000.0,170000.0
ITEM0000742,PUR000424,P0017,1,18500.0,18500.0
ITEM0000743,PUR000424,P0011,2,4500.0,9000.0
ITEM0000744,PUR000425,P0018,1,550.0,550.0
ITEM0000745,PUR000425,P0019,3,1250.0,3750.0
ITEM0000746,PUR000426,P0018,6,550.0,3300.0
ITEM0000747,PUR000426,P0011,1,4500.0,4500.0
ITEM0000748,PUR000427,P0010,5,2200.0,11000.0
ITEM0000749,PUR000427,P0009,3,1900.0,5700.0
ITEM0000750,PUR000428,P0012,3,850.0,2550.0
ITEM0000751,PUR000428,P0020,3,499.0,1497.0
ITEM0000752,PUR000429,P0010,5,2200.0,11000.0
ITEM0000753,PUR000429,P0011,3,4500.0,13500.0
ITEM0000754,PUR000430,P0012,3,850.0,2550.0
ITEM0000755,PUR000431,P0019,5,1250.0,6250.0
ITEM0000756,PUR000432,P0008,5,4200.0,21000.0
ITEM0000757,PUR000433,P0007,1,1800.0,1800.0
ITEM0000758,PUR000433,P0014,1,650.0,650.0
ITEM0000759,PUR000434,P0005,2,4500.0,9000.0
ITEM0000760,PUR000435,P0013,2,14500.0,29000.0
ITEM0000761,PUR000435,P0003,2,32000.0,64000.0
ITEM0000762,PUR000435,P0001,2,65000.0,130000.0
ITEM0000763,PUR000436,P0007,3,1800.0,5400.0
ITEM0000764,PUR000436,P0005,3,4500.0,13500.0
ITEM0000765,PUR000436,P0004,3,12500.0,37500.0
ITEM0000766,PUR000437,P0013,2,14500.0,29000.0
ITEM0000767,PUR000437,P0004,3,12500.0,37500.0
ITEM0000768,PUR000437,P0011,2,4500.0,9000.0
ITEM0000769,PUR000438,P0017,1,18500.0,18500.0
ITEM0000770,PUR000438,P0006,1,2800.0,2800.0
ITEM0000771,PUR000438,P0013,1,14500.0,14500.0
ITEM0000772,PUR000439,P0012,1,850.0,850.0
ITEM0000773,PUR000439,P0015,2,1200.0,2400.0
ITEM0000774,PUR000439,P0005,1,4500.0,4500.0
ITEM0000775,PUR000440,P0003,3,32000.0,96000.0
ITEM0000776,PUR000440,P0006,2,2800.0,5600.0
ITEM0000777,PUR000440,P0011,1,4500.0,4500.0
ITEM0000778,PUR000440,P0019,1,1250.0,1250.0
ITEM0000779,PUR000441,P0006,2,2800.0,5600.0
ITEM0000780,PUR000442,P0010,1,2200.0,2200.0
ITEM0000781,PUR000442,P0020,4,499.0,1996.0
ITEM0000782,PUR000443,P0006,1,2800.0,2800.0
ITEM0000783,PUR000443,P0003,3,32000.0,96000.0
ITEM0000784,PUR000444,P0019,4,1250.0,5000.0
ITEM0000785,PUR000444,P0005,4,4500.0,18000.0
ITEM0000786,PUR000444,P0018,3,550.0,1650.0
ITEM0000787,PUR000445,P0017,2,18500.0,37000.0
ITEM0000788,PUR000446,P0013,1,14500.0,14500.0
ITEM0000789,PUR000446,P0011,3,4500.0,13500.0
ITEM0000790,PUR000446,P0006,4,2800.0,11200.0
ITEM0000791,PUR000447,P0001,1,65000.0,65000.0
ITEM0000792,PUR000448,P0019,1,1250.0,1250.0
ITEM0000793,PUR000449,P0005,1,4500.0,4500.0
ITEM0000794,PUR000450,P0020,2,499.0,998.0
ITEM0000795,PUR000451,P0002,1,85000.0,85000.0
ITEM0000796,PUR000452,P0012,2,850.0,1700.0
ITEM0000797,PUR000453,P0013,1,14500.0,14500.0
ITEM0000798,PUR000453,P0001,1,65000.0,65000.0
ITEM0000799,PUR000454,P0016,7,450.0,3150.0
ITEM0000800,PUR000455,P0010,3,2200.0,6600.0
ITEM0000801,PUR000455,P0016,3,450.0,1350.0
ITEM0000802,PUR000456,P0002,1,85000.0,85000.0
ITEM0000803,PUR000456,P0013,1,14500.0,14500.0
ITEM0000804,PUR000456,P0003,1,32000.0,32000.0
ITEM0000805,PUR000456,P0017,2,18500.0,37000.0
ITEM0000806,PUR000457,P0006,3,2800.0,8400.0
ITEM0000807,PUR000458,P0010,5,2200.0,11000.0
ITEM0000808,PUR000459,P0003,3,32000.0,96000.0
ITEM0000809,PUR000459,P0002,2,85000.0,170000.0
ITEM0000810,PUR000459,P0001,1,65000.0,65000.0
ITEM0000811,PUR000460,P0019,1,1250.0,1250.0
ITEM0000812,PUR000460,P0015,3,1200.0,3600.0
ITEM0000813,PUR000460,P0006,3,2800.0,8400.0
ITEM0000814,PUR000461,P0005,3,4500.0,13500.0
ITEM0000815,PUR000461,P0011,1,4500.0,4500.0
ITEM0000816,PUR000462,P0016,5,450.0,2250.0
ITEM0000817,PUR000462,P0009,2,1900.0,3800.0
ITEM0000818,PUR000463,P0009,5,1900.0,9500.0
ITEM0000819,PUR000463,P0007,1,1800.0,1800.0
ITEM0000820,PUR000463,P0006,1,2800.0,2800.0
ITEM0000821,PUR000464,P0008,5,4200.0,21000.0
ITEM0000822,PUR000464,P0005,4,4500.0,18000.0
ITEM0000823,PUR000464,P0004,2,12500.0,25000.0
ITEM0000824,PUR000465,P0020,4,499.0,1996.0
ITEM0000825,PUR000465,P0008,3,4200.0,12600.0
ITEM0000826,PUR000465,P0016,9,450.0,4050.0
ITEM0000827,PUR000465,P0018,2,550.0,1100.0
ITEM0000828,PUR000466,P0012,3,850.0,2550.0
ITEM0000829,PUR000467,P0005,2,4500.0,9000.0
ITEM0000830,PUR000467,P0019,5,1250.0,6250.0
ITEM0000831,PUR000468,P0010,2,2200.0,4400.0
ITEM0000832,PUR000468,P0004,2,12500.0,25000.0
ITEM0000833,PUR000469,P0001,1,65000.0,65000.0
ITEM0000834,PUR000469,P0003,1,32000.0,32000.0
ITEM0000835,PUR000469,P0002,1,85000.0,85000.0
ITEM0000836,PUR000470,P0003,1,32000.0,32000.0
ITEM0000837,PUR000470,P0004,3,12500.0,37500.0
ITEM0000838,PUR000470,P0006,2,2800.0,5600.0
ITEM0000839,PUR000470,P0013,2,14500.0,29000.0
ITEM0000840,PUR000471,P0011,2,4500.0,9000.0
ITEM0000841,PUR000471,P0008,4,4200.0,16800.0
ITEM0000842,PUR000471,P0018,6,550.0,3300.0
ITEM0000843,PUR000472,P0018,5,550.0,2750.0
ITEM0000844,PUR000472,P0004,3,12500.0,37500.0
ITEM0000845,PUR000473,P0018,5,550.0,2750.0
ITEM0000846,PUR000473,P0010,4,2200.0,8800.0
ITEM0000847,PUR000474,P0015,3,1200.0,3600.0
ITEM0000848,PUR000474,P0010,5,2200.0,11000.0
ITEM0000849,PUR000474,P0005,2,4500.0,9000.0
ITEM0000850,PUR000475,P0015,1,1200.0,1200.0
ITEM0000851,PUR000476,P0001,2,65000.0,130000.0
ITEM0000852,PUR000476,P0003,2,32000.0,64000.0
ITEM0000853,PUR000477,P0004,3,12500.0,37500.0
ITEM0000854,PUR000477,P0012,5,850.0,4250.0
ITEM0000855,PUR000477,P0020,5,499.0,2495.0
ITEM0000856,PUR000477,P0016,6,450.0,2700.0
ITEM0000857,PUR000478,P0018,1,550.0,550.0
ITEM0000858,PUR000478,P0009,4,1900.0,7600.0
ITEM0000859,PUR000478,P0007,2,1800.0,3600.0
ITEM0000860,PUR000479,P0005,2,4500.0,9000.0
ITEM0000861,PUR000479,P0006,3,2800.0,8400.0
ITEM0000862,PUR000480,P0008,4,4200.0,16800.0
ITEM0000863,PUR000480,P0011,3,4500.0,13500.0
ITEM0000864,PUR000480,P0012,1,850.0,850.0
ITEM0000865,PUR000481,P0004,2,12500.0,25000.0
ITEM0000866,PUR000481,P0018,3,550.0,1650.0
ITEM0000867,PUR000482,P0015,5,1200.0,6000.0
ITEM0000868,PUR000483,P0011,3,4500.0,13500.0
ITEM0000869,PUR000483,P0007,1,1800.0,1800.0
ITEM0000870,PUR000483,P0015,4,1200.0,4800.0
ITEM0000871,PUR000484,P0005,4,4500.0,18000.0
ITEM0000872,PUR000484,P0017,1,18500.0,18500.0
ITEM0000873,PUR000484,P0013,2,14500.0,29000.0
ITEM0000874,PUR000485,P0008,5,4200.0,21000.0
ITEM0000875,PUR000485,P0011,1,4500.0,4500.0
ITEM0000876,PUR000486,P0008,3,4200.0,12600.0
ITEM0000877,PUR000486,P0019,2,1250.0,2500.0
ITEM0000878,PUR000486,P0004,1,12500.0,12500.0
ITEM0000879,PUR000487,P0019,2,1250.0,2500.0
ITEM0000880,PUR000488,P0012,1,850.0,850.0
ITEM0000881,PUR000488,P0018,7,550.0,3850.0
ITEM0000882,PUR000489,P0005,4,4500.0,18000.0
ITEM0000883,PUR000490,P0012,2,850.0,1700.0
ITEM0000884,PUR000491,P0017,2,18500.0,37000.0
ITEM0000885,PUR000492,P0018,3,550.0,1650.0
ITEM0000886,PUR000492,P0016,6,450.0,2700.0
ITEM0000887,PUR000492,P0009,1,1900.0,1900.0
ITEM0000888,PUR000492,P0006,4,2800.0,11200.0
ITEM0000889,PUR000493,P0004,1,12500.0,12500.0
ITEM0000890,PUR000493,P0009,1,1900.0,1900.0
ITEM0000891,PUR000494,P0013,1,14500.0,14500.0
ITEM0000892,PUR000495,P0007,1,1800.0,1800.0
ITEM0000893,PUR000495,P0019,1,1250.0,1250.0
ITEM0000894,PUR000496,P0013,2,14500.0,29000.0
ITEM0000895,PUR000496,P0008,1,4200.0,4200.0
ITEM0000896,PUR000496,P0004,2,12500.0,25000.0
ITEM0000897,PUR000496,P0017,2,18500.0,37000.0
ITEM0000898,PUR000497,P0003,3,32000.0,96000.0
ITEM0000899,PUR000497,P0002,1,85000.0,85000.0
ITEM0000900,PUR000497,P0001,1,65000.0,65000.0
ITEM0000901,PUR000498,P0011,1,4500.0,4500.0
ITEM0000902,PUR000498,P0013,2,14500.0,29000.0
ITEM0000903,PUR000499,P0012,2,850.0,1700.0
ITEM0000904,PUR000499,P0009,3,1900.0,5700.0
ITEM0000905,PUR000500,P0002,2,85000.0,170000.0
ITEM0000906,PUR000500,P0017,1,18500.0,18500.0
ITEM0000907,PUR000500,P0013,1,14500.0,14500.0
ITEM0000908,PUR000500,P0003,2,32000.0,64000.0
ITEM0000909,PUR000501,P0006,3,2800.0,8400.0
ITEM0000910,PUR000501,P0015,5,1200.0,6000.0
ITEM0000911,PUR000501,P0005,4,4500.0,18000.0
ITEM0000912,PUR000502,P0019,5,1250.0,6250.0
ITEM0000913,PUR000502,P0003,3,32000.0,96000.0
ITEM0000914,PUR000503,P0003,2,32000.0,64000.0
ITEM0000915,PUR000503,P0013,1,14500.0,14500.0
ITEM0000916,PUR000504,P0013,2,14500.0,29000.0
ITEM0000917,PUR000505,P0008,1,4200.0,4200.0
ITEM0000918,PUR000506,P0018,6,550.0,3300.0
ITEM0000919,PUR000507,P0011,1,4500.0,4500.0
ITEM0000920,PUR000508,P0008,5,4200.0,21000.0
ITEM0000921,PUR000508,P0013,2,14500.0,29000.0
ITEM0000922,PUR000509,P0019,4,1250.0,5000.0
ITEM0000923,PUR000509,P0005,4,4500.0,18000.0
ITEM0000924,PUR000510,P0020,4,499.0,1996.0
ITEM0000925,PUR000510,P0009,4,1900.0,7600.0
ITEM0000926,PUR000511,P0006,1,2800.0,2800.0
ITEM0000927,PUR000512,P0008,2,4200.0,8400.0
ITEM0000928,PUR000512,P0020,4,499.0,1996.0
ITEM0000929,PUR000513,P0013,1,14500.0,14500.0
ITEM0000930,PUR000514,P0006,4,2800.0,11200.0
ITEM0000931,PUR000514,P0011,3,4500.0,13500.0
ITEM0000932,PUR000514,P0003,2,32000.0,64000.0
ITEM0000933,PUR000514,P0019,4,1250.0,5000.0
ITEM0000934,PUR000515,P0007,2,1800.0,3600.0
ITEM0000935,PUR000515,P0011,3,4500.0,13500.0
ITEM0000936,PUR000515,P0004,1,12500.0,12500.0
ITEM0000937,PUR000516,P0004,1,12500.0,12500.0
ITEM0000938,PUR000516,P0020,4,499.0,1996.0
ITEM0000939,PUR000517,P0011,2,4500.0,9000.0
ITEM0000940,PUR000517,P0009,1,1900.0,1900.0
ITEM0000941,PUR000517,P0007,5,1800.0,9000.0
ITEM0000942,PUR000518,P0001,2,65000.0,130000.0
ITEM0000943,PUR000518,P0017,2,18500.0,37000.0
ITEM0000944,PUR000519,P0006,3,2800.0,8400.0
ITEM0000945,PUR000520,P0017,1,18500.0,18500.0
ITEM0000946,PUR000521,P0002,1,85000.0,85000.0
ITEM0000947,PUR000522,P0019,2,1250.0,2500.0
ITEM0000948,PUR000522,P0018,4,550.0,2200.0
ITEM0000949,PUR000523,P0011,2,4500.0,9000.0
ITEM0000950,PUR000523,P0003,2,32000.0,64000.0
ITEM0000951,PUR000524,P0014,3,650.0,1950.0
ITEM0000952,PUR000524,P0016,3,450.0,1350.0
ITEM0000953,PUR000524,P0020,2,499.0,998.0
ITEM0000954,PUR000524,P0009,5,1900.0,9500.0
ITEM0000955,PUR000525,P0013,2,14500.0,29000.0
ITEM0000956,PUR000526,P0010,5,2200.0,11000.0
ITEM0000957,PUR000527,P0019,4,1250.0,5000.0
ITEM0000958,PUR000527,P0013,1,14500.0,14500.0
ITEM0000959,PUR000528,P0008,5,4200.0,21000.0
ITEM0000960,PUR000528,P0009,2,1900.0,3800.0
ITEM0000961,PUR000528,P0004,2,12500.0,25000.0
ITEM0000962,PUR000529,P0015,1,1200.0,1200.0
ITEM0000963,PUR000530,P0004,2,12500.0,25000.0
ITEM0000964,PUR000531,P0019,2,1250.0,2500.0
ITEM0000965,PUR000531,P0012,4,850.0,3400.0
ITEM0000966,PUR000532,P0014,3,650.0,1950.0
ITEM0000967,PUR000533,P0020,5,499.0,2495.0
ITEM0000968,PUR000534,P0010,3,2200.0,6600.0
ITEM0000969,PUR000534,P0004,3,12500.0,37500.0
ITEM0000970,PUR000535,P0009,2,1900.0,3800.0
ITEM0000971,PUR000535,P0005,4,4500.0,18000.0
ITEM0000972,PUR000536,P0004,2,12500.0,25000.0
ITEM0000973,PUR000536,P0013,2,14500.0,29000.0
ITEM0000974,PUR000536,P0006,1,2800.0,2800.0
ITEM0000975,PUR000537,P0006,3,2800.0,8400.0
ITEM0000976,PUR000537,P0013,2,14500.0,29000.0
ITEM0000977,PUR000538,P0017,2,18500.0,37000.0
ITEM0000978,PUR000539,P0016,8,450.0,3600.0
ITEM0000979,PUR000539,P0004,3,12500.0,37500.0
ITEM0000980,PUR000539,P0011,2,4500.0,9000.0
ITEM0000981,PUR000540,P0011,2,4500.0,9000.0
ITEM0000982,PUR000541,P0014,5,650.0,3250.0
ITEM0000983,PUR000542,P0005,1,4500.0,4500.0
ITEM0000984,PUR000543,P0002,1,85000.0,85000.0
ITEM0000985,PUR000544,P0019,4,1250.0,5000.0
ITEM0000986,PUR000544,P0014,1,650.0,650.0
ITEM0000987,PUR000544,P0005,1,4500.0,4500.0
ITEM0000988,PUR000545,P0002,1,85000.0,85000.0
ITEM0000989,PUR000545,P0003,1,32000.0,32000.0
ITEM0000990,PUR000545,P0013,1,14500.0,14500.0
ITEM0000991,PUR000545,P0017,2,18500.0,37000.0
ITEM0000992,PUR000546,P0006,4,2800.0,11200.0
ITEM0000993,PUR000546,P0003,2,32000.0,64000.0
ITEM0000994,PUR000546,P0004,2,12500.0,25000.0
ITEM0000995,PUR000547,P0005,1,4500.0,4500.0
ITEM0000996,PUR000548,P0008,4,4200.0,16800.0
ITEM0000997,PUR000548,P0014,6,650.0,3900.0
ITEM0000998,PUR000549,P0019,3,1250.0,3750.0
ITEM0000999,PUR000550,P0012,2,850.0,1700.0
ITEM0001000,PUR000550,P0004,2,12500.0,25000.0
ITEM0001001,PUR000551,P0005,2,4500.0,9000.0
ITEM0001002,PUR000552,P0017,1,18500.0,18500.0
ITEM0001003,PUR000552,P0008,2,4200.0,8400.0
ITEM0001004,PUR000553,P0017,2,18500.0,37000.0
ITEM0001005,PUR000553,P0001,2,65000.0,130000.0
ITEM0001006,PUR000553,P0013,1,14500.0,14500.0
ITEM0001007,PUR000554,P0017,2,18500.0,37000.0
ITEM0001008,PUR000555,P0019,1,1250.0,1250.0
ITEM0001009,PUR000556,P0007,1,1800.0,1800.0
ITEM0001010,PUR000557,P0019,2,1250.0,2500.0
ITEM0001011,PUR000558,P0008,1,4200.0,4200.0
ITEM0001012,PUR000558,P0005,4,4500.0,18000.0
ITEM0001013,PUR000559,P0012,2,850.0,1700.0
ITEM0001014,PUR000559,P0016,8,450.0,3600.0
ITEM0001015,PUR000560,P0013,2,14500.0,29000.0
ITEM0001016,PUR000561,P0019,1,1250.0,1250.0
ITEM0001017,PUR000561,P0015,2,1200.0,2400.0
ITEM0001018,PUR000562,P0006,4,2800.0,11200.0
ITEM0001019,PUR000563,P0002,2,85000.0,170000.0
ITEM0001020,PUR000563,P0001,1,65000.0,65000.0
ITEM0001021,PUR000563,P0013,1,14500.0,14500.0
ITEM0001022,PUR000564,P0006,2,2800.0,5600.0
ITEM0001023,PUR000564,P0011,1,4500.0,4500.0
ITEM0001024,PUR000564,P0013,1,14500.0,14500.0
ITEM0001025,PUR000565,P0002,2,85000.0,170000.0
ITEM0001026,PUR000565,P0013,1,14500.0,14500.0
ITEM0001027,PUR000566,P0008,4,4200.0,16800.0
ITEM0001028,PUR000567,P0011,1,4500.0,4500.0
ITEM0001029,PUR000568,P0012,1,850.0,850.0
ITEM0001030,PUR000568,P0008,2,4200.0,8400.0
ITEM0001031,PUR000569,P0019,5,1250.0,6250.0
ITEM0001032,PUR000570,P0018,3,550.0,1650.0
ITEM0001033,PUR000570,P0019,5,1250.0,6250.0
ITEM0001034,PUR000571,P0004,2,12500.0,25000.0
ITEM0001035,PUR000571,P0005,4,4500.0,18000.0
ITEM0001036,PUR000572,P0010,4,2200.0,8800.0
ITEM0001037,PUR000573,P0005,3,4500.0,13500.0
ITEM0001038,PUR000573,P0014,4,650.0,2600.0
ITEM0001039,PUR000573,P0006,4,2800.0,11200.0
ITEM0001040,PUR000574,P0017,1,18500.0,18500.0
ITEM0001041,PUR000575,P0006,3,2800.0,8400.0
ITEM0001042,PUR000575,P0010,5,2200.0,11000.0
ITEM0001043,PUR000576,P0014,4,650.0,2600.0
ITEM0001044,PUR000577,P0007,2,1800.0,3600.0
ITEM0001045,PUR000578,P0006,4,2800.0,11200.0
ITEM0001046,PUR000579,P0005,2,4500.0,9000.0
ITEM0001047,PUR000579,P0004,3,12500.0,37500.0
ITEM0001048,PUR000580,P0013,1,14500.0,14500.0
ITEM0001049,PUR000580,P0019,4,1250.0,5000.0
ITEM0001050,PUR000581,P0017,2,18500.0,37000.0
ITEM0001051,PUR000581,P0003,1,32000.0,32000.0
ITEM0001052,PUR000582,P0010,4,2200.0,8800.0
ITEM0001053,PUR000582,P0012,1,850.0,850.0
ITEM0001054,PUR000583,P0017,2,18500.0,37000.0
ITEM0001055,PUR000584,P0006,4,2800.0,11200.0
ITEM0001056,PUR000584,P0019,1,1250.0,1250.0
ITEM0001057,PUR000585,P0006,1,2800.0,2800.0
ITEM0001058,PUR000585,P0011,3,4500.0,13500.0
ITEM0001059,PUR000586,P0001,2,65000.0,130000.0
ITEM0001060,PUR000587,P0009,5,1900.0,9500.0
ITEM0001061,PUR000587,P0005,3,4500.0,13500.0
ITEM0001062,PUR000587,P0004,1,12500.0,12500.0
ITEM0001063,PUR000588,P0005,2,4500.0,9000.0
ITEM0001064,PUR000588,P0003,1,32000.0,32000.0
ITEM0001065,PUR000588,P0017,1,18500.0,18500.0
ITEM0001066,PUR000589,P0010,3,2200.0,6600.0
ITEM0001067,PUR000590,P0004,1,12500.0,12500.0
ITEM0001068,PUR000590,P0010,5,2200.0,11000.0
ITEM0001069,PUR000590,P0011,2,4500.0,9000.0
ITEM0001070,PUR000591,P0019,4,1250.0,5000.0
ITEM0001071,PUR000591,P0006,2,2800.0,5600.0
ITEM0001072,PUR000591,P0003,1,32000.0,32000.0
ITEM0001073,PUR000592,P0007,4,1800.0,7200.0
ITEM0001074,PUR000592,P0018,5,550.0,2750.0
ITEM0001075,PUR000593,P0008,4,4200.0,16800.0
ITEM0001076,PUR000593,P0003,3,32000.0,96000.0
ITEM0001077,PUR000594,P0019,4,1250.0,5000.0
ITEM0001078,PUR000594,P0011,3,4500.0,13500.0
ITEM0001079,PUR000595,P0005,2,4500.0,9000.0
ITEM0001080,PUR000596,P0003,3,32000.0,96000.0
ITEM0001081,PUR000596,P0001,2,65000.0,130000.0
ITEM0001082,PUR000597,P0011,2,4500.0,9000.0
ITEM0001083,PUR000597,P0005,4,4500.0,18000.0
ITEM0001084,PUR000598,P0008,1,4200.0,4200.0
ITEM0001085,PUR000598,P0019,1,1250.0,1250.0
ITEM0001086,PUR000598,P0005,4,4500.0,18000.0
ITEM0001087,PUR000599,P0013,1,14500.0,14500.0
ITEM0001088,PUR000600,P0003,1,32000.0,32000.0
ITEM0001089,PUR000600,P0002,2,85000.0,170000.0
ITEM0001090,PUR000601,P0008,4,4200.0,16800.0
ITEM0001091,PUR000601,P0019,5,1250.0,6250.0
ITEM0001092,PUR000601,P0004,2,12500.0,25000.0
ITEM0001093,PUR000602,P0017,1,18500.0,18500.0
ITEM0001094,PUR000603,P0018,8,550.0,4400.0
ITEM0001095,PUR000604,P0013,2,14500.0,29000.0
ITEM0001096,PUR000605,P0006,3,2800.0,8400.0
ITEM0001097,PUR000606,P0002,2,85000.0,170000.0
ITEM0001098,PUR000606,P0003,3,32000.0,96000.0
ITEM0001099,PUR000606,P0013,1,14500.0,14500.0
ITEM0001100,PUR000607,P0019,2,1250.0,2500.0
ITEM0001101,PUR000607,P0005,1,4500.0,4500.0
ITEM0001102,PUR000607,P0004,2,12500.0,25000.0
ITEM0001103,PUR000608,P0013,1,14500.0,14500.0
ITEM0001104,PUR000609,P0002,2,85000.0,170000.0
ITEM0001105,PUR000610,P0007,1,1800.0,1800.0
ITEM0001106,PUR000610,P0018,5,550.0,2750.0
ITEM0001107,PUR000610,P0005,1,4500.0,4500.0
ITEM0001108,PUR000611,P0008,3,4200.0,12600.0
ITEM0001109,PUR000612,P0002,1,85000.0,85000.0
ITEM0001110,PUR000612,P0017,2,18500.0,37000.0
ITEM0001111,PUR000612,P0003,2,32000.0,64000.0
ITEM0001112,PUR000613,P0020,2,499.0,998.0
ITEM0001113,PUR000613,P0009,2,1900.0,3800.0
ITEM0001114,PUR000613,P0008,2,4200.0,8400.0
ITEM0001115,PUR000614,P0012,2,850.0,1700.0
ITEM0001116,PUR000614,P0010,5,2200.0,11000.0
ITEM0001117,PUR000615,P0017,1,18500.0,18500.0
ITEM0001118,PUR000615,P0002,1,85000.0,85000.0
ITEM0001119,PUR000616,P0012,4,850.0,3400.0
ITEM0001120,PUR000617,P0012,4,850.0,3400.0
ITEM0001121,PUR000618,P0004,1,12500.0,12500.0
ITEM0001122,PUR000619,P0013,1,14500.0,14500.0
ITEM0001123,PUR000619,P0004,1,12500.0,12500.0
ITEM0001124,PUR000619,P0019,2,1250.0,2500.0
ITEM0001125,PUR000620,P0003,2,32000.0,64000.0
ITEM0001126,PUR000620,P0013,1,14500.0,14500.0
ITEM0001127,PUR000620,P0005,3,4500.0,13500.0
ITEM0001128,PUR000620,P0011,3,4500.0,13500.0
ITEM0001129,PUR000621,P0013,2,14500.0,29000.0
ITEM0001130,PUR000622,P0015,1,1200.0,1200.0
ITEM0001131,PUR000623,P0017,2,18500.0,37000.0
ITEM0001132,PUR000624,P0011,1,4500.0,4500.0
ITEM0001133,PUR000624,P0020,5,499.0,2495.0
ITEM0001134,PUR000625,P0005,3,4500.0,13500.0
ITEM0001135,PUR000626,P0004,1,12500.0,12500.0
ITEM0001136,PUR000626,P0017,1,18500.0,18500.0
ITEM0001137,PUR000627,P0018,1,550.0,550.0
ITEM0001138,PUR000627,P0016,8,450.0,3600.0
ITEM0001139,PUR000627,P0007,3,1800.0,5400.0
ITEM0001140,PUR000628,P0006,3,2800.0,8400.0
ITEM0001141,PUR000629,P0010,3,2200.0,6600.0
ITEM0001142,PUR000629,P0004,1,12500.0,12500.0
ITEM0001143,PUR000629,P0019,5,1250.0,6250.0
ITEM0001144,PUR000630,P0014,1,650.0,650.0
ITEM0001145,PUR000630,P0012,6,850.0,5100.0
ITEM0001146,PUR000630,P0006,1,2800.0,2800.0
ITEM0001147,PUR000630,P0004,1,12500.0,12500.0
ITEM0001148,PUR000631,P0012,3,850.0,2550.0
ITEM0001149,PUR000632,P0003,3,32000.0,96000.0
ITEM0001150,PUR000632,P0013,1,14500.0,14500.0
ITEM0001151,PUR000633,P0011,3,4500.0,13500.0
ITEM0001152,PUR000633,P0008,1,4200.0,4200.0
ITEM0001153,PUR000633,P0007,3,1800.0,5400.0
ITEM0001154,PUR000634,P0003,2,32000.0,64000.0
ITEM0001155,PUR000635,P0001,1,65000.0,65000.0
ITEM0001156,PUR000636,P0016,9,450.0,4050.0
ITEM0001157,PUR000636,P0018,4,550.0,2200.0
ITEM0001158,PUR000637,P0004,3,12500.0,37500.0
ITEM0001159,PUR000637,P0003,3,32000.0,96000.0
ITEM0001160,PUR000637,P0011,1,4500.0,4500.0
ITEM0001161,PUR000638,P0013,1,14500.0,14500.0
ITEM0001162,PUR000638,P0002,2,85000.0,170000.0
ITEM0001163,PUR000638,P0001,1,65000.0,65000.0
ITEM0001164,PUR000639,P0003,3,32000.0,96000.0
ITEM0001165,PUR000640,P0008,1,4200.0,4200.0
ITEM0001166,PUR000640,P0017,1,18500.0,18500.0
ITEM0001167,PUR000641,P0005,1,4500.0,4500.0
ITEM0001168,PUR000642,P0012,4,850.0,3400.0
ITEM0001169,PUR000642,P0010,5,2200.0,11000.0
ITEM0001170,PUR000642,P0016,4,450.0,1800.0
ITEM0001171,PUR000643,P0006,4,2800.0,11200.0
ITEM0001172,PUR000643,P0019,1,1250.0,1250.0
ITEM0001173,PUR000643,P0011,3,4500.0,13500.0
ITEM0001174,PUR000644,P0001,2,65000.0,130000.0
ITEM0001175,PUR000644,P0003,2,32000.0,64000.0
ITEM0001176,PUR000645,P0008,2,4200.0,8400.0
ITEM0001177,PUR000645,P0011,3,4500.0,13500.0
ITEM0001178,PUR000646,P0012,5,850.0,4250.0
ITEM0001179,PUR000646,P0020,3,499.0,1497.0
ITEM0001180,PUR000647,P0008,4,4200.0,16800.0
ITEM0001181,PUR000647,P0004,1,12500.0,12500.0
ITEM0001182,PUR000647,P0012,2,850.0,1700.0
ITEM0001183,PUR000648,P0014,6,650.0,3900.0
ITEM0001184,PUR000649,P0019,4,1250.0,5000.0
ITEM0001185,PUR000650,P0003,3,32000.0,96000.0
ITEM0001186,PUR000650,P0019,5,1250.0,6250.0
ITEM0001187,PUR000651,P0006,1,2800.0,2800.0
ITEM0001188,PUR000652,P0004,3,12500.0,37500.0
ITEM0001189,PUR000653,P0012,2,850.0,1700.0
ITEM0001190,PUR000654,P0019,2,1250.0,2500.0
ITEM0001191,PUR000655,P0020,2,499.0,998.0
ITEM0001192,PUR000655,P0016,2,450.0,900.0
ITEM0001193,PUR000655,P0006,4,2800.0,11200.0
ITEM0001194,PUR000656,P0002,1,85000.0,85000.0
ITEM0001195,PUR000657,P0017,1,18500.0,18500.0
ITEM0001196,PUR000658,P0012,1,850.0,850.0
ITEM0001197,PUR000658,P0005,2,4500.0,9000.0
ITEM0001198,PUR000659,P0005,3,4500.0,13500.0
ITEM0001199,PUR000660,P0006,4,2800.0,11200.0
ITEM0001200,PUR000660,P0019,2,1250.0,2500.0
ITEM0001201,PUR000661,P0017,1,18500.0,18500.0
ITEM0001202,PUR000661,P0003,1,32000.0,32000.0
ITEM0001203,PUR000661,P0019,3,1250.0,3750.0
ITEM0001204,PUR000662,P0003,1,32000.0,32000.0
ITEM0001205,PUR000663,P0008,2,4200.0,8400.0
ITEM0001206,PUR000663,P0019,1,1250.0,1250.0
ITEM0001207,PUR000664,P0013,2,14500.0,29000.0
ITEM0001208,PUR000664,P0002,1,85000.0,85000.0
ITEM0001209,PUR000664,P0001,1,65000.0,65000.0
ITEM0001210,PUR000664,P0017,1,18500.0,18500.0
ITEM0001211,PUR000665,P0008,3,4200.0,12600.0
ITEM0001212,PUR000665,P0013,1,14500.0,14500.0
ITEM0001213,PUR000665,P0003,1,32000.0,32000.0
ITEM0001214,PUR000666,P0013,2,14500.0,29000.0
ITEM0001215,PUR000667,P0015,4,1200.0,4800.0
ITEM0001216,PUR000667,P0005,1,4500.0,4500.0
ITEM0001217,PUR000668,P0015,4,1200.0,4800.0
ITEM0001218,PUR000669,P0003,2,32000.0,64000.0
ITEM0001219,PUR000670,P0017,1,18500.0,18500.0
ITEM0001220,PUR000671,P0019,2,1250.0,2500.0
ITEM0001221,PUR000672,P0004,3,12500.0,37500.0
ITEM0001222,PUR000672,P0016,9,450.0,4050.0
ITEM0001223,PUR000673,P0001,1,65000.0,65000.0
ITEM0001224,PUR000674,P0013,1,14500.0,14500.0
ITEM0001225,PUR000674,P0008,2,4200.0,8400.0
ITEM0001226,PUR000674,P0005,2,4500.0,9000.0
ITEM0001227,PUR000674,P0019,3,1250.0,3750.0
ITEM0001228,PUR000675,P0002,2,85000.0,170000.0
ITEM0001229,PUR000676,P0018,5,550.0,2750.0
ITEM0001230,PUR000676,P0005,2,4500.0,9000.0
ITEM0001231,PUR000677,P0020,2,499.0,998.0
ITEM0001232,PUR000678,P0015,2,1200.0,2400.0
ITEM0001233,PUR000679,P0005,1,4500.0,4500.0
ITEM0001234,PUR000679,P0003,3,32000.0,96000.0
ITEM0001235,PUR000680,P0008,4,4200.0,16800.0
ITEM0001236,PUR000680,P0007,4,1800.0,7200.0
ITEM0001237,PUR000681,P0004,3,12500.0,37500.0
ITEM0001238,PUR000682,P0008,1,4200.0,4200.0
ITEM0001239,PUR000682,P0007,4,1800.0,7200.0
ITEM0001240,PUR000682,P0015,2,1200.0,2400.0
ITEM0001241,PUR000683,P0010,1,2200.0,2200.0
ITEM0001242,PUR000684,P0011,3,4500.0,13500.0
ITEM0001243,PUR000685,P0008,3,4200.0,12600.0
ITEM0001244,PUR000685,P0013,1,14500.0,14500.0
ITEM0001245,PUR000686,P0003,2,32000.0,64000.0
ITEM0001246,PUR000687,P0019,4,1250.0,5000.0
ITEM0001247,PUR000687,P0011,2,4500.0,9000.0
ITEM0001248,PUR000688,P0017,2,18500.0,37000.0
ITEM0001249,PUR000688,P0013,2,14500.0,29000.0
ITEM0001250,PUR000689,P0009,4,1900.0,7600.0
ITEM0001251,PUR000690,P0001,1,65000.0,65000.0
ITEM0001252,PUR000690,P0017,2,18500.0,37000.0
ITEM0001253,PUR000690,P0013,2,14500.0,29000.0
ITEM0001254,PUR000691,P0014,3,650.0,1950.0
ITEM0001255,PUR000692,P0001,1,65000.0,65000.0
ITEM0001256,PUR000693,P0003,3,32000.0,96000.0
ITEM0001257,PUR000694,P0004,2,12500.0,25000.0
ITEM0001258,PUR000695,P0017,1,18500.0,18500.0
ITEM0001259,PUR000695,P0013,2,14500.0,29000.0
ITEM0001260,PUR000695,P0001,1,65000.0,65000.0
ITEM0001261,PUR000695,P0003,2,32000.0,64000.0
ITEM0001262,PUR000696,P0011,1,4500.0,4500.0
ITEM0001263,PUR000697,P0007,2,1800.0,3600.0
ITEM0001264,PUR000697,P0006,1,2800.0,2800.0
ITEM0001265,PUR000697,P0018,5,550.0,2750.0
ITEM0001266,PUR000698,P0013,1,14500.0,14500.0
ITEM0001267,PUR000699,P0008,1,4200.0,4200.0
ITEM0001268,PUR000700,P0013,1,14500.0,14500.0
ITEM0001269,PUR000701,P0004,2,12500.0,25000.0
ITEM0001270,PUR000701,P0018,2,550.0,1100.0
ITEM0001271,PUR000702,P0013,1,14500.0,14500.0
ITEM0001272,PUR000703,P0009,3,1900.0,5700.0
ITEM0001273,PUR000704,P0005,1,4500.0,4500.0
ITEM0001274,PUR000705,P0016,1,450.0,450.0
ITEM0001275,PUR000705,P0015,4,1200.0,4800.0
ITEM0001276,PUR000706,P0006,3,2800.0,8400.0
ITEM0001277,PUR000707,P0013,2,14500.0,29000.0
ITEM0001278,PUR000708,P0005,3,4500.0,13500.0
ITEM0001279,PUR000709,P0019,5,1250.0,6250.0
ITEM0001280,PUR000710,P0012,2,850.0,1700.0
ITEM0001281,PUR000710,P0016,1,450.0,450.0
ITEM0001282,PUR000710,P0011,1,4500.0,4500.0
ITEM0001283,PUR000710,P0014,5,650.0,3250.0
ITEM0001284,PUR000711,P0010,1,2200.0,2200.0
ITEM0001285,PUR000711,P0015,2,1200.0,2400.0
ITEM0001286,PUR000711,P0014,5,650.0,3250.0
ITEM0001287,PUR000712,P0005,3,4500.0,13500.0
ITEM0001288,PUR000713,P0004,2,12500.0,25000.0
ITEM0001289,PUR000714,P0004,1,12500.0,12500.0
ITEM0001290,PUR000715,P0008,4,4200.0,16800.0
ITEM0001291,PUR000715,P0018,2,550.0,1100.0
ITEM0001292,PUR000715,P0020,5,499.0,2495.0
ITEM0001293,PUR000715,P0009,3,1900.0,5700.0
ITEM0001294,PUR000716,P0012,4,850.0,3400.0
ITEM0001295,PUR000716,P0006,3,2800.0,8400.0
ITEM0001296,PUR000717,P0016,4,450.0,1800.0
ITEM0001297,PUR000718,P0015,4,1200.0,4800.0
ITEM0001298,PUR000718,P0004,1,12500.0,12500.0
ITEM0001299,PUR000718,P0010,5,2200.0,11000.0
ITEM0001300,PUR000719,P0005,2,4500.0,9000.0
ITEM0001301,PUR000720,P0010,2,2200.0,4400.0
ITEM0001302,PUR000720,P0012,6,850.0,5100.0
ITEM0001303,PUR000720,P0014,8,650.0,5200.0
ITEM0001304,PUR000721,P0004,3,12500.0,37500.0
ITEM0001305,PUR000721,P0012,5,850.0,4250.0
ITEM0001306,PUR000722,P0011,1,4500.0,4500.0
ITEM0001307,PUR000723,P0009,2,1900.0,3800.0
ITEM0001308,PUR000723,P0008,2,4200.0,8400.0
ITEM0001309,PUR000724,P0005,2,4500.0,9000.0
ITEM0001310,PUR000725,P0004,3,12500.0,37500.0
ITEM0001311,PUR000725,P0006,2,2800.0,5600.0
ITEM0001312,PUR000725,P0019,4,1250.0,5000.0
ITEM0001313,PUR000726,P0002,2,85000.0,170000.0
ITEM0001314,PUR000726,P0003,2,32000.0,64000.0
ITEM0001315,PUR000726,P0001,1,65000.0,65000.0
ITEM0001316,PUR000726,P0017,2,18500.0,37000.0
ITEM0001317,PUR000727,P0016,4,450.0,1800.0
ITEM0001318,PUR000727,P0008,3,4200.0,12600.0
ITEM0001319,PUR000727,P0007,2,1800.0,3600.0
ITEM0001320,PUR000728,P0006,3,2800.0,8400.0
ITEM0001321,PUR000729,P0016,2,450.0,900.0
ITEM0001322,PUR000729,P0012,4,850.0,3400.0
ITEM0001323,PUR000730,P0004,1,12500.0,12500.0
ITEM0001324,PUR000730,P0006,1,2800.0,2800.0
ITEM0001325,PUR000731,P0018,4,550.0,2200.0
ITEM0001326,PUR000732,P0008,3,4200.0,12600.0
ITEM0001327,PUR000732,P0015,5,1200.0,6000.0
ITEM0001328,PUR000732,P0006,1,2800.0,2800.0
ITEM0001329,PUR000733,P0011,3,4500.0,13500.0
ITEM0001330,PUR000734,P0011,1,4500.0,4500.0
ITEM0001331,PUR000734,P0019,1,1250.0,1250.0
ITEM0001332,PUR000735,P0003,2,32000.0,64000.0
ITEM0001333,PUR000735,P0017,2,18500.0,37000.0
ITEM0001334,PUR000736,P0002,2,85000.0,170000.0
ITEM0001335,PUR000736,P0001,1,65000.0,65000.0
ITEM0001336,PUR000737,P0012,3,850.0,2550.0
ITEM0001337,PUR000737,P0011,3,4500.0,13500.0
ITEM0001338,PUR000737,P0019,5,1250.0,6250.0
ITEM0001339,PUR000738,P0020,5,499.0,2495.0
ITEM0001340,PUR000738,P0010,2,2200.0,4400.0
ITEM0001341,PUR000738,P0004,1,12500.0,12500.0
ITEM0001342,PUR000739,P0013,2,14500.0,29000.0
ITEM0001343,PUR000739,P0003,1,32000.0,32000.0
ITEM0001344,PUR000739,P0001,1,65000.0,65000.0
ITEM0001345,PUR000740,P0013,1,14500.0,14500.0
ITEM0001346,PUR000740,P0017,1,18500.0,18500.0
ITEM0001347,PUR000740,P0001,2,65000.0,130000.0
ITEM0001348,PUR000741,P0005,1,4500.0,4500.0
ITEM0001349,PUR000741,P0004,3,12500.0,37500.0
ITEM0001350,PUR000742,P0008,5,4200.0,21000.0
ITEM0001351,PUR000743,P0020,1,499.0,499.0
ITEM0001352,PUR000744,P0003,2,32000.0,64000.0
ITEM0001353,PUR000744,P0002,1,85000.0,85000.0
ITEM0001354,PUR000745,P0018,2,550.0,1100.0
ITEM0001355,PUR000745,P0019,2,1250.0,2500.0
ITEM0001356,PUR000745,P0008,1,4200.0,4200.0
ITEM0001357,PUR000745,P0015,2,1200.0,2400.0
ITEM0001358,PUR000746,P0018,7,550.0,3850.0
ITEM0001359,PUR000747,P0003,1,32000.0,32000.0
ITEM0001360,PUR000747,P0001,1,65000.0,65000.0
ITEM0001361,PUR000748,P0005,1,4500.0,4500.0
ITEM0001362,PUR000748,P0003,2,32000.0,64000.0
ITEM0001363,PUR000748,P0004,3,12500.0,37500.0
ITEM0001364,PUR000749,P0013,1,14500.0,14500.0
ITEM0001365,PUR000750,P0007,1,1800.0,1800.0
ITEM0001366,PUR000750,P0018,3,550.0,1650.0
ITEM0001367,PUR000751,P0017,2,18500.0,37000.0
ITEM0001368,PUR000752,P0012,4,850.0,3400.0
ITEM0001369,PUR000753,P0019,3,1250.0,3750.0
ITEM0001370,PUR000753,P0016,7,450.0,3150.0
ITEM0001371,PUR000754,P0005,4,4500.0,18000.0
ITEM0001372,PUR000755,P0001,2,65000.0,130000.0
ITEM0001373,PUR000756,P0018,1,550.0,550.0
ITEM0001374,PUR000756,P0019,2,1250.0,2500.0
ITEM0001375,PUR000756,P0016,5,450.0,2250.0
ITEM0001376,PUR000756,P0010,5,2200.0,11000.0
ITEM0001377,PUR000757,P0015,2,1200.0,2400.0
ITEM0001378,PUR000757,P0012,1,850.0,850.0
ITEM0001379,PUR000757,P0020,4,499.0,1996.0
ITEM0001380,PUR000758,P0008,2,4200.0,8400.0
ITEM0001381,PUR000758,P0004,3,12500.0,37500.0
ITEM0001382,PUR000758,P0011,3,4500.0,13500.0
ITEM0001383,PUR000759,P0008,2,4200.0,8400.0
ITEM0001384,PUR000759,P0017,2,18500.0,37000.0
ITEM0001385,PUR000760,P0008,5,4200.0,21000.0
ITEM0001386,PUR000760,P0018,4,550.0,2200.0
ITEM0001387,PUR000760,P0011,2,4500.0,9000.0
ITEM0001388,PUR000760,P0005,3,4500.0,13500.0
ITEM0001389,PUR000761,P0017,2,18500.0,37000.0
ITEM0001390,PUR000761,P0011,2,4500.0,9000.0
ITEM0001391,PUR000762,P0013,1,14500.0,14500.0
ITEM0001392,PUR000762,P0004,3,12500.0,37500.0
ITEM0001393,PUR000762,P0011,2,4500.0,9000.0
ITEM0001394,PUR000762,P0019,4,1250.0,5000.0
ITEM0001395,PUR000763,P0015,3,1200.0,3600.0
ITEM0001396,PUR000763,P0010,4,2200.0,8800.0
ITEM0001397,PUR000763,P0008,1,4200.0,4200.0
ITEM0001398,PUR000764,P0019,4,1250.0,5000.0
ITEM0001399,PUR000765,P0003,2,32000.0,64000.0
ITEM0001400,PUR000765,P0011,1,4500.0,4500.0
ITEM0001401,PUR000766,P0002,2,85000.0,170000.0
ITEM0001402,PUR000766,P0017,2,18500.0,37000.0
ITEM0001403,PUR000766,P0003,2,32000.0,64000.0
ITEM0001404,PUR000767,P0007,3,1800.0,5400.0
ITEM0001405,PUR000768,P0004,3,12500.0,37500.0
ITEM0001406,PUR000768,P0015,5,1200.0,6000.0
ITEM0001407,PUR000769,P0004,3,12500.0,37500.0
ITEM0001408,PUR000769,P0017,2,18500.0,37000.0
ITEM0001409,PUR000770,P0008,3,4200.0,12600.0
ITEM0001410,PUR000771,P0019,2,1250.0,2500.0
ITEM0001411,PUR000772,P0018,3,550.0,1650.0
ITEM0001412,PUR000772,P0006,2,2800.0,5600.0
ITEM0001413,PUR000773,P0002,2,85000.0,170000.0
ITEM0001414,PUR000774,P0017,2,18500.0,37000.0
ITEM0001415,PUR000774,P0006,4,2800.0,11200.0
ITEM0001416,PUR000774,P0003,1,32000.0,32000.0
ITEM0001417,PUR000775,P0006,1,2800.0,2800.0
ITEM0001418,PUR000775,P0009,5,1900.0,9500.0
ITEM0001419,PUR000775,P0004,3,12500.0,37500.0
ITEM0001420,PUR000775,P0018,2,550.0,1100.0
ITEM0001421,PUR000776,P0012,3,850.0,2550.0
ITEM0001422,PUR000777,P0019,5,1250.0,6250.0
ITEM0001423,PUR000778,P0001,2,65000.0,130000.0
ITEM0001424,PUR000778,P0013,1,14500.0,14500.0
ITEM0001425,PUR000779,P0003,3,32000.0,96000.0
ITEM0001426,PUR000780,P0020,5,499.0,2495.0
ITEM0001427,PUR000781,P0006,2,2800.0,5600.0
ITEM0001428,PUR000781,P0019,2,1250.0,2500.0
ITEM0001429,PUR000782,P0019,4,1250.0,5000.0
ITEM0001430,PUR000783,P0008,2,4200.0,8400.0
ITEM0001431,PUR000784,P0011,2,4500.0,9000.0
ITEM0001432,PUR000784,P0010,2,2200.0,4400.0
ITEM0001433,PUR000785,P0018,1,550.0,550.0
ITEM0001434,PUR000785,P0015,5,1200.0,6000.0
ITEM0001435,PUR000786,P0005,2,4500.0,9000.0
ITEM0001436,PUR000786,P0007,4,1800.0,7200.0
ITEM0001437,PUR000787,P0004,1,12500.0,12500.0
ITEM0001438,PUR000788,P0006,1,2800.0,2800.0
ITEM0001439,PUR000789,P0005,3,4500.0,13500.0
ITEM0001440,PUR000790,P0008,5,4200.0,21000.0
ITEM0001441,PUR000791,P0016,3,450.0,1350.0
ITEM0001442,PUR000792,P0020,3,499.0,1497.0
ITEM0001443,PUR000793,P0015,1,1200.0,1200.0
ITEM0001444,PUR000794,P0008,1,4200.0,4200.0
ITEM0001445,PUR000794,P0004,2,12500.0,25000.0
ITEM0001446,PUR000794,P0006,2,2800.0,5600.0
ITEM0001447,PUR000795,P0004,1,12500.0,12500.0
ITEM0001448,PUR000795,P0011,2,4500.0,9000.0
ITEM0001449,PUR000795,P0017,1,18500.0,18500.0
ITEM0001450,PUR000796,P0002,1,85000.0,85000.0
ITEM0001451,PUR000797,P0013,1,14500.0,14500.0
ITEM0001452,PUR000798,P0003,1,32000.0,32000.0
ITEM0001453,PUR000799,P0003,3,32000.0,96000.0
ITEM0001454,PUR000799,P0013,2,14500.0,29000.0
ITEM0001455,PUR000800,P0005,2,4500.0,9000.0
ITEM0001456,PUR000800,P0010,2,2200.0,4400.0
ITEM0001457,PUR000801,P0010,2,2200.0,4400.0
ITEM0001458,PUR000801,P0005,3,4500.0,13500.0
ITEM0001459,PUR000802,P0020,4,499.0,1996.0
ITEM0001460,PUR000803,P0014,2,650.0,1300.0
ITEM0001461,PUR000804,P0014,6,650.0,3900.0
ITEM0001462,PUR000805,P0005,2,4500.0,9000.0
ITEM0001463,PUR000806,P0013,2,14500.0,29000.0
ITEM0001464,PUR000806,P0017,2,18500.0,37000.0
ITEM0001465,PUR000807,P0017,2,18500.0,37000.0
ITEM0001466,PUR000808,P0012,2,850.0,1700.0
ITEM0001467,PUR000809,P0004,3,12500.0,37500.0
ITEM0001468,PUR000810,P0005,1,4500.0,4500.0
ITEM0001469,PUR000810,P0001,1,65000.0,65000.0
ITEM0001470,PUR000811,P0019,1,1250.0,1250.0
ITEM0001471,PUR000812,P0011,2,4500.0,9000.0
ITEM0001472,PUR000812,P0015,5,1200.0,6000.0
ITEM0001473,PUR000812,P0006,4,2800.0,11200.0
ITEM0001474,PUR000813,P0013,1,14500.0,14500.0
ITEM0001475,PUR000814,P0015,5,1200.0,6000.0
ITEM0001476,PUR000814,P0011,1,4500.0,4500.0
ITEM0001477,PUR000814,P0009,5,1900.0,9500.0
ITEM0001478,PUR000815,P0001,2,65000.0,130000.0
ITEM0001479,PUR000816,P0008,5,4200.0,21000.0
ITEM0001480,PUR000817,P0004,2,12500.0,25000.0
ITEM0001481,PUR000818,P0001,1,65000.0,65000.0
ITEM0001482,PUR000818,P0003,2,32000.0,64000.0
ITEM0001483,PUR000819,P0014,4,650.0,2600.0
ITEM0001484,PUR000820,P0019,3,1250.0,3750.0
ITEM0001485,PUR000821,P0010,2,2200.0,4400.0
ITEM0001486,PUR000822,P0005,1,4500.0,4500.0
ITEM0001487,PUR000823,P0020,5,499.0,2495.0
ITEM0001488,PUR000824,P0002,1,85000.0,85000.0
ITEM0001489,PUR000824,P0003,3,32000.0,96000.0
ITEM0001490,PUR000824,P0017,2,18500.0,37000.0
ITEM0001491,PUR000824,P0013,2,14500.0,29000.0
ITEM0001492,PUR000825,P0008,2,4200.0,8400.0
ITEM0001493,PUR000825,P0006,3,2800.0,8400.0
ITEM0001494,PUR000826,P0008,4,4200.0,16800.0
ITEM0001495,PUR000826,P0020,5,499.0,2495.0
ITEM0001496,PUR000827,P0003,3,32000.0,96000.0
ITEM0001497,PUR000827,P0017,2,18500.0,37000.0
ITEM0001498,PUR000827,P0011,3,4500.0,13500.0
ITEM0001499,PUR000828,P0019,4,1250.0,5000.0
ITEM0001500,PUR000829,P0020,3,499.0,1497.0
ITEM0001501,PUR000829,P0007,5,1800.0,9000.0
ITEM0001502,PUR000830,P0019,5,1250.0,6250.0
ITEM0001503,PUR000831,P0015,4,1200.0,4800.0
ITEM0001504,PUR000832,P0002,1,85000.0,85000.0
ITEM0001505,PUR000832,P0003,1,32000.0,32000.0
ITEM0001506,PUR000832,P0001,2,65000.0,130000.0
ITEM0001507,PUR000833,P0005,3,4500.0,13500.0
ITEM0001508,PUR000833,P0008,2,4200.0,8400.0
ITEM0001509,PUR000833,P0004,3,12500.0,37500.0
ITEM0001510,PUR000833,P0006,2,2800.0,5600.0
ITEM0001511,PUR000834,P0003,3,32000.0,96000.0
ITEM0001512,PUR000835,P0008,4,4200.0,16800.0
ITEM0001513,PUR000835,P0004,1,12500.0,12500.0
ITEM0001514,PUR000836,P0010,5,2200.0,11000.0
ITEM0001515,PUR000837,P0019,3,1250.0,3750.0
ITEM0001516,PUR000837,P0020,3,499.0,1497.0
ITEM0001517,PUR000838,P0001,2,65000.0,130000.0
ITEM0001518,PUR000838,P0003,2,32000.0,64000.0
ITEM0001519,PUR000839,P0004,3,12500.0,37500.0
ITEM0001520,PUR000840,P0013,1,14500.0,14500.0
ITEM0001521,PUR000840,P0017,1,18500.0,18500.0
ITEM0001522,PUR000841,P0012,1,850.0,850.0
ITEM0001523,PUR000842,P0015,3,1200.0,3600.0
ITEM0001524,PUR000843,P0008,2,4200.0,8400.0
ITEM0001525,PUR000844,P0005,4,4500.0,18000.0
ITEM0001526,PUR000844,P0020,5,499.0,2495.0
ITEM0001527,PUR000845,P0006,1,2800.0,2800.0
ITEM0001528,PUR000846,P0017,2,18500.0,37000.0
ITEM0001529,PUR000847,P0019,3,1250.0,3750.0
ITEM0001530,PUR000847,P0011,1,4500.0,4500.0
ITEM0001531,PUR000848,P0004,2,12500.0,25000.0
ITEM0001532,PUR000849,P0005,2,4500.0,9000.0
ITEM0001533,PUR000849,P0020,5,499.0,2495.0
ITEM0001534,PUR000849,P0016,3,450.0,1350.0
ITEM0001535,PUR000850,P0012,1,850.0,850.0
ITEM0001536,PUR000850,P0007,1,1800.0,1800.0
ITEM0001537,PUR000851,P0005,4,4500.0,18000.0
ITEM0001538,PUR000851,P0019,4,1250.0,5000.0
ITEM0001539,PUR000851,P0013,2,14500.0,29000.0
ITEM0001540,PUR000852,P0005,4,4500.0,18000.0
ITEM0001541,PUR000852,P0019,1,1250.0,1250.0
ITEM0001542,PUR000852,P0012,2,850.0,1700.0
ITEM0001543,PUR000853,P0006,3,2800.0,8400.0
ITEM0001544,PUR000854,P0005,3,4500.0,13500.0
ITEM0001545,PUR000854,P0018,2,550.0,1100.0
ITEM0001546,PUR000854,P0009,1,1900.0,1900.0
ITEM0001547,PUR000855,P0019,3,1250.0,3750.0
ITEM0001548,PUR000855,P0004,1,12500.0,12500.0
ITEM0001549,PUR000856,P0004,3,12500.0,37500.0
ITEM0001550,PUR000856,P0014,1,650.0,650.0
ITEM0001551,PUR000857,P0004,3,12500.0,37500.0
ITEM0001552,PUR000857,P0007,1,1800.0,1800.0
ITEM0001553,PUR000857,P0020,2,499.0,998.0
ITEM0001554,PUR000858,P0019,4,1250.0,5000.0
ITEM0001555,PUR000859,P0017,1,18500.0,18500.0
ITEM0001556,PUR000859,P0003,2,32000.0,64000.0
ITEM0001557,PUR000859,P0004,1,12500.0,12500.0
ITEM0001558,PUR000860,P0013,2,14500.0,29000.0
ITEM0001559,PUR000861,P0003,2,32000.0,64000.0
ITEM0001560,PUR000861,P0008,2,4200.0,8400.0
ITEM0001561,PUR000862,P0009,1,1900.0,1900.0
ITEM0001562,PUR000862,P0014,7,650.0,4550.0
ITEM0001563,PUR000863,P0006,2,2800.0,5600.0
ITEM0001564,PUR000864,P0011,2,4500.0,9000.0
ITEM0001565,PUR000864,P0013,1,14500.0,14500.0
ITEM0001566,PUR000864,P0017,2,18500.0,37000.0
ITEM0001567,PUR000865,P0007,3,1800.0,5400.0
ITEM0001568,PUR000866,P0008,4,4200.0,16800.0
ITEM0001569,PUR000867,P0018,1,550.0,550.0
ITEM0001570,PUR000868,P0010,5,2200.0,11000.0
ITEM0001571,PUR000869,P0017,2,18500.0,37000.0
ITEM0001572,PUR000869,P0003,2,32000.0,64000.0
ITEM0001573,PUR000869,P0006,3,2800.0,8400.0
ITEM0001574,PUR000869,P0005,3,4500.0,13500.0
ITEM0001575,PUR000870,P0019,1,1250.0,1250.0
ITEM0001576,PUR000871,P0007,4,1800.0,7200.0
ITEM0001577,PUR000872,P0011,1,4500.0,4500.0
ITEM0001578,PUR000872,P0008,4,4200.0,16800.0
ITEM0001579,PUR000873,P0004,1,12500.0,12500.0
ITEM0001580,PUR000873,P0010,2,2200.0,4400.0
ITEM0001581,PUR000874,P0010,5,2200.0,11000.0
ITEM0001582,PUR000875,P0015,2,1200.0,2400.0
ITEM0001583,PUR000876,P0009,3,1900.0,5700.0
ITEM0001584,PUR000876,P0006,2,2800.0,5600.0
ITEM0001585,PUR000876,P0015,4,1200.0,4800.0
ITEM0001586,PUR000877,P0011,3,4500.0,13500.0
ITEM0001587,PUR000877,P0020,3,499.0,1497.0
ITEM0001588,PUR000877,P0006,3,2800.0,8400.0
ITEM0001589,PUR000877,P0018,6,550.0,3300.0
ITEM0001590,PUR000878,P0013,2,14500.0,29000.0
ITEM0001591,PUR000879,P0008,3,4200.0,12600.0
ITEM0001592,PUR000880,P0005,4,4500.0,18000.0
ITEM0001593,PUR000880,P0011,2,4500.0,9000.0
ITEM0001594,PUR000880,P0017,1,18500.0,18500.0
ITEM0001595,PUR000881,P0005,1,4500.0,4500.0
ITEM0001596,PUR000881,P0010,2,2200.0,4400.0
ITEM0001597,PUR000881,P0012,1,850.0,850.0
ITEM0001598,PUR000882,P0007,1,1800.0,1800.0
ITEM0001599,PUR000883,P0019,3,1250.0,3750.0
ITEM0001600,PUR000883,P0017,2,18500.0,37000.0
ITEM0001601,PUR000884,P0001,2,65000.0,130000.0
ITEM0001602,PUR000884,P0003,3,32000.0,96000.0
ITEM0001603,PUR000885,P0003,2,32000.0,64000.0
ITEM0001604,PUR000885,P0017,2,18500.0,37000.0
ITEM0001605,PUR000886,P0004,1,12500.0,12500.0
ITEM0001606,PUR000886,P0016,1,450.0,450.0
ITEM0001607,PUR000887,P0013,2,14500.0,29000.0
ITEM0001608,PUR000888,P0014,1,650.0,650.0
ITEM0001609,PUR000888,P0018,8,550.0,4400.0
ITEM0001610,PUR000888,P0011,3,4500.0,13500.0
ITEM0001611,PUR000889,P0013,2,14500.0,29000.0
ITEM0001612,PUR000890,P0017,1,18500.0,18500.0
ITEM0001613,PUR000890,P0005,2,4500.0,9000.0
ITEM0001614,PUR000890,P0013,2,14500.0,29000.0
ITEM0001615,PUR000891,P0003,1,32000.0,32000.0
ITEM0001616,PUR000892,P0006,4,2800.0,11200.0
ITEM0001617,PUR000892,P0003,1,32000.0,32000.0
ITEM0001618,PUR000893,P0007,4,1800.0,7200.0
ITEM0001619,PUR000893,P0015,3,1200.0,3600.0
ITEM0001620,PUR000893,P0008,5,4200.0,21000.0
ITEM0001621,PUR000894,P0001,1,65000.0,65000.0
ITEM0001622,PUR000894,P0003,1,32000.0,32000.0
ITEM0001623,PUR000894,P0013,2,14500.0,29000.0
ITEM0001624,PUR000895,P0017,1,18500.0,18500.0
ITEM0001625,PUR000895,P0006,3,2800.0,8400.0
ITEM0001626,PUR000895,P0013,1,14500.0,14500.0
ITEM0001627,PUR000896,P0019,2,1250.0,2500.0
ITEM0001628,PUR000896,P0016,9,450.0,4050.0
ITEM0001629,PUR000897,P0016,5,450.0,2250.0
ITEM0001630,PUR000898,P0005,3,4500.0,13500.0
ITEM0001631,PUR000898,P0010,5,2200.0,11000.0
ITEM0001632,PUR000899,P0020,2,499.0,998.0
ITEM0001633,PUR000900,P0016,4,450.0,1800.0
ITEM0001634,PUR000901,P0004,3,12500.0,37500.0
ITEM0001635,PUR000902,P0012,2,850.0,1700.0
ITEM0001636,PUR000902,P0010,5,2200.0,11000.0
ITEM0001637,PUR000902,P0020,5,499.0,2495.0
ITEM0001638,PUR000903,P0019,1,1250.0,1250.0
ITEM0001639,PUR000903,P0012,1,850.0,850.0
ITEM0001640,PUR000903,P0005,4,4500.0,18000.0
ITEM0001641,PUR000903,P0008,1,4200.0,4200.0
ITEM0001642,PUR000904,P0019,1,1250.0,1250.0
ITEM0001643,PUR000905,P0019,4,1250.0,5000.0
ITEM0001644,PUR000905,P0012,2,850.0,1700.0
ITEM0001645,PUR000906,P0011,2,4500.0,9000.0
ITEM0001646,PUR000906,P0004,3,12500.0,37500.0
ITEM0001647,PUR000907,P0005,1,4500.0,4500.0
ITEM0001648,PUR000907,P0007,1,1800.0,1800.0
ITEM0001649,PUR000908,P0017,2,18500.0,37000.0
ITEM0001650,PUR000909,P0017,1,18500.0,18500.0
ITEM0001651,PUR000910,P0009,5,1900.0,9500.0
ITEM0001652,PUR000911,P0004,1,12500.0,12500.0
ITEM0001653,PUR000911,P0019,5,1250.0,6250.0
ITEM0001654,PUR000911,P0009,3,1900.0,5700.0
ITEM0001655,PUR000912,P0005,3,4500.0,13500.0
ITEM0001656,PUR000912,P0004,1,12500.0,12500.0
ITEM0001657,PUR000912,P0008,3,4200.0,12600.0
ITEM0001658,PUR000912,P0013,2,14500.0,29000.0
ITEM0001659,PUR000913,P0019,4,1250.0,5000.0
ITEM0001660,PUR000913,P0006,1,2800.0,2800.0
ITEM0001661,PUR000913,P0008,2,4200.0,8400.0
ITEM0001662,PUR000914,P0013,2,14500.0,29000.0
ITEM0001663,PUR000915,P0016,1,450.0,450.0
ITEM0001664,PUR000916,P0012,2,850.0,1700.0
ITEM0001665,PUR000916,P0011,3,4500.0,13500.0
ITEM0001666,PUR000916,P0020,3,499.0,1497.0
ITEM0001667,PUR000917,P0009,1,1900.0,1900.0
ITEM0001668,PUR000917,P0018,6,550.0,3300.0
ITEM0001669,PUR000918,P0003,3,32000.0,96000.0
ITEM0001670,PUR000918,P0001,2,65000.0,130000.0
ITEM0001671,PUR000919,P0004,1,12500.0,12500.0
ITEM0001672,PUR000920,P0003,2,32000.0,64000.0
ITEM0001673,PUR000921,P0017,1,18500.0,18500.0
ITEM0001674,PUR000922,P0013,1,14500.0,14500.0
ITEM0001675,PUR000923,P0004,1,12500.0,12500.0
ITEM0001676,PUR000924,P0013,2,14500.0,29000.0
ITEM0001677,PUR000925,P0009,2,1900.0,3800.0
ITEM0001678,PUR000925,P0016,3,450.0,1350.0
ITEM0001679,PUR000926,P0001,1,65000.0,65000.0
ITEM0001680,PUR000927,P0008,2,4200.0,8400.0
ITEM0001681,PUR000928,P0014,6,650.0,3900.0
ITEM0001682,PUR000928,P0011,1,4500.0,4500.0
ITEM0001683,PUR000928,P0007,5,1800.0,9000.0
ITEM0001684,PUR000929,P0016,6,450.0,2700.0
ITEM0001685,PUR000930,P0010,1,2200.0,2200.0
ITEM0001686,PUR000931,P0018,7,550.0,3850.0
ITEM0001687,PUR000932,P0006,2,2800.0,5600.0
ITEM0001688,PUR000933,P0014,4,650.0,2600.0
ITEM0001689,PUR000933,P0020,2,499.0,998.0
ITEM0001690,PUR000933,P0004,2,12500.0,25000.0
ITEM0001691,PUR000933,P0011,2,4500.0,9000.0
ITEM0001692,PUR000934,P0003,1,32000.0,32000.0
ITEM0001693,PUR000934,P0004,3,12500.0,37500.0
ITEM0001694,PUR000934,P0017,2,18500.0,37000.0
ITEM0001695,PUR000935,P0009,5,1900.0,9500.0
ITEM0001696,PUR000936,P0001,1,65000.0,65000.0
ITEM0001697,PUR000936,P0002,1,85000.0,85000.0
ITEM0001698,PUR000937,P0014,4,650.0,2600.0
ITEM0001699,PUR000937,P0019,2,1250.0,2500.0
ITEM0001700,PUR000938,P0001,1,65000.0,65000.0
ITEM0001701,PUR000939,P0011,2,4500.0,9000.0
ITEM0001702,PUR000940,P0011,3,4500.0,13500.0
ITEM0001703,PUR000940,P0010,5,2200.0,11000.0
ITEM0001704,PUR000941,P0004,2,12500.0,25000.0
ITEM0001705,PUR000941,P0014,4,650.0,2600.0
ITEM0001706,PUR000942,P0001,1,65000.0,65000.0
ITEM0001707,PUR000942,P0003,2,32000.0,64000.0
ITEM0001708,PUR000943,P0019,5,1250.0,6250.0
ITEM0001709,PUR000943,P0014,1,650.0,650.0
ITEM0001710,PUR000944,P0013,2,14500.0,29000.0
ITEM0001711,PUR000945,P0016,9,450.0,4050.0
ITEM0001712,PUR000945,P0012,2,850.0,1700.0
ITEM0001713,PUR000946,P0004,3,12500.0,37500.0
ITEM0001714,PUR000947,P0004,3,12500.0,37500.0
ITEM0001715,PUR000948,P0004,3,12500.0,37500.0
ITEM0001716,PUR000948,P0020,5,499.0,2495.0
ITEM0001717,PUR000948,P0008,5,4200.0,21000.0
ITEM0001718,PUR000949,P0016,6,450.0,2700.0
ITEM0001719,PUR000950,P0009,5,1900.0,9500.0
ITEM0001720,PUR000951,P0017,1,18500.0,18500.0
ITEM0001721,PUR000952,P0013,2,14500.0,29000.0
ITEM0001722,PUR000953,P0005,1,4500.0,4500.0
ITEM0001723,PUR000954,P0011,2,4500.0,9000.0
ITEM0001724,PUR000954,P0010,5,2200.0,11000.0
ITEM0001725,PUR000954,P0008,3,4200.0,12600.0
ITEM0001726,PUR000954,P0020,1,499.0,499.0
ITEM0001727,PUR000955,P0011,2,4500.0,9000.0
ITEM0001728,PUR000956,P0019,3,1250.0,3750.0
ITEM0001729,PUR000957,P0016,7,450.0,3150.0
ITEM0001730,PUR000958,P0001,2,65000.0,130000.0
ITEM0001731,PUR000959,P0011,2,4500.0,9000.0
ITEM0001732,PUR000959,P0010,4,2200.0,8800.0
ITEM0001733,PUR000960,P0013,2,14500.0,29000.0
ITEM0001734,PUR000960,P0011,1,4500.0,4500.0
ITEM0001735,PUR000960,P0003,1,32000.0,32000.0
ITEM0001736,PUR000960,P0017,2,18500.0,37000.0
ITEM0001737,PUR000961,P0017,1,18500.0,18500.0
ITEM0001738,PUR000962,P0011,1,4500.0,4500.0
ITEM0001739,PUR000963,P0011,1,4500.0,4500.0
ITEM0001740,PUR000964,P0013,2,14500.0,29000.0
ITEM0001741,PUR000965,P0001,1,65000.0,65000.0
ITEM0001742,PUR000966,P0013,2,14500.0,29000.0
ITEM0001743,PUR000967,P0002,2,85000.0,170000.0
ITEM0001744,PUR000968,P0005,4,4500.0,18000.0
ITEM0001745,PUR000969,P0007,1,1800.0,1800.0
ITEM0001746,PUR000969,P0020,3,499.0,1497.0
ITEM0001747,PUR000970,P0004,3,12500.0,37500.0
ITEM0001748,PUR000971,P0002,2,85000.0,170000.0
ITEM0001749,PUR000971,P0003,1,32000.0,32000.0
ITEM0001750,PUR000972,P0018,5,550.0,2750.0
ITEM0001751,PUR000972,P0019,2,1250.0,2500.0
ITEM0001752,PUR000972,P0012,5,850.0,4250.0
ITEM0001753,PUR000973,P0019,1,1250.0,1250.0
ITEM0001754,PUR000973,P0005,3,4500.0,13500.0
ITEM0001755,PUR000974,P0017,1,18500.0,18500.0
ITEM0001756,PUR000975,P0007,5,1800.0,9000.0
ITEM0001757,PUR000975,P0018,3,550.0,1650.0
ITEM0001758,PUR000975,P0006,3,2800.0,8400.0
ITEM0001759,PUR000975,P0004,3,12500.0,37500.0
ITEM0001760,PUR000976,P0009,3,1900.0,5700.0
ITEM0001761,PUR000977,P0010,4,2200.0,8800.0
ITEM0001762,PUR000978,P0008,4,4200.0,16800.0
ITEM0001763,PUR000978,P0004,1,12500.0,12500.0
ITEM0001764,PUR000979,P0011,1,4500.0,4500.0
ITEM0001765,PUR000979,P0012,6,850.0,5100.0
ITEM0001766,PUR000980,P0016,8,450.0,3600.0
ITEM0001767,PUR000981,P0011,2,4500.0,9000.0
ITEM0001768,PUR000981,P0019,5,1250.0,6250.0
ITEM0001769,PUR000982,P0019,5,1250.0,6250.0
ITEM0001770,PUR000982,P0008,2,4200.0,8400.0
ITEM0001771,PUR000982,P0012,5,850.0,4250.0
ITEM0001772,PUR000982,P0014,1,650.0,650.0
ITEM0001773,PUR000983,P0017,2,18500.0,37000.0
ITEM0001774,PUR000983,P0013,2,14500.0,29000.0
ITEM0001775,PUR000983,P0002,1,85000.0,85000.0
ITEM0001776,PUR000984,P0011,1,4500.0,4500.0
ITEM0001777,PUR000984,P0013,1,14500.0,14500.0
ITEM0001778,PUR000984,P0003,1,32000.0,32000.0
ITEM0001779,PUR000985,P0016,4,450.0,1800.0
ITEM0001780,PUR000986,P0015,4,1200.0,4800.0
ITEM0001781,PUR000986,P0018,7,550.0,3850.0
ITEM0001782,PUR000986,P0020,1,499.0,499.0
ITEM0001783,PUR000987,P0013,2,14500.0,29000.0
ITEM0001784,PUR000987,P0002,1,85000.0,85000.0
ITEM0001785,PUR000988,P0017,1,18500.0,18500.0
ITEM0001786,PUR000989,P0006,4,2800.0,11200.0
ITEM0001787,PUR000990,P0018,8,550.0,4400.0
ITEM0001788,PUR000991,P0006,1,2800.0,2800.0
ITEM0001789,PUR000991,P0004,2,12500.0,25000.0
ITEM0001790,PUR000991,P0011,2,4500.0,9000.0
ITEM0001791,PUR000992,P0004,3,12500.0,37500.0
ITEM0001792,PUR000992,P0018,8,550.0,4400.0
ITEM0001793,PUR000992,P0006,2,2800.0,5600.0
ITEM0001794,PUR000993,P0018,2,550.0,1100.0
ITEM0001795,PUR000994,P0006,1,2800.0,2800.0
ITEM0001796,PUR000994,P0014,1,650.0,650.0
ITEM0001797,PUR000994,P0004,3,12500.0,37500.0
ITEM0001798,PUR000995,P0017,1,18500.0,18500.0
ITEM0001799,PUR000995,P0001,2,65000.0,130000.0
ITEM0001800,PUR000995,P0013,1,14500.0,14500.0
ITEM0001801,PUR000996,P0013,1,14500.0,14500.0
ITEM0001802,PUR000996,P0017,2,18500.0,37000.0
ITEM0001803,PUR000996,P0003,1,32000.0,32000.0
ITEM0001804,PUR000997,P0014,3,650.0,1950.0
ITEM0001805,PUR000997,P0016,6,450.0,2700.0
ITEM0001806,PUR000998,P0002,2,85000.0,170000.0
ITEM0001807,PUR000998,P0003,2,32000.0,64000.0
ITEM0001808,PUR000998,P0017,2,18500.0,37000.0
ITEM0001809,PUR000998,P0001,1,65000.0,65000.0
ITEM0001810,PUR000999,P0005,1,4500.0,4500.0
ITEM0001811,PUR000999,P0006,2,2800.0,5600.0
ITEM0001812,PUR001000,P0004,1,12500.0,12500.0
ITEM0001813,PUR001001,P0007,2,1800.0,3600.0
ITEM0001814,PUR001002,P0006,2,2800.0,5600.0
ITEM0001815,PUR001002,P0019,1,1250.0,1250.0
ITEM0001816,PUR001002,P0017,1,18500.0,18500.0
ITEM0001817,PUR001002,P0003,1,32000.0,32000.0
ITEM0001818,PUR001003,P0011,3,4500.0,13500.0
ITEM0001819,PUR001003,P0006,4,2800.0,11200.0
ITEM0001820,PUR001004,P0003,3,32000.0,96000.0
ITEM0001821,PUR001005,P0011,3,4500.0,13500.0
ITEM0001822,PUR001006,P0014,2,650.0,1300.0
ITEM0001823,PUR001006,P0020,5,499.0,2495.0
ITEM0001824,PUR001007,P0017,2,18500.0,37000.0
ITEM0001825,PUR001008,P0019,4,1250.0,5000.0
ITEM0001826,PUR001008,P0009,1,1900.0,1900.0
ITEM0001827,PUR001009,P0015,4,1200.0,4800.0
ITEM0001828,PUR001009,P0004,1,12500.0,12500.0
ITEM0001829,PUR001010,P0008,5,4200.0,21000.0
ITEM0001830,PUR001011,P0017,2,18500.0,37000.0
ITEM0001831,PUR001011,P0004,1,12500.0,12500.0
ITEM0001832,PUR001012,P0017,2,18500.0,37000.0
ITEM0001833,PUR001013,P0014,8,650.0,5200.0
ITEM0001834,PUR001014,P0002,1,85000.0,85000.0
ITEM0001835,PUR001015,P0007,3,1800.0,5400.0
ITEM0001836,PUR001016,P0004,1,12500.0,12500.0
ITEM0001837,PUR001016,P0005,4,4500.0,18000.0
ITEM0001838,PUR001017,P0019,5,1250.0,6250.0
ITEM0001839,PUR001017,P0003,2,32000.0,64000.0
ITEM0001840,PUR001018,P0008,5,4200.0,21000.0
ITEM0001841,PUR001018,P0019,3,1250.0,3750.0
ITEM0001842,PUR001019,P0003,2,32000.0,64000.0
ITEM0001843,PUR001020,P0015,2,1200.0,2400.0
ITEM0001844,PUR001021,P0019,4,1250.0,5000.0
ITEM0001845,PUR001021,P0020,5,499.0,2495.0
ITEM0001846,PUR001021,P0012,5,850.0,4250.0
ITEM0001847,PUR001022,P0018,2,550.0,1100.0
ITEM0001848,PUR001023,P0004,3,12500.0,37500.0
ITEM0001849,PUR001024,P0009,1,1900.0,1900.0
ITEM0001850,PUR001024,P0008,3,4200.0,12600.0
ITEM0001851,PUR001025,P0011,1,4500.0,4500.0
ITEM0001852,PUR001025,P0003,3,32000.0,96000.0
ITEM0001853,PUR001025,P0013,2,14500.0,29000.0
ITEM0001854,PUR001026,P0015,1,1200.0,1200.0
ITEM0001855,PUR001026,P0020,3,499.0,1497.0
ITEM0001856,PUR001026,P0006,2,2800.0,5600.0
ITEM0001857,PUR001026,P0008,3,4200.0,12600.0
ITEM0001858,PUR001027,P0015,4,1200.0,4800.0
ITEM0001859,PUR001028,P0020,3,499.0,1497.0
ITEM0001860,PUR001029,P0009,5,1900.0,9500.0
ITEM0001861,PUR001029,P0008,2,4200.0,8400.0
ITEM0001862,PUR001030,P0004,3,12500.0,37500.0
ITEM0001863,PUR001031,P0018,4,550.0,2200.0
ITEM0001864,PUR001032,P0003,1,32000.0,32000.0
ITEM0001865,PUR001032,P0017,1,18500.0,18500.0
ITEM0001866,PUR001033,P0005,1,4500.0,4500.0
ITEM0001867,PUR001034,P0012,4,850.0,3400.0
ITEM0001868,PUR001034,P0011,3,4500.0,13500.0
ITEM0001869,PUR001035,P0002,1,85000.0,85000.0
ITEM0001870,PUR001035,P0013,2,14500.0,29000.0
ITEM0001871,PUR001036,P0002,2,85000.0,170000.0
ITEM0001872,PUR001036,P0003,2,32000.0,64000.0
ITEM0001873,PUR001037,P0013,2,14500.0,29000.0
ITEM0001874,PUR001038,P0012,1,850.0,850.0
ITEM0001875,PUR001038,P0019,2,1250.0,2500.0
ITEM0001876,PUR001039,P0011,3,4500.0,13500.0
ITEM0001877,PUR001039,P0012,6,850.0,5100.0
ITEM0001878,PUR001040,P0005,1,4500.0,4500.0
ITEM0001879,PUR001041,P0007,4,1800.0,7200.0
ITEM0001880,PUR001041,P0020,2,499.0,998.0
ITEM0001881,PUR001042,P0004,2,12500.0,25000.0
ITEM0001882,PUR001042,P0014,8,650.0,5200.0
ITEM0001883,PUR001043,P0018,5,550.0,2750.0
ITEM0001884,PUR001043,P0020,3,499.0,1497.0
ITEM0001885,PUR001043,P0005,2,4500.0,9000.0
ITEM0001886,PUR001044,P0017,1,18500.0,18500.0
ITEM0001887,PUR001044,P0004,3,12500.0,37500.0
ITEM0001888,PUR001045,P0006,4,2800.0,11200.0
ITEM0001889,PUR001046,P0005,2,4500.0,9000.0
ITEM0001890,PUR001047,P0019,3,1250.0,3750.0
ITEM0001891,PUR001048,P0014,2,650.0,1300.0
ITEM0001892,PUR001049,P0005,4,4500.0,18000.0
ITEM0001893,PUR001050,P0020,5,499.0,2495.0
ITEM0001894,PUR001050,P0006,1,2800.0,2800.0
ITEM0001895,PUR001051,P0008,2,4200.0,8400.0
ITEM0001896,PUR001051,P0019,4,1250.0,5000.0
ITEM0001897,PUR001052,P0015,1,1200.0,1200.0
ITEM0001898,PUR001052,P0011,2,4500.0,9000.0
ITEM0001899,PUR001053,P0011,1,4500.0,4500.0
ITEM0001900,PUR001053,P0004,1,12500.0,12500.0
ITEM0001901,PUR001054,P0013,2,14500.0,29000.0
ITEM0001902,PUR001054,P0001,1,65000.0,65000.0
ITEM0001903,PUR001055,P0015,4,1200.0,4800.0
ITEM0001904,PUR001056,P0013,1,14500.0,14500.0
ITEM0001905,PUR001057,P0019,2,1250.0,2500.0
ITEM0001906,PUR001057,P0003,2,32000.0,64000.0
ITEM0001907,PUR001058,P0004,1,12500.0,12500.0
ITEM0001908,PUR001058,P0006,4,2800.0,11200.0
ITEM0001909,PUR001059,P0004,1,12500.0,12500.0
ITEM0001910,PUR001060,P0014,8,650.0,5200.0
ITEM0001911,PUR001060,P0010,1,2200.0,2200.0
ITEM0001912,PUR001061,P0013,2,14500.0,29000.0
ITEM0001913,PUR001062,P0018,2,550.0,1100.0
ITEM0001914,PUR001063,P0001,1,65000.0,65000.0
ITEM0001915,PUR001064,P0007,5,1800.0,9000.0
ITEM0001916,PUR001064,P0014,4,650.0,2600.0
ITEM0001917,PUR001065,P0019,3,1250.0,3750.0
ITEM0001918,PUR001066,P0013,1,14500.0,14500.0
ITEM0001919,PUR001066,P0005,4,4500.0,18000.0
ITEM0001920,PUR001066,P0006,1,2800.0,2800.0
ITEM0001921,PUR001066,P0004,1,12500.0,12500.0
ITEM0001922,PUR001067,P0015,3,1200.0,3600.0
ITEM0001923,PUR001067,P0011,1,4500.0,4500.0
ITEM0001924,PUR001067,P0008,3,4200.0,12600.0
ITEM0001925,PUR001068,P0004,3,12500.0,37500.0
ITEM0001926,PUR001069,P0017,2,18500.0,37000.0
ITEM0001927,PUR001069,P0001,1,65000.0,65000.0
ITEM0001928,PUR001070,P0005,2,4500.0,9000.0
ITEM0001929,PUR001071,P0013,2,14500.0,29000.0
ITEM0001930,PUR001071,P0017,2,18500.0,37000.0
ITEM0001931,PUR001071,P0003,3,32000.0,96000.0
ITEM0001932,PUR001072,P0019,5,1250.0,6250.0
ITEM0001933,PUR001073,P0003,1,32000.0,32000.0
ITEM0001934,PUR001073,P0006,3,2800.0,8400.0
ITEM0001935,PUR001074,P0006,3,2800.0,8400.0
ITEM0001936,PUR001075,P0019,2,1250.0,2500.0
ITEM0001937,PUR001075,P0016,2,450.0,900.0
ITEM0001938,PUR001076,P0012,1,850.0,850.0
ITEM0001939,PUR001076,P0020,2,499.0,998.0
ITEM0001940,PUR001076,P0008,3,4200.0,12600.0
ITEM0001941,PUR001077,P0017,2,18500.0,37000.0
ITEM0001942,PUR001078,P0014,7,650.0,4550.0
ITEM0001943,PUR001079,P0011,1,4500.0,4500.0
ITEM0001944,PUR001079,P0004,2,12500.0,25000.0
ITEM0001945,PUR001079,P0003,2,32000.0,64000.0
ITEM0001946,PUR001080,P0007,3,1800.0,5400.0
ITEM0001947,PUR001081,P0008,1,4200.0,4200.0
ITEM0001948,PUR001081,P0014,1,650.0,650.0
ITEM0001949,PUR001082,P0003,2,32000.0,64000.0
ITEM0001950,PUR001083,P0003,2,32000.0,64000.0
ITEM0001951,PUR001083,P0001,2,65000.0,130000.0
ITEM0001952,PUR001083,P0017,2,18500.0,37000.0
ITEM0001953,PUR001084,P0002,1,85000.0,85000.0
ITEM0001954,PUR001085,P0006,1,2800.0,2800.0
ITEM0001955,PUR001086,P0010,3,2200.0,6600.0
ITEM0001956,PUR001087,P0004,1,12500.0,12500.0
ITEM0001957,PUR001088,P0013,1,14500.0,14500.0
ITEM0001958,PUR001089,P0003,2,32000.0,64000.0
ITEM0001959,PUR001089,P0013,1,14500.0,14500.0
ITEM0001960,PUR001090,P0005,1,4500.0,4500.0
ITEM0001961,PUR001091,P0002,1,85000.0,85000.0
ITEM0001962,PUR001091,P0003,3,32000.0,96000.0
ITEM0001963,PUR001092,P0013,2,14500.0,29000.0
ITEM0001964,PUR001092,P0005,3,4500.0,13500.0
ITEM0001965,PUR001093,P0004,2,12500.0,25000.0
ITEM0001966,PUR001093,P0016,6,450.0,2700.0
ITEM0001967,PUR001094,P0005,3,4500.0,13500.0
ITEM0001968,PUR001095,P0013,1,14500.0,14500.0
ITEM0001969,PUR001096,P0013,2,14500.0,29000.0
ITEM0001970,PUR001096,P0019,3,1250.0,3750.0
ITEM0001971,PUR001096,P0011,1,4500.0,4500.0
ITEM0001972,PUR001096,P0008,1,4200.0,4200.0
ITEM0001973,PUR001097,P0005,2,4500.0,9000.0
ITEM0001974,PUR001098,P0008,1,4200.0,4200.0
ITEM0001975,PUR001098,P0019,1,1250.0,1250.0
ITEM0001976,PUR001098,P0012,4,850.0,3400.0
ITEM0001977,PUR001099,P0020,5,499.0,2495.0
ITEM0001978,PUR001100,P0017,2,18500.0,37000.0
ITEM0001979,PUR001101,P0008,3,4200.0,12600.0
ITEM0001980,PUR001101,P0019,2,1250.0,2500.0
ITEM0001981,PUR001102,P0006,2,2800.0,5600.0
ITEM0001982,PUR001103,P0018,3,550.0,1650.0
ITEM0001983,PUR001104,P0011,1,4500.0,4500.0
ITEM0001984,PUR001105,P0004,2,12500.0,25000.0
ITEM0001985,PUR001106,P0001,1,65000.0,65000.0
ITEM0001986,PUR001106,P0003,1,32000.0,32000.0
ITEM0001987,PUR001107,P0009,3,1900.0,5700.0
ITEM0001988,PUR001107,P0011,1,4500.0,4500.0
ITEM0001989,PUR001108,P0003,1,32000.0,32000.0
ITEM0001990,PUR001109,P0016,5,450.0,2250.0
ITEM0001991,PUR001109,P0007,4,1800.0,7200.0
ITEM0001992,PUR001110,P0008,1,4200.0,4200.0
ITEM0001993,PUR001110,P0019,3,1250.0,3750.0
ITEM0001994,PUR001111,P0004,1,12500.0,12500.0
ITEM0001995,PUR001111,P0016,9,450.0,4050.0
ITEM0001996,PUR001111,P0009,3,1900.0,5700.0
ITEM0001997,PUR001112,P0002,2,85000.0,170000.0
ITEM0001998,PUR001113,P0006,1,2800.0,2800.0
ITEM0001999,PUR001114,P0001,1,65000.0,65000.0
ITEM0002000,PUR001114,P0003,1,32000.0,32000.0
ITEM0002001,PUR001114,P0017,2,18500.0,37000.0
ITEM0002002,PUR001114,P0002,2,85000.0,170000.0
ITEM0002003,PUR001115,P0012,2,850.0,1700.0
ITEM0002004,PUR001116,P0011,2,4500.0,9000.0
ITEM0002005,PUR001116,P0004,2,12500.0,25000.0
ITEM0002006,PUR001117,P0017,1,18500.0,18500.0
ITEM0002007,PUR001117,P0002,1,85000.0,85000.0
ITEM0002008,PUR001117,P0001,1,65000.0,65000.0
ITEM0002009,PUR001118,P0019,1,1250.0,1250.0
ITEM0002010,PUR001119,P0008,1,4200.0,4200.0
ITEM0002011,PUR001119,P0005,3,4500.0,13500.0
ITEM0002012,PUR001120,P0018,8,550.0,4400.0
ITEM0002013,PUR001121,P0011,2,4500.0,9000.0
ITEM0002014,PUR001121,P0009,2,1900.0,3800.0
ITEM0002015,PUR001122,P0011,1,4500.0,4500.0
ITEM0002016,PUR001123,P0017,1,18500.0,18500.0
ITEM0002017,PUR001123,P0013,1,14500.0,14500.0
ITEM0002018,PUR001124,P0017,2,18500.0,37000.0
ITEM0002019,PUR001125,P0004,3,12500.0,37500.0
ITEM0002020,PUR001126,P0001,2,65000.0,130000.0
ITEM0002021,PUR001126,P0017,2,18500.0,37000.0
ITEM0002022,PUR001127,P0010,4,2200.0,8800.0
ITEM0002023,PUR001127,P0019,3,1250.0,3750.0
ITEM0002024,PUR001127,P0012,2,850.0,1700.0
ITEM0002025,PUR001128,P0008,1,4200.0,4200.0
ITEM0002026,PUR001128,P0015,1,1200.0,1200.0
ITEM0002027,PUR001129,P0007,2,1800.0,3600.0
ITEM0002028,PUR001129,P0011,3,4500.0,13500.0
ITEM0002029,PUR001130,P0006,1,2800.0,2800.0
ITEM0002030,PUR001130,P0005,2,4500.0,9000.0
ITEM0002031,PUR001130,P0017,1,18500.0,18500.0
ITEM0002032,PUR001131,P0005,4,4500.0,18000.0
ITEM0002033,PUR001132,P0004,2,12500.0,25000.0
ITEM0002034,PUR001132,P0019,3,1250.0,3750.0
ITEM0002035,PUR001132,P0008,5,4200.0,21000.0
ITEM0002036,PUR001133,P0002,1,85000.0,85000.0
ITEM0002037,PUR001134,P0020,3,499.0,1497.0
ITEM0002038,PUR001134,P0019,4,1250.0,5000.0
ITEM0002039,PUR001134,P0009,1,1900.0,1900.0
ITEM0002040,PUR001135,P0011,3,4500.0,13500.0
ITEM0002041,PUR001135,P0015,4,1200.0,4800.0
ITEM0002042,PUR001136,P0006,4,2800.0,11200.0
ITEM0002043,PUR001137,P0019,2,1250.0,2500.0
ITEM0002044,PUR001138,P0003,1,32000.0,32000.0
ITEM0002045,PUR001139,P0011,3,4500.0,13500.0
ITEM0002046,PUR001140,P0006,2,2800.0,5600.0
ITEM0002047,PUR001141,P0003,2,32000.0,64000.0
ITEM0002048,PUR001141,P0008,5,4200.0,21000.0
ITEM0002049,PUR001141,P0019,5,1250.0,6250.0
ITEM0002050,PUR001141,P0011,2,4500.0,9000.0
ITEM0002051,PUR001142,P0016,10,450.0,4500.0
ITEM0002052,PUR001143,P0019,2,1250.0,2500.0
ITEM0002053,PUR001144,P0012,3,850.0,2550.0
ITEM0002054,PUR001144,P0018,4,550.0,2200.0
ITEM0002055,PUR001145,P0020,2,499.0,998.0
ITEM0002056,PUR001145,P0012,5,850.0,4250.0
ITEM0002057,PUR001145,P0015,3,1200.0,3600.0
ITEM0002058,PUR001146,P0003,3,32000.0,96000.0
ITEM0002059,PUR001146,P0019,1,1250.0,1250.0
ITEM0002060,PUR001146,P0017,2,18500.0,37000.0
ITEM0002061,PUR001147,P0018,5,550.0,2750.0
ITEM0002062,PUR001148,P0003,1,32000.0,32000.0
ITEM0002063,PUR001148,P0013,2,14500.0,29000.0
ITEM0002064,PUR001148,P0002,1,85000.0,85000.0
ITEM0002065,PUR001148,P0017,1,18500.0,18500.0
ITEM0002066,PUR001149,P0005,4,4500.0,18000.0
ITEM0002067,PUR001149,P0008,3,4200.0,12600.0
ITEM0002068,PUR001149,P0006,1,2800.0,2800.0
ITEM0002069,PUR001150,P0010,1,2200.0,2200.0
ITEM0002070,PUR001151,P0005,4,4500.0,18000.0
ITEM0002071,PUR001151,P0008,4,4200.0,16800.0
ITEM0002072,PUR001152,P0013,2,14500.0,29000.0
ITEM0002073,PUR001152,P0005,3,4500.0,13500.0
ITEM0002074,PUR001153,P0020,4,499.0,1996.0
ITEM0002075,PUR001153,P0014,6,650.0,3900.0
ITEM0002076,PUR001154,P0007,1,1800.0,1800.0
ITEM0002077,PUR001155,P0017,1,18500.0,18500.0
ITEM0002078,PUR001155,P0002,1,85000.0,85000.0
ITEM0002079,PUR001156,P0006,4,2800.0,11200.0
ITEM0002080,PUR001156,P0019,5,1250.0,6250.0
ITEM0002081,PUR001156,P0017,1,18500.0,18500.0
ITEM0002082,PUR001156,P0004,2,12500.0,25000.0
ITEM0002083,PUR001157,P0005,4,4500.0,18000.0
ITEM0002084,PUR001158,P0017,1,18500.0,18500.0
ITEM0002085,PUR001158,P0005,4,4500.0,18000.0
ITEM0002086,PUR001158,P0008,4,4200.0,16800.0
ITEM0002087,PUR001159,P0006,3,2800.0,8400.0
ITEM0002088,PUR001160,P0020,1,499.0,499.0
ITEM0002089,PUR001161,P0003,3,32000.0,96000.0
ITEM0002090,PUR001162,P0009,5,1900.0,9500.0
ITEM0002091,PUR001162,P0004,3,12500.0,37500.0
ITEM0002092,PUR001163,P0020,4,499.0,1996.0
ITEM0002093,PUR001163,P0015,5,1200.0,6000.0
ITEM0002094,PUR001164,P0005,1,4500.0,4500.0
ITEM0002095,PUR001165,P0003,1,32000.0,32000.0
ITEM0002096,PUR001166,P0008,2,4200.0,8400.0
ITEM0002097,PUR001167,P0017,1,18500.0,18500.0
ITEM0002098,PUR001167,P0003,1,32000.0,32000.0
ITEM0002099,PUR001168,P0006,2,2800.0,5600.0
ITEM0002100,PUR001169,P0004,3,12500.0,37500.0
ITEM0002101,PUR001170,P0006,1,2800.0,2800.0
ITEM0002102,PUR001170,P0011,3,4500.0,13500.0
ITEM0002103,PUR001171,P0018,2,550.0,1100.0
ITEM0002104,PUR001171,P0007,5,1800.0,9000.0
ITEM0002105,PUR001171,P0011,2,4500.0,9000.0
ITEM0002106,PUR001172,P0004,3,12500.0,37500.0
ITEM0002107,PUR001172,P0017,1,18500.0,18500.0
ITEM0002108,PUR001173,P0017,2,18500.0,37000.0
ITEM0002109,PUR001173,P0002,2,85000.0,170000.0
ITEM0002110,PUR001174,P0003,2,32000.0,64000.0
ITEM0002111,PUR001175,P0012,3,850.0,2550.0
ITEM0002112,PUR001175,P0018,6,550.0,3300.0
ITEM0002113,PUR001175,P0007,3,1800.0,5400.0
ITEM0002114,PUR001176,P0013,2,14500.0,29000.0
ITEM0002115,PUR001177,P0011,1,4500.0,4500.0
ITEM0002116,PUR001178,P0017,2,18500.0,37000.0
ITEM0002117,PUR001178,P0003,1,32000.0,32000.0
ITEM0002118,PUR001179,P0009,2,1900.0,3800.0
ITEM0002119,PUR001179,P0011,2,4500.0,9000.0
ITEM0002120,PUR001179,P0012,2,850.0,1700.0
ITEM0002121,PUR001180,P0011,1,4500.0,4500.0
ITEM0002122,PUR001181,P0015,5,1200.0,6000.0
ITEM0002123,PUR001182,P0010,2,2200.0,4400.0
ITEM0002124,PUR001182,P0004,1,12500.0,12500.0
ITEM0002125,PUR001183,P0008,3,4200.0,12600.0
ITEM0002126,PUR001183,P0013,1,14500.0,14500.0
ITEM0002127,PUR001184,P0009,5,1900.0,9500.0
ITEM0002128,PUR001184,P0006,1,2800.0,2800.0
ITEM0002129,PUR001185,P0014,5,650.0,3250.0
ITEM0002130,PUR001186,P0018,3,550.0,1650.0
ITEM0002131,PUR001187,P0011,3,4500.0,13500.0
ITEM0002132,PUR001187,P0017,2,18500.0,37000.0
ITEM0002133,PUR001188,P0017,1,18500.0,18500.0
ITEM0002134,PUR001189,P0008,3,4200.0,12600.0
ITEM0002135,PUR001189,P0006,4,2800.0,11200.0
ITEM0002136,PUR001190,P0007,2,1800.0,3600.0
ITEM0002137,PUR001190,P0012,1,850.0,850.0
ITEM0002138,PUR001190,P0009,5,1900.0,9500.0
ITEM0002139,PUR001191,P0012,4,850.0,3400.0
ITEM0002140,PUR001192,P0005,2,4500.0,9000.0
ITEM0002141,PUR001193,P0003,3,32000.0,96000.0
ITEM0002142,PUR001194,P0013,2,14500.0,29000.0
ITEM0002143,PUR001194,P0005,2,4500.0,9000.0
ITEM0002144,PUR001195,P0002,1,85000.0,85000.0
ITEM0002145,PUR001195,P0003,1,32000.0,32000.0
ITEM0002146,PUR001195,P0001,1,65000.0,65000.0
ITEM0002147,PUR001196,P0004,2,12500.0,25000.0
ITEM0002148,PUR001196,P0015,4,1200.0,4800.0
ITEM0002149,PUR001196,P0016,4,450.0,1800.0
ITEM0002150,PUR001197,P0019,3,1250.0,3750.0
ITEM0002151,PUR001198,P0013,1,14500.0,14500.0
ITEM0002152,PUR001198,P0006,4,2800.0,11200.0
ITEM0002153,PUR001199,P0020,4,499.0,1996.0
ITEM0002154,PUR001200,P0011,3,4500.0,13500.0
ITEM0002155,PUR001200,P0003,1,32000.0,32000.0
ITEM0002156,PUR001200,P0019,3,1250.0,3750.0
ITEM0002157,PUR001201,P0003,1,32000.0,32000.0
ITEM0002158,PUR001202,P0017,1,18500.0,18500.0
ITEM0002159,PUR001202,P0003,3,32000.0,96000.0
ITEM0002160,PUR001203,P0020,1,499.0,499.0
ITEM0002161,PUR001204,P0010,3,2200.0,6600.0
ITEM0002162,PUR001205,P0009,3,1900.0,5700.0
ITEM0002163,PUR001206,P0007,4,1800.0,7200.0
ITEM0002164,PUR001206,P0014,5,650.0,3250.0
ITEM0002165,PUR001207,P0008,2,4200.0,8400.0
ITEM0002166,PUR001208,P0006,2,2800.0,5600.0
ITEM0002167,PUR001209,P0018,6,550.0,3300.0
ITEM0002168,PUR001209,P0010,3,2200.0,6600.0
ITEM0002169,PUR001210,P0002,2,85000.0,170000.0
ITEM0002170,PUR001210,P0003,2,32000.0,64000.0
ITEM0002171,PUR001211,P0017,2,18500.0,37000.0
ITEM0002172,PUR001211,P0013,1,14500.0,14500.0
ITEM0002173,PUR001212,P0016,9,450.0,4050.0
ITEM0002174,PUR001213,P0016,4,450.0,1800.0
ITEM0002175,PUR001214,P0008,3,4200.0,12600.0
ITEM0002176,PUR001214,P0003,1,32000.0,32000.0
ITEM0002177,PUR001214,P0004,2,12500.0,25000.0
ITEM0002178,PUR001215,P0011,2,4500.0,9000.0
ITEM0002179,PUR001216,P0019,3,1250.0,3750.0
ITEM0002180,PUR001216,P0008,1,4200.0,4200.0
ITEM0002181,PUR001216,P0004,1,12500.0,12500.0
ITEM0002182,PUR001217,P0013,1,14500.0,14500.0
ITEM0002183,PUR001218,P0010,4,2200.0,8800.0
ITEM0002184,PUR001219,P0013,2,14500.0,29000.0
ITEM0002185,PUR001220,P0011,2,4500.0,9000.0
ITEM0002186,PUR001221,P0017,1,18500.0,18500.0
ITEM0002187,PUR001222,P0017,1,18500.0,18500.0
ITEM0002188,PUR001222,P0013,2,14500.0,29000.0
ITEM0002189,PUR001223,P0006,2,2800.0,5600.0
ITEM0002190,PUR001224,P0008,1,4200.0,4200.0
ITEM0002191,PUR001224,P0005,2,4500.0,9000.0
ITEM0002192,PUR001225,P0018,3,550.0,1650.0
ITEM0002193,PUR001226,P0006,2,2800.0,5600.0
ITEM0002194,PUR001226,P0008,1,4200.0,4200.0
ITEM0002195,PUR001227,P0006,2,2800.0,5600.0
ITEM0002196,PUR001227,P0011,1,4500.0,4500.0
ITEM0002197,PUR001228,P0011,3,4500.0,13500.0
ITEM0002198,PUR001228,P0007,4,1800.0,7200.0
ITEM0002199,PUR001228,P0014,1,650.0,650.0
ITEM0002200,PUR001229,P0018,4,550.0,2200.0
ITEM0002201,PUR001229,P0011,1,4500.0,4500.0
ITEM0002202,PUR001230,P0005,2,4500.0,9000.0
ITEM0002203,PUR001230,P0003,3,32000.0,96000.0
ITEM0002204,PUR001231,P0011,3,4500.0,13500.0
ITEM0002205,PUR001231,P0012,5,850.0,4250.0
ITEM0002206,PUR001231,P0008,5,4200.0,21000.0
ITEM0002207,PUR001232,P0013,2,14500.0,29000.0
ITEM0002208,PUR001233,P0010,1,2200.0,2200.0
ITEM0002209,PUR001234,P0003,3,32000.0,96000.0
ITEM0002210,PUR001235,P0013,1,14500.0,14500.0
ITEM0002211,PUR001235,P0005,4,4500.0,18000.0
ITEM0002212,PUR001235,P0006,1,2800.0,2800.0
ITEM0002213,PUR001236,P0004,1,12500.0,12500.0
ITEM0002214,PUR001236,P0008,3,4200.0,12600.0
ITEM0002215,PUR001236,P0019,2,1250.0,2500.0
ITEM0002216,PUR001236,P0017,1,18500.0,18500.0
ITEM0002217,PUR001237,P0005,4,4500.0,18000.0
ITEM0002218,PUR001238,P0013,1,14500.0,14500.0
ITEM0002219,PUR001239,P0013,1,14500.0,14500.0
ITEM0002220,PUR001240,P0009,5,1900.0,9500.0
ITEM0002221,PUR001241,P0005,3,4500.0,13500.0
ITEM0002222,PUR001241,P0007,1,1800.0,1800.0
ITEM0002223,PUR001241,P0009,1,1900.0,1900.0
ITEM0002224,PUR001242,P0008,4,4200.0,16800.0
ITEM0002225,PUR001243,P0014,8,650.0,5200.0
ITEM0002226,PUR001243,P0009,4,1900.0,7600.0
ITEM0002227,PUR001243,P0015,4,1200.0,4800.0
ITEM0002228,PUR001244,P0001,2,65000.0,130000.0
ITEM0002229,PUR001245,P0007,2,1800.0,3600.0
ITEM0002230,PUR001245,P0019,2,1250.0,2500.0
ITEM0002231,PUR001246,P0018,4,550.0,2200.0
ITEM0002232,PUR001246,P0019,5,1250.0,6250.0
ITEM0002233,PUR001247,P0006,4,2800.0,11200.0
ITEM0002234,PUR001248,P0003,1,32000.0,32000.0
ITEM0002235,PUR001248,P0002,2,85000.0,170000.0
ITEM0002236,PUR001249,P0005,4,4500.0,18000.0
ITEM0002237,PUR001250,P0019,2,1250.0,2500.0
ITEM0002238,PUR001250,P0012,4,850.0,3400.0
ITEM0002239,PUR001251,P0010,3,2200.0,6600.0
ITEM0002240,PUR001251,P0016,3,450.0,1350.0
ITEM0002241,PUR001252,P0013,1,14500.0,14500.0
ITEM0002242,PUR001253,P0011,2,4500.0,9000.0
ITEM0002243,PUR001253,P0003,3,32000.0,96000.0
ITEM0002244,PUR001254,P0008,3,4200.0,12600.0
ITEM0002245,PUR001255,P0011,3,4500.0,13500.0
ITEM0002246,PUR001255,P0019,4,1250.0,5000.0
ITEM0002247,PUR001255,P0010,2,2200.0,4400.0
ITEM0002248,PUR001256,P0019,2,1250.0,2500.0
ITEM0002249,PUR001256,P0004,3,12500.0,37500.0
ITEM0002250,PUR001257,P0006,1,2800.0,2800.0
ITEM0002251,PUR001257,P0004,3,12500.0,37500.0
ITEM0002252,PUR001258,P0004,2,12500.0,25000.0
ITEM0002253,PUR001259,P0017,1,18500.0,18500.0
ITEM0002254,PUR001260,P0018,7,550.0,3850.0
ITEM0002255,PUR001261,P0013,1,14500.0,14500.0
ITEM0002256,PUR001262,P0019,4,1250.0,5000.0
ITEM0002257,PUR001263,P0006,3,2800.0,8400.0
ITEM0002258,PUR001264,P0007,2,1800.0,3600.0
ITEM0002259,PUR001264,P0018,4,550.0,2200.0
ITEM0002260,PUR001264,P0009,5,1900.0,9500.0
ITEM0002261,PUR001265,P0006,1,2800.0,2800.0
ITEM0002262,PUR001265,P0011,3,4500.0,13500.0
ITEM0002263,PUR001266,P0003,3,32000.0,96000.0
ITEM0002264,PUR001267,P0014,7,650.0,4550.0
ITEM0002265,PUR001267,P0012,5,850.0,4250.0
ITEM0002266,PUR001268,P0008,1,4200.0,4200.0
ITEM0002267,PUR001269,P0007,5,1800.0,9000.0
ITEM0002268,PUR001270,P0006,1,2800.0,2800.0
ITEM0002269,PUR001270,P0003,3,32000.0,96000.0
ITEM0002270,PUR001270,P0008,1,4200.0,4200.0
ITEM0002271,PUR001271,P0013,1,14500.0,14500.0
ITEM0002272,PUR001272,P0005,4,4500.0,18000.0
ITEM0002273,PUR001273,P0004,2,12500.0,25000.0
ITEM0002274,PUR001273,P0019,3,1250.0,3750.0
ITEM0002275,PUR001274,P0019,3,1250.0,3750.0
ITEM0002276,PUR001275,P0013,1,14500.0,14500.0
ITEM0002277,PUR001276,P0019,4,1250.0,5000.0
ITEM0002278,PUR001276,P0011,2,4500.0,9000.0
ITEM0002279,PUR001277,P0005,2,4500.0,9000.0
ITEM0002280,PUR001278,P0019,4,1250.0,5000.0
ITEM0002281,PUR001278,P0017,1,18500.0,18500.0
ITEM0002282,PUR001279,P0009,1,1900.0,1900.0
ITEM0002283,PUR001280,P0019,3,1250.0,3750.0
ITEM0002284,PUR001280,P0006,1,2800.0,2800.0
ITEM0002285,PUR001281,P0017,1,18500.0,18500.0
ITEM0002286,PUR001282,P0017,1,18500.0,18500.0
ITEM0002287,PUR001282,P0003,3,32000.0,96000.0
ITEM0002288,PUR001282,P0006,2,2800.0,5600.0
ITEM0002289,PUR001283,P0013,1,14500.0,14500.0
ITEM0002290,PUR001284,P0008,4,4200.0,16800.0
ITEM0002291,PUR001285,P0011,1,4500.0,4500.0
ITEM0002292,PUR001286,P0008,5,4200.0,21000.0
ITEM0002293,PUR001286,P0010,4,2200.0,8800.0
ITEM0002294,PUR001286,P0019,3,1250.0,3750.0
ITEM0002295,PUR001287,P0017,1,18500.0,18500.0
ITEM0002296,PUR001288,P0005,1,4500.0,4500.0
ITEM0002297,PUR001288,P0011,2,4500.0,9000.0
ITEM0002298,PUR001289,P0004,3,12500.0,37500.0
ITEM0002299,PUR001289,P0005,2,4500.0,9000.0
ITEM0002300,PUR001290,P0017,2,18500.0,37000.0
ITEM0002301,PUR001290,P0013,2,14500.0,29000.0
ITEM0002302,PUR001291,P0016,1,450.0,450.0
ITEM0002303,PUR001291,P0009,2,1900.0,3800.0
ITEM0002304,PUR001291,P0004,3,12500.0,37500.0
ITEM0002305,PUR001292,P0006,2,2800.0,5600.0
ITEM0002306,PUR001293,P0002,1,85000.0,85000.0
ITEM0002307,PUR001293,P0001,1,65000.0,65000.0
ITEM0002308,PUR001294,P0005,4,4500.0,18000.0
ITEM0002309,PUR001295,P0016,5,450.0,2250.0
ITEM0002310,PUR001296,P0011,3,4500.0,13500.0
ITEM0002311,PUR001296,P0004,1,12500.0,12500.0
ITEM0002312,PUR001296,P0003,1,32000.0,32000.0
ITEM0002313,PUR001296,P0013,2,14500.0,29000.0
ITEM0002314,PUR001297,P0008,3,4200.0,12600.0
ITEM0002315,PUR001298,P0019,4,1250.0,5000.0
ITEM0002316,PUR001298,P0018,2,550.0,1100.0
ITEM0002317,PUR001299,P0019,4,1250.0,5000.0
ITEM0002318,PUR001299,P0013,2,14500.0,29000.0
ITEM0002319,PUR001300,P0011,1,4500.0,4500.0
ITEM0002320,PUR001301,P0014,4,650.0,2600.0
ITEM0002321,PUR001302,P0011,1,4500.0,4500.0
ITEM0002322,PUR001303,P0003,3,32000.0,96000.0
ITEM0002323,PUR001303,P0008,1,4200.0,4200.0
ITEM0002324,PUR001304,P0011,1,4500.0,4500.0
ITEM0002325,PUR001304,P0007,1,1800.0,1800.0
ITEM0002326,PUR001304,P0008,1,4200.0,4200.0
ITEM0002327,PUR001305,P0011,3,4500.0,13500.0
ITEM0002328,PUR001306,P0007,3,1800.0,5400.0
ITEM0002329,PUR001307,P0005,3,4500.0,13500.0
ITEM0002330,PUR001307,P0006,3,2800.0,8400.0
ITEM0002331,PUR001307,P0017,1,18500.0,18500.0
ITEM0002332,PUR001308,P0004,2,12500.0,25000.0
ITEM0002333,PUR001308,P0016,8,450.0,3600.0
ITEM0002334,PUR001309,P0011,2,4500.0,9000.0
ITEM0002335,PUR001310,P0011,2,4500.0,9000.0
ITEM0002336,PUR001311,P0017,2,18500.0,37000.0
ITEM0002337,PUR001311,P0004,1,12500.0,12500.0
ITEM0002338,PUR001311,P0019,2,1250.0,2500.0
ITEM0002339,PUR001312,P0020,5,499.0,2495.0
ITEM0002340,PUR001313,P0015,1,1200.0,1200.0
ITEM0002341,PUR001313,P0020,4,499.0,1996.0
ITEM0002342,PUR001314,P0005,1,4500.0,4500.0
ITEM0002343,PUR001315,P0002,2,85000.0,170000.0
ITEM0002344,PUR001315,P0001,2,65000.0,130000.0
ITEM0002345,PUR001316,P0003,2,32000.0,64000.0
ITEM0002346,PUR001316,P0004,2,12500.0,25000.0
ITEM0002347,PUR001316,P0019,5,1250.0,6250.0
ITEM0002348,PUR001317,P0013,1,14500.0,14500.0
ITEM0002349,PUR001318,P0008,4,4200.0,16800.0
ITEM0002350,PUR001318,P0005,2,4500.0,9000.0
ITEM0002351,PUR001319,P0008,2,4200.0,8400.0
ITEM0002352,PUR001320,P0017,1,18500.0,18500.0
ITEM0002353,PUR001321,P0003,3,32000.0,96000.0
ITEM0002354,PUR001322,P0011,2,4500.0,9000.0
ITEM0002355,PUR001322,P0006,2,2800.0,5600.0
ITEM0002356,PUR001323,P0006,2,2800.0,5600.0
ITEM0002357,PUR001323,P0009,4,1900.0,7600.0
ITEM0002358,PUR001323,P0016,4,450.0,1800.0
ITEM0002359,PUR001324,P0008,4,4200.0,16800.0
ITEM0002360,PUR001324,P0011,1,4500.0,4500.0
ITEM0002361,PUR001325,P0015,2,1200.0,2400.0
ITEM0002362,PUR001325,P0004,1,12500.0,12500.0
ITEM0002363,PUR001326,P0003,3,32000.0,96000.0
ITEM0002364,PUR001327,P0005,3,4500.0,13500.0
ITEM0002365,PUR001327,P0017,2,18500.0,37000.0
ITEM0002366,PUR001328,P0003,2,32000.0,64000.0
ITEM0002367,PUR001329,P0014,3,650.0,1950.0
ITEM0002368,PUR001329,P0015,1,1200.0,1200.0
ITEM0002369,PUR001330,P0011,3,4500.0,13500.0
ITEM0002370,PUR001331,P0014,8,650.0,5200.0
ITEM0002371,PUR001332,P0013,1,14500.0,14500.0
ITEM0002372,PUR001332,P0011,2,4500.0,9000.0
ITEM0002373,PUR001333,P0015,4,1200.0,4800.0
ITEM0002374,PUR001334,P0011,3,4500.0,13500.0
ITEM0002375,PUR001335,P0011,1,4500.0,4500.0
ITEM0002376,PUR001336,P0013,1,14500.0,14500.0
ITEM0002377,PUR001337,P0008,5,4200.0,21000.0
ITEM0002378,PUR001338,P0003,3,32000.0,96000.0
ITEM0002379,PUR001338,P0017,2,18500.0,37000.0
ITEM0002380,PUR001338,P0011,3,4500.0,13500.0
ITEM0002381,PUR001339,P0003,2,32000.0,64000.0
ITEM0002382,PUR001339,P0001,1,65000.0,65000.0
ITEM0002383,PUR001340,P0007,1,1800.0,1800.0
ITEM0002384,PUR001340,P0018,7,550.0,3850.0
ITEM0002385,PUR001341,P0002,1,85000.0,85000.0
ITEM0002386,PUR001342,P0002,2,85000.0,170000.0
ITEM0002387,PUR001342,P0005,2,4500.0,9000.0
ITEM0002388,PUR001343,P0011,3,4500.0,13500.0
ITEM0002389,PUR001343,P0006,3,2800.0,8400.0
ITEM0002390,PUR001343,P0008,4,4200.0,16800.0
ITEM0002391,PUR001344,P0014,4,650.0,2600.0
ITEM0002392,PUR001345,P0007,5,1800.0,9000.0
ITEM0002393,PUR001345,P0019,3,1250.0,3750.0
ITEM0002394,PUR001346,P0005,4,4500.0,18000.0
ITEM0002395,PUR001346,P0017,2,18500.0,37000.0
ITEM0002396,PUR001346,P0006,2,2800.0,5600.0
ITEM0002397,PUR001347,P0013,1,14500.0,14500.0
ITEM0002398,PUR001347,P0002,2,85000.0,170000.0
ITEM0002399,PUR001347,P0001,1,65000.0,65000.0
ITEM0002400,PUR001348,P0013,2,14500.0,29000.0
ITEM0002401,PUR001349,P0003,3,32000.0,96000.0
ITEM0002402,PUR001350,P0009,1,1900.0,1900.0
ITEM0002403,PUR001350,P0004,3,12500.0,37500.0
ITEM0002404,PUR001350,P0018,4,550.0,2200.0
ITEM0002405,PUR001351,P0013,2,14500.0,29000.0
ITEM0002406,PUR001352,P0013,1,14500.0,14500.0
ITEM0002407,PUR001353,P0017,2,18500.0,37000.0
ITEM0002408,PUR001354,P0003,3,32000.0,96000.0
ITEM0002409,PUR001354,P0017,1,18500.0,18500.0
ITEM0002410,PUR001354,P0001,2,65000.0,130000.0
ITEM0002411,PUR001355,P0014,4,650.0,2600.0
ITEM0002412,PUR001356,P0018,5,550.0,2750.0
ITEM0002413,PUR001357,P0004,2,12500.0,25000.0
ITEM0002414,PUR001357,P0017,2,18500.0,37000.0
ITEM0002415,PUR001357,P0019,5,1250.0,6250.0
ITEM0002416,PUR001358,P0003,1,32000.0,32000.0
ITEM0002417,PUR001358,P0005,1,4500.0,4500.0
ITEM0002418,PUR001359,P0008,3,4200.0,12600.0
ITEM0002419,PUR001359,P0013,1,14500.0,14500.0
ITEM0002420,PUR001359,P0003,1,32000.0,32000.0
ITEM0002421,PUR001360,P0004,2,12500.0,25000.0
ITEM0002422,PUR001361,P0011,2,4500.0,9000.0
ITEM0002423,PUR001361,P0017,2,18500.0,37000.0
ITEM0002424,PUR001361,P0008,5,4200.0,21000.0
ITEM0002425,PUR001362,P0018,7,550.0,3850.0
ITEM0002426,PUR001363,P0008,1,4200.0,4200.0
ITEM0002427,PUR001364,P0003,1,32000.0,32000.0
ITEM0002428,PUR001364,P0002,1,85000.0,85000.0
ITEM0002429,PUR001364,P0017,2,18500.0,37000.0
ITEM0002430,PUR001365,P0019,4,1250.0,5000.0
ITEM0002431,PUR001366,P0005,2,4500.0,9000.0
ITEM0002432,PUR001366,P0020,5,499.0,2495.0
ITEM0002433,PUR001366,P0010,4,2200.0,8800.0
ITEM0002434,PUR001367,P0015,4,1200.0,4800.0
ITEM0002435,PUR001367,P0012,3,850.0,2550.0
ITEM0002436,PUR001368,P0008,4,4200.0,16800.0
ITEM0002437,PUR001369,P0002,2,85000.0,170000.0
ITEM0002438,PUR001370,P0003,3,32000.0,96000.0
ITEM0002439,PUR001371,P0007,5,1800.0,9000.0
ITEM0002440,PUR001371,P0006,1,2800.0,2800.0
ITEM0002441,PUR001372,P0006,4,2800.0,11200.0
ITEM0002442,PUR001372,P0013,1,14500.0,14500.0
ITEM0002443,PUR001373,P0005,3,4500.0,13500.0
ITEM0002444,PUR001373,P0018,6,550.0,3300.0
ITEM0002445,PUR001373,P0011,3,4500.0,13500.0
ITEM0002446,PUR001373,P0014,8,650.0,5200.0
ITEM0002447,PUR001374,P0009,1,1900.0,1900.0
ITEM0002448,PUR001375,P0013,1,14500.0,14500.0
ITEM0002449,PUR001376,P0019,4,1250.0,5000.0
ITEM0002450,PUR001377,P0002,1,85000.0,85000.0
ITEM0002451,PUR001377,P0017,2,18500.0,37000.0
ITEM0002452,PUR001377,P0013,1,14500.0,14500.0
ITEM0002453,PUR001378,P0011,2,4500.0,9000.0
ITEM0002454,PUR001379,P0003,2,32000.0,64000.0
ITEM0002455,PUR001379,P0002,2,85000.0,170000.0
ITEM0002456,PUR001380,P0018,1,550.0,550.0
ITEM0002457,PUR001381,P0006,2,2800.0,5600.0
ITEM0002458,PUR001382,P0005,4,4500.0,18000.0
ITEM0002459,PUR001383,P0006,3,2800.0,8400.0
ITEM0002460,PUR001383,P0017,2,18500.0,37000.0
ITEM0002461,PUR001384,P0017,1,18500.0,18500.0
ITEM0002462,PUR001385,P0002,1,85000.0,85000.0
ITEM0002463,PUR001385,P0017,1,18500.0,18500.0
ITEM0002464,PUR001386,P0005,1,4500.0,4500.0
ITEM0002465,PUR001387,P0001,2,65000.0,130000.0
ITEM0002466,PUR001388,P0018,7,550.0,3850.0
ITEM0002467,PUR001389,P0017,2,18500.0,37000.0
ITEM0002468,PUR001390,P0018,3,550.0,1650.0
ITEM0002469,PUR001391,P0004,1,12500.0,12500.0
ITEM0002470,PUR001392,P0008,2,4200.0,8400.0
ITEM0002471,PUR001392,P0006,1,2800.0,2800.0
ITEM0002472,PUR001393,P0004,2,12500.0,25000.0
ITEM0002473,PUR001393,P0008,4,4200.0,16800.0
ITEM0002474,PUR001393,P0017,2,18500.0,37000.0
ITEM0002475,PUR001394,P0012,4,850.0,3400.0
ITEM0002476,PUR001395,P0014,7,650.0,4550.0
ITEM0002477,PUR001395,P0015,4,1200.0,4800.0
ITEM0002478,PUR001396,P0015,4,1200.0,4800.0
ITEM0002479,PUR001397,P0003,2,32000.0,64000.0
ITEM0002480,PUR001397,P0006,1,2800.0,2800.0
ITEM0002481,PUR001398,P0020,2,499.0,998.0
ITEM0002482,PUR001398,P0016,5,450.0,2250.0
ITEM0002483,PUR001398,P0019,2,1250.0,2500.0
ITEM0002484,PUR001399,P0020,3,499.0,1497.0
ITEM0002485,PUR001400,P0005,3,4500.0,13500.0
ITEM0002486,PUR001400,P0017,2,18500.0,37000.0
ITEM0002487,PUR001400,P0006,4,2800.0,11200.0
ITEM0002488,PUR001401,P0019,4,1250.0,5000.0
ITEM0002489,PUR001401,P0014,3,650.0,1950.0
ITEM0002490,PUR001401,P0012,2,850.0,1700.0
ITEM0002491,PUR001402,P0019,4,1250.0,5000.0
ITEM0002492,PUR001403,P0003,3,32000.0,96000.0
ITEM0002493,PUR001403,P0004,3,12500.0,37500.0
ITEM0002494,PUR001404,P0012,5,850.0,4250.0
ITEM0002495,PUR001405,P0003,2,32000.0,64000.0
ITEM0002496,PUR001405,P0002,2,85000.0,170000.0
ITEM0002497,PUR001406,P0014,4,650.0,2600.0
ITEM0002498,PUR001407,P0005,4,4500.0,18000.0
ITEM0002499,PUR001408,P0004,3,12500.0,37500.0
ITEM0002500,PUR001409,P0008,4,4200.0,16800.0
ITEM0002501,PUR001409,P0017,1,18500.0,18500.0
ITEM0002502,PUR001409,P0003,1,32000.0,32000.0
ITEM0002503,PUR001409,P0013,1,14500.0,14500.0
ITEM0002504,PUR001410,P0011,2,4500.0,9000.0
ITEM0002505,PUR001410,P0006,3,2800.0,8400.0
ITEM0002506,PUR001410,P0003,3,32000.0,96000.0
ITEM0002507,PUR001411,P0005,4,4500.0,18000.0
ITEM0002508,PUR001412,P0017,2,18500.0,37000.0
ITEM0002509,PUR001412,P0006,4,2800.0,11200.0
ITEM0002510,PUR001413,P0012,4,850.0,3400.0
ITEM0002511,PUR001414,P0003,3,32000.0,96000.0
ITEM0002512,PUR001414,P0004,3,12500.0,37500.0
ITEM0002513,PUR001415,P0017,2,18500.0,37000.0
ITEM0002514,PUR001416,P0013,1,14500.0,14500.0
ITEM0002515,PUR001416,P0003,2,32000.0,64000.0
ITEM0002516,PUR001417,P0005,3,4500.0,13500.0
ITEM0002517,PUR001417,P0010,1,2200.0,2200.0
ITEM0002518,PUR001418,P0011,2,4500.0,9000.0
ITEM0002519,PUR001418,P0016,10,450.0,4500.0
ITEM0002520,PUR001419,P0006,2,2800.0,5600.0
ITEM0002521,PUR001420,P0008,3,4200.0,12600.0
ITEM0002522,PUR001420,P0017,1,18500.0,18500.0
ITEM0002523,PUR001420,P0013,1,14500.0,14500.0
ITEM0002524,PUR001421,P0003,1,32000.0,32000.0
ITEM0002525,PUR001421,P0013,2,14500.0,29000.0
ITEM0002526,PUR001422,P0019,3,1250.0,3750.0
ITEM0002527,PUR001422,P0020,4,499.0,1996.0
ITEM0002528,PUR001422,P0004,2,12500.0,25000.0
ITEM0002529,PUR001422,P0018,3,550.0,1650.0
ITEM0002530,PUR001423,P0011,3,4500.0,13500.0
ITEM0002531,PUR001424,P0014,3,650.0,1950.0
ITEM0002532,PUR001425,P0005,4,4500.0,18000.0
ITEM0002533,PUR001425,P0007,5,1800.0,9000.0
ITEM0002534,PUR001426,P0011,1,4500.0,4500.0
ITEM0002535,PUR001427,P0016,4,450.0,1800.0
ITEM0002536,PUR001427,P0005,4,4500.0,18000.0
ITEM0002537,PUR001428,P0002,1,85000.0,85000.0
ITEM0002538,PUR001428,P0013,2,14500.0,29000.0
ITEM0002539,PUR001429,P0013,1,14500.0,14500.0
ITEM0002540,PUR001429,P0004,3,12500.0,37500.0
ITEM0002541,PUR001429,P0006,3,2800.0,8400.0
ITEM0002542,PUR001430,P0006,4,2800.0,11200.0
ITEM0002543,PUR001430,P0011,2,4500.0,9000.0
ITEM0002544,PUR001430,P0003,2,32000.0,64000.0
ITEM0002545,PUR001431,P0010,5,2200.0,11000.0
ITEM0002546,PUR001431,P0015,2,1200.0,2400.0
ITEM0002547,PUR001432,P0003,1,32000.0,32000.0
ITEM0002548,PUR001432,P0006,2,2800.0,5600.0
ITEM0002549,PUR001433,P0003,3,32000.0,96000.0
ITEM0002550,PUR001434,P0015,3,1200.0,3600.0
ITEM0002551,PUR001435,P0005,1,4500.0,4500.0
ITEM0002552,PUR001436,P0019,2,1250.0,2500.0
ITEM0002553,PUR001437,P0001,2,65000.0,130000.0
ITEM0002554,PUR001438,P0005,4,4500.0,18000.0
ITEM0002555,PUR001438,P0004,3,12500.0,37500.0
ITEM0002556,PUR001439,P0009,2,1900.0,3800.0
ITEM0002557,PUR001439,P0020,4,499.0,1996.0
ITEM0002558,PUR001439,P0004,1,12500.0,12500.0
ITEM0002559,PUR001440,P0019,1,1250.0,1250.0
ITEM0002560,PUR001440,P0012,3,850.0,2550.0
ITEM0002561,PUR001441,P0016,2,450.0,900.0
ITEM0002562,PUR001441,P0004,1,12500.0,12500.0
ITEM0002563,PUR001441,P0011,2,4500.0,9000.0
ITEM0002564,PUR001441,P0005,1,4500.0,4500.0
ITEM0002565,PUR001442,P0020,2,499.0,998.0
ITEM0002566,PUR001443,P0010,5,2200.0,11000.0
ITEM0002567,PUR001444,P0008,4,4200.0,16800.0
ITEM0002568,PUR001444,P0006,3,2800.0,8400.0
ITEM0002569,PUR001444,P0013,1,14500.0,14500.0
ITEM0002570,PUR001444,P0003,2,32000.0,64000.0
ITEM0002571,PUR001445,P0006,1,2800.0,2800.0
ITEM0002572,PUR001445,P0015,2,1200.0,2400.0
ITEM0002573,PUR001446,P0010,1,2200.0,2200.0
ITEM0002574,PUR001447,P0018,2,550.0,1100.0
ITEM0002575,PUR001447,P0004,1,12500.0,12500.0
ITEM0002576,PUR001448,P0019,5,1250.0,6250.0
ITEM0002577,PUR001448,P0004,1,12500.0,12500.0
ITEM0002578,PUR001449,P0015,4,1200.0,4800.0
ITEM0002579,PUR001450,P0003,2,32000.0,64000.0
ITEM0002580,PUR001450,P0013,2,14500.0,29000.0
ITEM0002581,PUR001451,P0005,2,4500.0,9000.0
ITEM0002582,PUR001452,P0008,4,4200.0,16800.0
ITEM0002583,PUR001452,P0006,3,2800.0,8400.0
ITEM0002584,PUR001453,P0004,1,12500.0,12500.0
ITEM0002585,PUR001454,P0016,4,450.0,1800.0
ITEM0002586,PUR001454,P0012,4,850.0,3400.0
ITEM0002587,PUR001455,P0003,3,32000.0,96000.0
ITEM0002588,PUR001455,P0013,2,14500.0,29000.0
ITEM0002589,PUR001456,P0008,4,4200.0,16800.0
ITEM0002590,PUR001457,P0004,2,12500.0,25000.0
ITEM0002591,PUR001457,P0018,2,550.0,1100.0
ITEM0002592,PUR001457,P0010,1,2200.0,2200.0
ITEM0002593,PUR001457,P0009,3,1900.0,5700.0
ITEM0002594,PUR001458,P0010,3,2200.0,6600.0
ITEM0002595,PUR001458,P0011,3,4500.0,13500.0
ITEM0002596,PUR001459,P0017,2,18500.0,37000.0
ITEM0002597,PUR001460,P0005,4,4500.0,18000.0
ITEM0002598,PUR001460,P0020,2,499.0,998.0
ITEM0002599,PUR001461,P0001,2,65000.0,130000.0
ITEM0002600,PUR001462,P0006,1,2800.0,2800.0
ITEM0002601,PUR001463,P0012,1,850.0,850.0
ITEM0002602,PUR001464,P0008,5,4200.0,21000.0
ITEM0002603,PUR001465,P0019,1,1250.0,1250.0
ITEM0002604,PUR001465,P0009,1,1900.0,1900.0
ITEM0002605,PUR001465,P0014,1,650.0,650.0
ITEM0002606,PUR001466,P0009,3,1900.0,5700.0
ITEM0002607,PUR001467,P0004,1,12500.0,12500.0
ITEM0002608,PUR001468,P0019,1,1250.0,1250.0
ITEM0002609,PUR001469,P0009,2,1900.0,3800.0
ITEM0002610,PUR001470,P0012,3,850.0,2550.0
ITEM0002611,PUR001470,P0015,1,1200.0,1200.0
ITEM0002612,PUR001471,P0014,8,650.0,5200.0
ITEM0002613,PUR001471,P0020,4,499.0,1996.0
ITEM0002614,PUR001471,P0011,3,4500.0,13500.0
ITEM0002615,PUR001471,P0007,4,1800.0,7200.0
ITEM0002616,PUR001472,P0007,4,1800.0,7200.0
ITEM0002617,PUR001473,P0008,5,4200.0,21000.0
ITEM0002618,PUR001474,P0005,4,4500.0,18000.0
ITEM0002619,PUR001474,P0007,1,1800.0,1800.0
ITEM0002620,PUR001475,P0013,2,14500.0,29000.0
ITEM0002621,PUR001476,P0005,4,4500.0,18000.0
ITEM0002622,PUR001477,P0020,3,499.0,1497.0
ITEM0002623,PUR001478,P0004,2,12500.0,25000.0
ITEM0002624,PUR001478,P0005,2,4500.0,9000.0
ITEM0002625,PUR001478,P0008,2,4200.0,8400.0
ITEM0002626,PUR001479,P0018,4,550.0,2200.0
ITEM0002627,PUR001479,P0015,4,1200.0,4800.0
ITEM0002628,PUR001479,P0009,2,1900.0,3800.0
ITEM0002629,PUR001480,P0014,4,650.0,2600.0
ITEM0002630,PUR001480,P0006,1,2800.0,2800.0
ITEM0002631,PUR001481,P0010,1,2200.0,2200.0
ITEM0002632,PUR001482,P0004,2,12500.0,25000.0
ITEM0002633,PUR001482,P0019,3,1250.0,3750.0
ITEM0002634,PUR001483,P0008,4,4200.0,16800.0
ITEM0002635,PUR001483,P0017,2,18500.0,37000.0
ITEM0002636,PUR001483,P0013,1,14500.0,14500.0
ITEM0002637,PUR001484,P0008,2,4200.0,8400.0
ITEM0002638,PUR001485,P0006,1,2800.0,2800.0
ITEM0002639,PUR001485,P0011,1,4500.0,4500.0
ITEM0002640,PUR001486,P0001,2,65000.0,130000.0
ITEM0002641,PUR001486,P0017,2,18500.0,37000.0
ITEM0002642,PUR001487,P0016,8,450.0,3600.0
ITEM0002643,PUR001488,P0017,1,18500.0,18500.0
ITEM0002644,PUR001489,P0018,6,550.0,3300.0
ITEM0002645,PUR001490,P0001,1,65000.0,65000.0
ITEM0002646,PUR001490,P0002,1,85000.0,85000.0
ITEM0002647,PUR001491,P0008,5,4200.0,21000.0
ITEM0002648,PUR001492,P0008,4,4200.0,16800.0
ITEM0002649,PUR001492,P0010,3,2200.0,6600.0
ITEM0002650,PUR001492,P0004,1,12500.0,12500.0
ITEM0002651,PUR001493,P0014,5,650.0,3250.0
ITEM0002652,PUR001493,P0010,3,2200.0,6600.0
ITEM0002653,PUR001494,P0020,1,499.0,499.0
ITEM0002654,PUR001495,P0006,2,2800.0,5600.0
ITEM0002655,PUR001495,P0012,4,850.0,3400.0
ITEM0002656,PUR001496,P0003,2,32000.0,64000.0
ITEM0002657,PUR001497,P0007,4,1800.0,7200.0
ITEM0002658,PUR001497,P0008,5,4200.0,21000.0
ITEM0002659,PUR001497,P0014,1,650.0,650.0
ITEM0002660,PUR001498,P0001,1,65000.0,65000.0
ITEM0002661,PUR001499,P0010,4,2200.0,8800.0
ITEM0002662,PUR001499,P0012,2,850.0,1700.0
ITEM0002663,PUR001499,P0006,1,2800.0,2800.0
ITEM0002664,PUR001500,P0019,5,1250.0,6250.0
ITEM0002665,PUR001500,P0013,1,14500.0,14500.0
ITEM0002666,PUR001500,P0017,2,18500.0,37000.0
ITEM0002667,PUR001500,P0004,1,12500.0,12500.0
ITEM0002668,PUR001501,P0020,3,499.0,1497.0
ITEM0002669,PUR001501,P0008,1,4200.0,4200.0
ITEM0002670,PUR001502,P0003,1,32000.0,32000.0
ITEM0002671,PUR001502,P0005,1,4500.0,4500.0
ITEM0002672,PUR001502,P0008,5,4200.0,21000.0
ITEM0002673,PUR001503,P0003,3,32000.0,96000.0
ITEM0002674,PUR001503,P0017,2,18500.0,37000.0
ITEM0002675,PUR001503,P0011,2,4500.0,9000.0
ITEM0002676,PUR001504,P0015,3,1200.0,3600.0
ITEM0002677,PUR001505,P0013,2,14500.0,29000.0
ITEM0002678,PUR001506,P0012,6,850.0,5100.0
ITEM0002679,PUR001507,P0003,2,32000.0,64000.0
ITEM0002680,PUR001507,P0002,2,85000.0,170000.0
ITEM0002681,PUR001507,P0001,1,65000.0,65000.0
ITEM0002682,PUR001507,P0017,1,18500.0,18500.0
ITEM0002683,PUR001508,P0003,2,32000.0,64000.0
ITEM0002684,PUR001508,P0013,2,14500.0,29000.0
ITEM0002685,PUR001509,P0017,2,18500.0,37000.0
ITEM0002686,PUR001510,P0013,2,14500.0,29000.0
ITEM0002687,PUR001511,P0004,1,12500.0,12500.0
ITEM0002688,PUR001511,P0013,1,14500.0,14500.0
ITEM0002689,PUR001511,P0008,2,4200.0,8400.0
ITEM0002690,PUR001512,P0010,5,2200.0,11000.0
ITEM0002691,PUR001513,P0008,1,4200.0,4200.0
ITEM0002692,PUR001513,P0009,5,1900.0,9500.0
ITEM0002693,PUR001513,P0004,2,12500.0,25000.0
ITEM0002694,PUR001513,P0015,1,1200.0,1200.0
ITEM0002695,PUR001514,P0020,2,499.0,998.0
ITEM0002696,PUR001514,P0012,3,850.0,2550.0
ITEM0002697,PUR001514,P0015,1,1200.0,1200.0
ITEM0002698,PUR001514,P0011,1,4500.0,4500.0
ITEM0002699,PUR001515,P0017,2,18500.0,37000.0
ITEM0002700,PUR001515,P0013,1,14500.0,14500.0
ITEM0002701,PUR001516,P0016,9,450.0,4050.0
ITEM0002702,PUR001517,P0010,4,2200.0,8800.0
ITEM0002703,PUR001517,P0015,1,1200.0,1200.0
ITEM0002704,PUR001517,P0012,1,850.0,850.0
ITEM0002705,PUR001518,P0008,1,4200.0,4200.0
ITEM0002706,PUR001519,P0001,1,65000.0,65000.0
ITEM0002707,PUR001520,P0011,3,4500.0,13500.0
ITEM0002708,PUR001521,P0012,2,850.0,1700.0
ITEM0002709,PUR001522,P0019,1,1250.0,1250.0
ITEM0002710,PUR001522,P0008,1,4200.0,4200.0
ITEM0002711,PUR001523,P0001,2,65000.0,130000.0
ITEM0002712,PUR001524,P0015,2,1200.0,2400.0
ITEM0002713,PUR001524,P0010,3,2200.0,6600.0
ITEM0002714,PUR001525,P0011,3,4500.0,13500.0
ITEM0002715,PUR001526,P0019,2,1250.0,2500.0
ITEM0002716,PUR001526,P0016,8,450.0,3600.0
ITEM0002717,PUR001527,P0011,3,4500.0,13500.0
ITEM0002718,PUR001528,P0019,1,1250.0,1250.0
ITEM0002719,PUR001528,P0013,1,14500.0,14500.0
ITEM0002720,PUR001529,P0013,2,14500.0,29000.0
ITEM0002721,PUR001529,P0002,2,85000.0,170000.0
ITEM0002722,PUR001530,P0020,1,499.0,499.0
ITEM0002723,PUR001530,P0004,3,12500.0,37500.0
ITEM0002724,PUR001531,P0017,2,18500.0,37000.0
ITEM0002725,PUR001532,P0003,1,32000.0,32000.0
ITEM0002726,PUR001532,P0013,2,14500.0,29000.0
ITEM0002727,PUR001532,P0002,1,85000.0,85000.0
ITEM0002728,PUR001533,P0013,2,14500.0,29000.0
ITEM0002729,PUR001534,P0001,1,65000.0,65000.0
ITEM0002730,PUR001534,P0013,2,14500.0,29000.0
ITEM0002731,PUR001535,P0005,1,4500.0,4500.0
ITEM0002732,PUR001535,P0006,3,2800.0,8400.0
ITEM0002733,PUR001535,P0019,3,1250.0,3750.0
ITEM0002734,PUR001536,P0015,4,1200.0,4800.0
ITEM0002735,PUR001537,P0006,3,2800.0,8400.0
ITEM0002736,PUR001537,P0020,4,499.0,1996.0
ITEM0002737,PUR001538,P0004,3,12500.0,37500.0
ITEM0002738,PUR001539,P0015,1,1200.0,1200.0
ITEM0002739,PUR001540,P0015,3,1200.0,3600.0
ITEM0002740,PUR001541,P0011,2,4500.0,9000.0
ITEM0002741,PUR001541,P0007,5,1800.0,9000.0
ITEM0002742,PUR001542,P0019,2,1250.0,2500.0
ITEM0002743,PUR001542,P0012,2,850.0,1700.0
ITEM0002744,PUR001543,P0007,2,1800.0,3600.0
ITEM0002745,PUR001543,P0006,1,2800.0,2800.0
ITEM0002746,PUR001544,P0005,2,4500.0,9000.0
ITEM0002747,PUR001545,P0016,10,450.0,4500.0
ITEM0002748,PUR001545,P0009,3,1900.0,5700.0
ITEM0002749,PUR001546,P0005,4,4500.0,18000.0
ITEM0002750,PUR001547,P0016,7,450.0,3150.0
ITEM0002751,PUR001548,P0005,3,4500.0,13500.0
ITEM0002752,PUR001549,P0018,4,550.0,2200.0
ITEM0002753,PUR001550,P0013,1,14500.0,14500.0
ITEM0002754,PUR001551,P0005,2,4500.0,9000.0
ITEM0002755,PUR001551,P0011,2,4500.0,9000.0
ITEM0002756,PUR001552,P0003,2,32000.0,64000.0
ITEM0002757,PUR001552,P0013,1,14500.0,14500.0
ITEM0002758,PUR001553,P0020,3,499.0,1497.0
ITEM0002759,PUR001554,P0016,2,450.0,900.0
ITEM0002760,PUR001554,P0011,3,4500.0,13500.0
ITEM0002761,PUR001554,P0005,3,4500.0,13500.0
ITEM0002762,PUR001555,P0013,1,14500.0,14500.0
ITEM0002763,PUR001555,P0011,2,4500.0,9000.0
ITEM0002764,PUR001555,P0005,4,4500.0,18000.0
ITEM0002765,PUR001556,P0009,2,1900.0,3800.0
ITEM0002766,PUR001557,P0006,1,2800.0,2800.0
ITEM0002767,PUR001557,P0004,3,12500.0,37500.0
ITEM0002768,PUR001558,P0002,1,85000.0,85000.0
ITEM0002769,PUR001558,P0001,2,65000.0,130000.0
ITEM0002770,PUR001559,P0008,5,4200.0,21000.0
ITEM0002771,PUR001560,P0013,2,14500.0,29000.0
ITEM0002772,PUR001561,P0020,5,499.0,2495.0
ITEM0002773,PUR001561,P0006,3,2800.0,8400.0
ITEM0002774,PUR001561,P0009,4,1900.0,7600.0
ITEM0002775,PUR001562,P0017,2,18500.0,37000.0
ITEM0002776,PUR001563,P0004,3,12500.0,37500.0
ITEM0002777,PUR001564,P0004,3,12500.0,37500.0
ITEM0002778,PUR001564,P0011,2,4500.0,9000.0
ITEM0002779,PUR001565,P0016,8,450.0,3600.0
ITEM0002780,PUR001565,P0015,2,1200.0,2400.0
ITEM0002781,PUR001565,P0005,4,4500.0,18000.0
ITEM0002782,PUR001565,P0014,6,650.0,3900.0
ITEM0002783,PUR001566,P0013,2,14500.0,29000.0
ITEM0002784,PUR001567,P0018,1,550.0,550.0
ITEM0002785,PUR001567,P0007,5,1800.0,9000.0
ITEM0002786,PUR001568,P0003,2,32000.0,64000.0
ITEM0002787,PUR001568,P0006,4,2800.0,11200.0
ITEM0002788,PUR001568,P0011,2,4500.0,9000.0
ITEM0002789,PUR001569,P0011,2,4500.0,9000.0
ITEM0002790,PUR001570,P0020,2,499.0,998.0
ITEM0002791,PUR001570,P0007,1,1800.0,1800.0
ITEM0002792,PUR001571,P0004,2,12500.0,25000.0
ITEM0002793,PUR001571,P0011,1,4500.0,4500.0
ITEM0002794,PUR001571,P0008,3,4200.0,12600.0
ITEM0002795,PUR001572,P0019,5,1250.0,6250.0
ITEM0002796,PUR001572,P0005,4,4500.0,18000.0
ITEM0002797,PUR001572,P0004,3,12500.0,37500.0
ITEM0002798,PUR001573,P0019,4,1250.0,5000.0
ITEM0002799,PUR001574,P0006,3,2800.0,8400.0
ITEM0002800,PUR001574,P0013,1,14500.0,14500.0
ITEM0002801,PUR001575,P0013,1,14500.0,14500.0
ITEM0002802,PUR001576,P0020,1,499.0,499.0
ITEM0002803,PUR001576,P0009,3,1900.0,5700.0
ITEM0002804,PUR001577,P0004,1,12500.0,12500.0
ITEM0002805,PUR001577,P0014,2,650.0,1300.0
ITEM0002806,PUR001577,P0019,5,1250.0,6250.0
ITEM0002807,PUR001578,P0019,3,1250.0,3750.0
ITEM0002808,PUR001578,P0011,1,4500.0,4500.0
ITEM0002809,PUR001578,P0008,4,4200.0,16800.0
ITEM0002810,PUR001579,P0006,3,2800.0,8400.0
ITEM0002811,PUR001579,P0004,1,12500.0,12500.0
ITEM0002812,PUR001580,P0011,3,4500.0,13500.0
ITEM0002813,PUR001581,P0014,1,650.0,650.0
ITEM0002814,PUR001581,P0011,1,4500.0,4500.0
ITEM0002815,PUR001582,P0006,2,2800.0,5600.0
ITEM0002816,PUR001582,P0020,1,499.0,499.0
ITEM0002817,PUR001583,P0011,2,4500.0,9000.0
ITEM0002818,PUR001584,P0007,5,1800.0,9000.0
ITEM0002819,PUR001584,P0006,2,2800.0,5600.0
ITEM0002820,PUR001585,P0011,2,4500.0,9000.0
ITEM0002821,PUR001586,P0017,2,18500.0,37000.0
ITEM0002822,PUR001586,P0013,2,14500.0,29000.0
ITEM0002823,PUR001587,P0003,3,32000.0,96000.0
ITEM0002824,PUR001587,P0011,3,4500.0,13500.0
ITEM0002825,PUR001588,P0011,1,4500.0,4500.0
ITEM0002826,PUR001589,P0005,2,4500.0,9000.0
ITEM0002827,PUR001590,P0019,3,1250.0,3750.0
ITEM0002828,PUR001590,P0020,2,499.0,998.0
ITEM0002829,PUR001591,P0008,4,4200.0,16800.0
ITEM0002830,PUR001591,P0013,1,14500.0,14500.0
ITEM0002831,PUR001592,P0002,2,85000.0,170000.0
ITEM0002832,PUR001592,P0003,1,32000.0,32000.0
ITEM0002833,PUR001593,P0014,3,650.0,1950.0
ITEM0002834,PUR001593,P0004,2,12500.0,25000.0
ITEM0002835,PUR001594,P0010,4,2200.0,8800.0
ITEM0002836,PUR001595,P0008,1,4200.0,4200.0
ITEM0002837,PUR001596,P0020,4,499.0,1996.0
ITEM0002838,PUR001596,P0004,3,12500.0,37500.0
ITEM0002839,PUR001597,P0013,2,14500.0,29000.0
ITEM0002840,PUR001597,P0002,1,85000.0,85000.0
ITEM0002841,PUR001597,P0001,2,65000.0,130000.0
ITEM0002842,PUR001598,P0005,2,4500.0,9000.0
ITEM0002843,PUR001598,P0016,6,450.0,2700.0
ITEM0002844,PUR001598,P0008,1,4200.0,4200.0
ITEM0002845,PUR001598,P0018,2,550.0,1100.0
ITEM0002846,PUR001599,P0017,2,18500.0,37000.0
ITEM0002847,PUR001599,P0013,1,14500.0,14500.0
ITEM0002848,PUR001600,P0009,4,1900.0,7600.0
ITEM0002849,PUR001600,P0004,1,12500.0,12500.0
ITEM0002850,PUR001601,P0017,1,18500.0,18500.0
ITEM0002851,PUR001602,P0013,1,14500.0,14500.0
ITEM0002852,PUR001602,P0002,2,85000.0,170000.0
ITEM0002853,PUR001602,P0001,2,65000.0,130000.0
ITEM0002854,PUR001603,P0007,1,1800.0,1800.0
ITEM0002855,PUR001604,P0011,2,4500.0,9000.0
ITEM0002856,PUR001604,P0014,4,650.0,2600.0
ITEM0002857,PUR001605,P0020,2,499.0,998.0
ITEM0002858,PUR001606,P0012,2,850.0,1700.0
ITEM0002859,PUR001606,P0014,3,650.0,1950.0
ITEM0002860,PUR001607,P0019,2,1250.0,2500.0
ITEM0002861,PUR001608,P0011,2,4500.0,9000.0
ITEM0002862,PUR001608,P0004,2,12500.0,25000.0
ITEM0002863,PUR001608,P0019,2,1250.0,2500.0
ITEM0002864,PUR001608,P0003,2,32000.0,64000.0
ITEM0002865,PUR001609,P0007,3,1800.0,5400.0
ITEM0002866,PUR001609,P0010,3,2200.0,6600.0
ITEM0002867,PUR001610,P0015,1,1200.0,1200.0
ITEM0002868,PUR001610,P0011,1,4500.0,4500.0
ITEM0002869,PUR001610,P0006,4,2800.0,11200.0
ITEM0002870,PUR001611,P0016,4,450.0,1800.0
ITEM0002871,PUR001612,P0013,1,14500.0,14500.0
ITEM0002872,PUR001612,P0003,1,32000.0,32000.0
ITEM0002873,PUR001612,P0017,1,18500.0,18500.0
ITEM0002874,PUR001613,P0020,2,499.0,998.0
ITEM0002875,PUR001613,P0012,1,850.0,850.0
ITEM0002876,PUR001613,P0006,2,2800.0,5600.0
ITEM0002877,PUR001614,P0008,4,4200.0,16800.0
ITEM0002878,PUR001614,P0011,1,4500.0,4500.0
ITEM0002879,PUR001614,P0004,1,12500.0,12500.0
ITEM0002880,PUR001614,P0003,1,32000.0,32000.0
ITEM0002881,PUR001615,P0005,4,4500.0,18000.0
ITEM0002882,PUR001616,P0003,1,32000.0,32000.0
ITEM0002883,PUR001616,P0017,1,18500.0,18500.0
ITEM0002884,PUR001616,P0001,2,65000.0,130000.0
ITEM0002885,PUR001617,P0020,3,499.0,1497.0
ITEM0002886,PUR001618,P0011,3,4500.0,13500.0
ITEM0002887,PUR001618,P0015,1,1200.0,1200.0
ITEM0002888,PUR001619,P0013,1,14500.0,14500.0
ITEM0002889,PUR001619,P0003,3,32000.0,96000.0
ITEM0002890,PUR001619,P0011,3,4500.0,13500.0
ITEM0002891,PUR001619,P0019,2,1250.0,2500.0
ITEM0002892,PUR001620,P0003,3,32000.0,96000.0
ITEM0002893,PUR001621,P0019,4,1250.0,5000.0
ITEM0002894,PUR001621,P0017,1,18500.0,18500.0
ITEM0002895,PUR001622,P0002,1,85000.0,85000.0
ITEM0002896,PUR001623,P0012,3,850.0,2550.0
ITEM0002897,PUR001623,P0011,1,4500.0,4500.0
ITEM0002898,PUR001623,P0019,5,1250.0,6250.0
ITEM0002899,PUR001624,P0017,2,18500.0,37000.0
ITEM0002900,PUR001624,P0002,2,85000.0,170000.0
ITEM0002901,PUR001625,P0006,2,2800.0,5600.0
ITEM0002902,PUR001626,P0012,3,850.0,2550.0
ITEM0002903,PUR001626,P0010,3,2200.0,6600.0
ITEM0002904,PUR001627,P0005,4,4500.0,18000.0
ITEM0002905,PUR001628,P0010,5,2200.0,11000.0
ITEM0002906,PUR001628,P0012,2,850.0,1700.0
ITEM0002907,PUR001629,P0013,1,14500.0,14500.0
ITEM0002908,PUR001629,P0005,2,4500.0,9000.0
ITEM0002909,PUR001630,P0017,2,18500.0,37000.0
ITEM0002910,PUR001631,P0011,2,4500.0,9000.0
ITEM0002911,PUR001631,P0008,2,4200.0,8400.0
ITEM0002912,PUR001632,P0011,2,4500.0,9000.0
ITEM0002913,PUR001633,P0013,1,14500.0,14500.0
ITEM0002914,PUR001634,P0005,4,4500.0,18000.0
ITEM0002915,PUR001634,P0008,4,4200.0,16800.0
ITEM0002916,PUR001635,P0011,1,4500.0,4500.0
ITEM0002917,PUR001636,P0020,5,499.0,2495.0
ITEM0002918,PUR001637,P0013,1,14500.0,14500.0
ITEM0002919,PUR001637,P0019,4,1250.0,5000.0
ITEM0002920,PUR001638,P0003,2,32000.0,64000.0
ITEM0002921,PUR001639,P0014,3,650.0,1950.0
ITEM0002922,PUR001640,P0001,2,65000.0,130000.0
ITEM0002923,PUR001641,P0003,2,32000.0,64000.0
ITEM0002924,PUR001641,P0002,1,85000.0,85000.0
ITEM0002925,PUR001642,P0006,2,2800.0,5600.0
ITEM0002926,PUR001642,P0019,5,1250.0,6250.0
ITEM0002927,PUR001643,P0011,3,4500.0,13500.0
ITEM0002928,PUR001644,P0016,10,450.0,4500.0
ITEM0002929,PUR001644,P0010,1,2200.0,2200.0
ITEM0002930,PUR001645,P0012,2,850.0,1700.0
ITEM0002931,PUR001645,P0020,2,499.0,998.0
ITEM0002932,PUR001646,P0004,3,12500.0,37500.0
ITEM0002933,PUR001646,P0006,1,2800.0,2800.0
ITEM0002934,PUR001646,P0003,1,32000.0,32000.0
ITEM0002935,PUR001647,P0003,1,32000.0,32000.0
ITEM0002936,PUR001647,P0002,1,85000.0,85000.0
ITEM0002937,PUR001648,P0008,4,4200.0,16800.0
ITEM0002938,PUR001649,P0017,1,18500.0,18500.0
ITEM0002939,PUR001650,P0019,4,1250.0,5000.0
ITEM0002940,PUR001650,P0017,1,18500.0,18500.0
ITEM0002941,PUR001650,P0013,1,14500.0,14500.0
ITEM0002942,PUR001650,P0005,1,4500.0,4500.0
ITEM0002943,PUR001651,P0003,2,32000.0,64000.0
ITEM0002944,PUR001652,P0006,1,2800.0,2800.0
ITEM0002945,PUR001653,P0011,2,4500.0,9000.0
ITEM0002946,PUR001654,P0013,1,14500.0,14500.0
ITEM0002947,PUR001654,P0002,1,85000.0,85000.0
ITEM0002948,PUR001654,P0001,2,65000.0,130000.0
ITEM0002949,PUR001654,P0003,1,32000.0,32000.0
ITEM0002950,PUR001655,P0017,1,18500.0,18500.0
ITEM0002951,PUR001656,P0004,1,12500.0,12500.0
ITEM0002952,PUR001656,P0006,2,2800.0,5600.0
ITEM0002953,PUR001657,P0020,2,499.0,998.0
ITEM0002954,PUR001658,P0016,9,450.0,4050.0
ITEM0002955,PUR001659,P0008,1,4200.0,4200.0
ITEM0002956,PUR001659,P0006,3,2800.0,8400.0
ITEM0002957,PUR001659,P0012,3,850.0,2550.0
ITEM0002958,PUR001660,P0011,3,4500.0,13500.0
ITEM0002959,PUR001660,P0013,2,14500.0,29000.0
ITEM0002960,PUR001660,P0005,4,4500.0,18000.0
ITEM0002961,PUR001661,P0002,2,85000.0,170000.0
ITEM0002962,PUR001661,P0013,1,14500.0,14500.0
ITEM0002963,PUR001661,P0003,3,32000.0,96000.0
ITEM0002964,PUR001662,P0005,3,4500.0,13500.0
ITEM0002965,PUR001662,P0008,2,4200.0,8400.0
ITEM0002966,PUR001662,P0015,2,1200.0,2400.0
ITEM0002967,PUR001663,P0006,3,2800.0,8400.0
ITEM0002968,PUR001664,P0003,3,32000.0,96000.0
ITEM0002969,PUR001665,P0019,5,1250.0,6250.0
ITEM0002970,PUR001666,P0011,2,4500.0,9000.0
ITEM0002971,PUR001667,P0003,1,32000.0,32000.0
ITEM0002972,PUR001667,P0001,2,65000.0,130000.0
ITEM0002973,PUR001668,P0017,1,18500.0,18500.0
ITEM0002974,PUR001668,P0003,2,32000.0,64000.0
ITEM0002975,PUR001669,P0007,4,1800.0,7200.0
ITEM0002976,PUR001670,P0010,1,2200.0,2200.0
ITEM0002977,PUR001670,P0006,2,2800.0,5600.0
ITEM0002978,PUR001671,P0012,2,850.0,1700.0
ITEM0002979,PUR001671,P0006,2,2800.0,5600.0
ITEM0002980,PUR001672,P0007,2,1800.0,3600.0
ITEM0002981,PUR001672,P0011,2,4500.0,9000.0
ITEM0002982,PUR001673,P0008,1,4200.0,4200.0
ITEM0002983,PUR001674,P0016,10,450.0,4500.0
ITEM0002984,PUR001675,P0002,1,85000.0,85000.0
ITEM0002985,PUR001675,P0013,1,14500.0,14500.0
ITEM0002986,PUR001675,P0001,1,65000.0,65000.0
ITEM0002987,PUR001676,P0011,1,4500.0,4500.0
ITEM0002988,PUR001677,P0013,2,14500.0,29000.0
ITEM0002989,PUR001677,P0001,2,65000.0,130000.0
ITEM0002990,PUR001678,P0003,2,32000.0,64000.0
ITEM0002991,PUR001679,P0013,2,14500.0,29000.0
ITEM0002992,PUR001680,P0007,2,1800.0,3600.0
ITEM0002993,PUR001680,P0006,1,2800.0,2800.0
ITEM0002994,PUR001681,P0006,1,2800.0,2800.0
ITEM0002995,PUR001681,P0015,3,1200.0,3600.0
ITEM0002996,PUR001682,P0013,1,14500.0,14500.0
ITEM0002997,PUR001682,P0002,1,85000.0,85000.0
ITEM0002998,PUR001683,P0013,2,14500.0,29000.0
ITEM0002999,PUR001683,P0011,3,4500.0,13500.0
ITEM0003000,PUR001684,P0007,2,1800.0,3600.0
ITEM0003001,PUR001684,P0010,2,2200.0,4400.0
ITEM0003002,PUR001684,P0006,2,2800.0,5600.0
ITEM0003003,PUR001685,P0016,7,450.0,3150.0
ITEM0003004,PUR001685,P0005,3,4500.0,13500.0
ITEM0003005,PUR001686,P0019,1,1250.0,1250.0
ITEM0003006,PUR001687,P0006,1,2800.0,2800.0
ITEM0003007,PUR001688,P0007,1,1800.0,1800.0
ITEM0003008,PUR001688,P0020,2,499.0,998.0
ITEM0003009,PUR001688,P0006,1,2800.0,2800.0
ITEM0003010,PUR001689,P0012,5,850.0,4250.0
ITEM0003011,PUR001689,P0020,3,499.0,1497.0
ITEM0003012,PUR001690,P0017,1,18500.0,18500.0
ITEM0003013,PUR001691,P0004,3,12500.0,37500.0
ITEM0003014,PUR001691,P0012,4,850.0,3400.0
ITEM0003015,PUR001691,P0006,3,2800.0,8400.0
ITEM0003016,PUR001691,P0018,6,550.0,3300.0
ITEM0003017,PUR001692,P0006,1,2800.0,2800.0
ITEM0003018,PUR001693,P0017,1,18500.0,18500.0
ITEM0003019,PUR001694,P0002,1,85000.0,85000.0
ITEM0003020,PUR001695,P0003,1,32000.0,32000.0
ITEM0003021,PUR001695,P0017,2,18500.0,37000.0
ITEM0003022,PUR001695,P0002,2,85000.0,170000.0
ITEM0003023,PUR001696,P0008,5,4200.0,21000.0
ITEM0003024,PUR001697,P0008,5,4200.0,21000.0
ITEM0003025,PUR001697,P0017,1,18500.0,18500.0
ITEM0003026,PUR001697,P0019,2,1250.0,2500.0
ITEM0003027,PUR001697,P0013,2,14500.0,29000.0
ITEM0003028,PUR001698,P0017,2,18500.0,37000.0
ITEM0003029,PUR001698,P0001,1,65000.0,65000.0
ITEM0003030,PUR001699,P0005,4,4500.0,18000.0
ITEM0003031,PUR001700,P0010,1,2200.0,2200.0
ITEM0003032,PUR001701,P0009,4,1900.0,7600.0
ITEM0003033,PUR001701,P0020,3,499.0,1497.0
ITEM0003034,PUR001702,P0010,4,2200.0,8800.0
ITEM0003035,PUR001703,P0012,1,850.0,850.0
ITEM0003036,PUR001703,P0011,1,4500.0,4500.0
ITEM0003037,PUR001703,P0005,1,4500.0,4500.0
ITEM0003038,PUR001704,P0013,2,14500.0,29000.0
ITEM0003039,PUR001705,P0009,3,1900.0,5700.0
ITEM0003040,PUR001706,P0019,4,1250.0,5000.0
ITEM0003041,PUR001706,P0013,1,14500.0,14500.0
ITEM0003042,PUR001707,P0004,2,12500.0,25000.0
ITEM0003043,PUR001708,P0016,8,450.0,3600.0
ITEM0003044,PUR001709,P0016,3,450.0,1350.0
ITEM0003045,PUR001709,P0009,2,1900.0,3800.0
ITEM0003046,PUR001709,P0012,3,850.0,2550.0
ITEM0003047,PUR001710,P0007,1,1800.0,1800.0
ITEM0003048,PUR001710,P0004,2,12500.0,25000.0
ITEM0003049,PUR001710,P0020,5,499.0,2495.0
ITEM0003050,PUR001711,P0014,8,650.0,5200.0
ITEM0003051,PUR001711,P0011,2,4500.0,9000.0
ITEM0003052,PUR001712,P0008,2,4200.0,8400.0
ITEM0003053,PUR001713,P0017,2,18500.0,37000.0
ITEM0003054,PUR001714,P0004,2,12500.0,25000.0
ITEM0003055,PUR001715,P0010,2,2200.0,4400.0
ITEM0003056,PUR001716,P0013,2,14500.0,29000.0
ITEM0003057,PUR001717,P0005,4,4500.0,18000.0
ITEM0003058,PUR001717,P0011,3,4500.0,13500.0
ITEM0003059,PUR001717,P0004,3,12500.0,37500.0
ITEM0003060,PUR001718,P0017,2,18500.0,37000.0
ITEM0003061,PUR001719,P0013,1,14500.0,14500.0
ITEM0003062,PUR001719,P0001,2,65000.0,130000.0
ITEM0003063,PUR001719,P0017,1,18500.0,18500.0
ITEM0003064,PUR001720,P0006,3,2800.0,8400.0
ITEM0003065,PUR001720,P0003,3,32000.0,96000.0
ITEM0003066,PUR001720,P0008,2,4200.0,8400.0
ITEM0003067,PUR001720,P0013,1,14500.0,14500.0
ITEM0003068,PUR001721,P0013,1,14500.0,14500.0
ITEM0003069,PUR001722,P0009,5,1900.0,9500.0
ITEM0003070,PUR001722,P0016,10,450.0,4500.0
ITEM0003071,PUR001723,P0012,6,850.0,5100.0
ITEM0003072,PUR001723,P0010,2,2200.0,4400.0
ITEM0003073,PUR001724,P0006,1,2800.0,2800.0
ITEM0003074,PUR001724,P0008,4,4200.0,16800.0
ITEM0003075,PUR001724,P0005,2,4500.0,9000.0
ITEM0003076,PUR001725,P0009,2,1900.0,3800.0
ITEM0003077,PUR001725,P0014,8,650.0,5200.0
ITEM0003078,PUR001725,P0016,10,450.0,4500.0
ITEM0003079,PUR001726,P0005,3,4500.0,13500.0
ITEM0003080,PUR001727,P0013,1,14500.0,14500.0
ITEM0003081,PUR001728,P0013,2,14500.0,29000.0
ITEM0003082,PUR001729,P0008,2,4200.0,8400.0
ITEM0003083,PUR001729,P0011,3,4500.0,13500.0
ITEM0003084,PUR001730,P0002,1,85000.0,85000.0
ITEM0003085,PUR001730,P0001,2,65000.0,130000.0
ITEM0003086,PUR001731,P0009,4,1900.0,7600.0
ITEM0003087,PUR001731,P0006,4,2800.0,11200.0
ITEM0003088,PUR001732,P0013,1,14500.0,14500.0
ITEM0003089,PUR001732,P0008,4,4200.0,16800.0
ITEM0003090,PUR001732,P0003,1,32000.0,32000.0
ITEM0003091,PUR001733,P0017,2,18500.0,37000.0
ITEM0003092,PUR001734,P0017,1,18500.0,18500.0
ITEM0003093,PUR001734,P0004,2,12500.0,25000.0
ITEM0003094,PUR001734,P0006,4,2800.0,11200.0
ITEM0003095,PUR001735,P0004,2,12500.0,25000.0
ITEM0003096,PUR001735,P0006,4,2800.0,11200.0
ITEM0003097,PUR001736,P0006,3,2800.0,8400.0
ITEM0003098,PUR001737,P0008,2,4200.0,8400.0
ITEM0003099,PUR001738,P0006,1,2800.0,2800.0
ITEM0003100,PUR001739,P0011,2,4500.0,9000.0
ITEM0003101,PUR001740,P0017,1,18500.0,18500.0
ITEM0003102,PUR001740,P0006,1,2800.0,2800.0
ITEM0003103,PUR001741,P0011,1,4500.0,4500.0
ITEM0003104,PUR001741,P0004,2,12500.0,25000.0
ITEM0003105,PUR001742,P0013,1,14500.0,14500.0
ITEM0003106,PUR001743,P0004,1,12500.0,12500.0
ITEM0003107,PUR001743,P0019,1,1250.0,1250.0
ITEM0003108,PUR001744,P0001,2,65000.0,130000.0
ITEM0003109,PUR001744,P0017,2,18500.0,37000.0
ITEM0003110,PUR001744,P0013,1,14500.0,14500.0
ITEM0003111,PUR001744,P0003,3,32000.0,96000.0
ITEM0003112,PUR001745,P0003,2,32000.0,64000.0
ITEM0003113,PUR001745,P0017,1,18500.0,18500.0
ITEM0003114,PUR001745,P0001,1,65000.0,65000.0
ITEM0003115,PUR001746,P0005,1,4500.0,4500.0
ITEM0003116,PUR001746,P0019,1,1250.0,1250.0
ITEM0003117,PUR001747,P0010,5,2200.0,11000.0
ITEM0003118,PUR001747,P0014,6,650.0,3900.0
ITEM0003119,PUR001747,P0005,1,4500.0,4500.0
ITEM0003120,PUR001748,P0008,1,4200.0,4200.0
ITEM0003121,PUR001748,P0015,5,1200.0,6000.0
ITEM0003122,PUR001749,P0004,3,12500.0,37500.0
ITEM0003123,PUR001750,P0003,3,32000.0,96000.0
ITEM0003124,PUR001750,P0008,4,4200.0,16800.0
ITEM0003125,PUR001751,P0001,1,65000.0,65000.0
ITEM0003126,PUR001751,P0017,2,18500.0,37000.0
ITEM0003127,PUR001751,P0003,2,32000.0,64000.0
ITEM0003128,PUR001752,P0005,4,4500.0,18000.0
ITEM0003129,PUR001753,P0006,2,2800.0,5600.0
ITEM0003130,PUR001753,P0019,4,1250.0,5000.0
ITEM0003131,PUR001754,P0006,1,2800.0,2800.0
ITEM0003132,PUR001755,P0005,4,4500.0,18000.0
ITEM0003133,PUR001755,P0008,4,4200.0,16800.0
ITEM0003134,PUR001756,P0003,2,32000.0,64000.0
ITEM0003135,PUR001757,P0008,2,4200.0,8400.0
ITEM0003136,PUR001758,P0012,1,850.0,850.0
ITEM0003137,PUR001759,P0005,3,4500.0,13500.0
ITEM0003138,PUR001759,P0010,5,2200.0,11000.0
ITEM0003139,PUR001760,P0019,2,1250.0,2500.0
ITEM0003140,PUR001761,P0011,3,4500.0,13500.0
ITEM0003141,PUR001761,P0001,2,65000.0,130000.0
ITEM0003142,PUR001761,P0007,3,1800.0,5400.0
ITEM0003143,PUR001762,P0005,1,4500.0,4500.0
ITEM0003144,PUR001762,P0008,3,4200.0,12600.0
ITEM0003145,PUR001762,P0018,8,550.0,4400.0
ITEM0003146,PUR001762,P0010,2,2200.0,4400.0
ITEM0003147,PUR001763,P0016,4,450.0,1800.0
ITEM0003148,PUR001764,P0001,2,65000.0,130000.0
ITEM0003149,PUR001765,P0020,3,499.0,1497.0
ITEM0003150,PUR001766,P0005,2,4500.0,9000.0
ITEM0003151,PUR001766,P0011,2,4500.0,9000.0
ITEM0003152,PUR001767,P0008,4,4200.0,16800.0
ITEM0003153,PUR001768,P0008,3,4200.0,12600.0
ITEM0003154,PUR001769,P0003,1,32000.0,32000.0
ITEM0003155,PUR001770,P0010,3,2200.0,6600.0
ITEM0003156,PUR001771,P0004,3,12500.0,37500.0
ITEM0003157,PUR001772,P0013,1,14500.0,14500.0
ITEM0003158,PUR001773,P0013,2,14500.0,29000.0
ITEM0003159,PUR001774,P0006,4,2800.0,11200.0
ITEM0003160,PUR001775,P0020,3,499.0,1497.0
ITEM0003161,PUR001776,P0019,4,1250.0,5000.0
ITEM0003162,PUR001777,P0002,2,85000.0,170000.0
ITEM0003163,PUR001778,P0018,2,550.0,1100.0
ITEM0003164,PUR001778,P0011,3,4500.0,13500.0
ITEM0003165,PUR001778,P0007,5,1800.0,9000.0
ITEM0003166,PUR001779,P0008,3,4200.0,12600.0
ITEM0003167,PUR001779,P0003,2,32000.0,64000.0
ITEM0003168,PUR001779,P0019,3,1250.0,3750.0
ITEM0003169,PUR001780,P0002,2,85000.0,170000.0
ITEM0003170,PUR001780,P0003,1,32000.0,32000.0
ITEM0003171,PUR001781,P0001,1,65000.0,65000.0
ITEM0003172,PUR001781,P0013,2,14500.0,29000.0
ITEM0003173,PUR001782,P0019,1,1250.0,1250.0
ITEM0003174,PUR001782,P0013,1,14500.0,14500.0
ITEM0003175,PUR001783,P0004,1,12500.0,12500.0
ITEM0003176,PUR001784,P0013,2,14500.0,29000.0
ITEM0003177,PUR001784,P0011,3,4500.0,13500.0
ITEM0003178,PUR001784,P0019,5,1250.0,6250.0
ITEM0003179,PUR001785,P0011,3,4500.0,13500.0
ITEM0003180,PUR001786,P0014,8,650.0,5200.0
ITEM0003181,PUR001787,P0004,3,12500.0,37500.0
ITEM0003182,PUR001787,P0005,3,4500.0,13500.0
ITEM0003183,PUR001788,P0003,1,32000.0,32000.0
ITEM0003184,PUR001789,P0004,3,12500.0,37500.0
ITEM0003185,PUR001790,P0018,8,550.0,4400.0
ITEM0003186,PUR001791,P0004,1,12500.0,12500.0
ITEM0003187,PUR001792,P0004,2,12500.0,25000.0
ITEM0003188,PUR001792,P0006,2,2800.0,5600.0
ITEM0003189,PUR001793,P0004,3,12500.0,37500.0
ITEM0003190,PUR001793,P0008,3,4200.0,12600.0
ITEM0003191,PUR001794,P0005,2,4500.0,9000.0
ITEM0003192,PUR001794,P0008,5,4200.0,21000.0
ITEM0003193,PUR001794,P0006,2,2800.0,5600.0
ITEM0003194,PUR001795,P0020,5,499.0,2495.0
ITEM0003195,PUR001795,P0012,1,850.0,850.0
ITEM0003196,PUR001796,P0017,1,18500.0,18500.0
ITEM0003197,PUR001796,P0013,1,14500.0,14500.0
ITEM0003198,PUR001796,P0019,1,1250.0,1250.0
ITEM0003199,PUR001796,P0011,2,4500.0,9000.0
ITEM0003200,PUR001797,P0013,1,14500.0,14500.0
ITEM0003201,PUR001798,P0006,1,2800.0,2800.0
ITEM0003202,PUR001799,P0003,3,32000.0,96000.0
ITEM0003203,PUR001799,P0013,1,14500.0,14500.0
ITEM0003204,PUR001800,P0012,3,850.0,2550.0
ITEM0003205,PUR001800,P0005,2,4500.0,9000.0
ITEM0003206,PUR001801,P0015,1,1200.0,1200.0
ITEM0003207,PUR001801,P0019,1,1250.0,1250.0
ITEM0003208,PUR001801,P0016,3,450.0,1350.0
ITEM0003209,PUR001801,P0018,1,550.0,550.0
ITEM0003210,PUR001802,P0017,2,18500.0,37000.0
ITEM0003211,PUR001803,P0014,3,650.0,1950.0
ITEM0003212,PUR001804,P0016,7,450.0,3150.0
ITEM0003213,PUR001805,P0002,1,85000.0,85000.0
ITEM0003214,PUR001806,P0016,9,450.0,4050.0
ITEM0003215,PUR001806,P0020,4,499.0,1996.0
ITEM0003216,PUR001806,P0014,3,650.0,1950.0
ITEM0003217,PUR001807,P0003,2,32000.0,64000.0
ITEM0003218,PUR001807,P0017,1,18500.0,18500.0
ITEM0003219,PUR001807,P0019,3,1250.0,3750.0
ITEM0003220,PUR001808,P0012,4,850.0,3400.0
ITEM0003221,PUR001808,P0009,4,1900.0,7600.0
ITEM0003222,PUR001809,P0015,1,1200.0,1200.0
ITEM0003223,PUR001810,P0018,8,550.0,4400.0
ITEM0003224,PUR001811,P0013,2,14500.0,29000.0
ITEM0003225,PUR001812,P0020,1,499.0,499.0
ITEM0003226,PUR001813,P0002,2,85000.0,170000.0
ITEM0003227,PUR001814,P0020,1,499.0,499.0
ITEM0003228,PUR001815,P0009,4,1900.0,7600.0
ITEM0003229,PUR001816,P0009,1,1900.0,1900.0
ITEM0003230,PUR001817,P0020,2,499.0,998.0
ITEM0003231,PUR001818,P0001,1,65000.0,65000.0
ITEM0003232,PUR001819,P0018,3,550.0,1650.0
ITEM0003233,PUR001819,P0012,1,850.0,850.0
ITEM0003234,PUR001819,P0008,4,4200.0,16800.0
ITEM0003235,PUR001820,P0005,1,4500.0,4500.0
ITEM0003236,PUR001821,P0015,4,1200.0,4800.0
ITEM0003237,PUR001822,P0014,3,650.0,1950.0
ITEM0003238,PUR001823,P0001,2,65000.0,130000.0
ITEM0003239,PUR001824,P0013,2,14500.0,29000.0
ITEM0003240,PUR001824,P0003,2,32000.0,64000.0
ITEM0003241,PUR001825,P0001,2,65000.0,130000.0
ITEM0003242,PUR001825,P0003,2,32000.0,64000.0
ITEM0003243,PUR001825,P0002,1,85000.0,85000.0
ITEM0003244,PUR001826,P0004,1,12500.0,12500.0
ITEM0003245,PUR001826,P0013,1,14500.0,14500.0
ITEM0003246,PUR001826,P0017,1,18500.0,18500.0
ITEM0003247,PUR001827,P0001,2,65000.0,130000.0
ITEM0003248,PUR001828,P0017,2,18500.0,37000.0
ITEM0003249,PUR001828,P0008,3,4200.0,12600.0
ITEM0003250,PUR001829,P0007,4,1800.0,7200.0
ITEM0003251,PUR001830,P0011,1,4500.0,4500.0
ITEM0003252,PUR001830,P0008,1,4200.0,4200.0
ITEM0003253,PUR001831,P0014,8,650.0,5200.0
ITEM0003254,PUR001831,P0019,5,1250.0,6250.0
ITEM0003255,PUR001832,P0001,2,65000.0,130000.0
ITEM0003256,PUR001832,P0003,2,32000.0,64000.0
ITEM0003257,PUR001832,P0017,2,18500.0,37000.0
ITEM0003258,PUR001833,P0006,4,2800.0,11200.0
ITEM0003259,PUR001834,P0017,1,18500.0,18500.0
ITEM0003260,PUR001834,P0003,3,32000.0,96000.0
ITEM0003261,PUR001835,P0013,1,14500.0,14500.0
ITEM0003262,PUR001836,P0017,2,18500.0,37000.0
ITEM0003263,PUR001837,P0011,1,4500.0,4500.0
ITEM0003264,PUR001838,P0017,2,18500.0,37000.0
ITEM0003265,PUR001839,P0010,5,2200.0,11000.0
ITEM0003266,PUR001839,P0012,3,850.0,2550.0
ITEM0003267,PUR001839,P0020,3,499.0,1497.0
ITEM0003268,PUR001840,P0017,1,18500.0,18500.0
ITEM0003269,PUR001841,P0005,3,4500.0,13500.0
ITEM0003270,PUR001841,P0006,2,2800.0,5600.0
ITEM0003271,PUR001841,P0015,4,1200.0,4800.0
ITEM0003272,PUR001842,P0002,1,85000.0,85000.0
ITEM0003273,PUR001843,P0004,2,12500.0,25000.0
ITEM0003274,PUR001844,P0004,2,12500.0,25000.0
ITEM0003275,PUR001844,P0012,1,850.0,850.0
ITEM0003276,PUR001845,P0005,2,4500.0,9000.0
ITEM0003277,PUR001845,P0019,1,1250.0,1250.0
ITEM0003278,PUR001846,P0018,4,550.0,2200.0
ITEM0003279,PUR001846,P0007,2,1800.0,3600.0
ITEM0003280,PUR001847,P0010,1,2200.0,2200.0
ITEM0003281,PUR001847,P0006,1,2800.0,2800.0
ITEM0003282,PUR001848,P0018,7,550.0,3850.0
ITEM0003283,PUR001848,P0019,4,1250.0,5000.0
ITEM0003284,PUR001848,P0009,1,1900.0,1900.0
ITEM0003285,PUR001849,P0006,3,2800.0,8400.0
ITEM0003286,PUR001849,P0008,5,4200.0,21000.0
ITEM0003287,PUR001850,P0010,1,2200.0,2200.0
ITEM0003288,PUR001851,P0018,6,550.0,3300.0
ITEM0003289,PUR001851,P0008,4,4200.0,16800.0
ITEM0003290,PUR001851,P0014,2,650.0,1300.0
ITEM0003291,PUR001852,P0011,1,4500.0,4500.0
ITEM0003292,PUR001852,P0018,1,550.0,550.0
ITEM0003293,PUR001852,P0007,4,1800.0,7200.0
ITEM0003294,PUR001853,P0003,1,32000.0,32000.0
ITEM0003295,PUR001853,P0005,4,4500.0,18000.0
ITEM0003296,PUR001854,P0019,1,1250.0,1250.0
ITEM0003297,PUR001854,P0017,2,18500.0,37000.0
ITEM0003298,PUR001854,P0013,2,14500.0,29000.0
ITEM0003299,PUR001855,P0008,5,4200.0,21000.0
ITEM0003300,PUR001856,P0003,3,32000.0,96000.0
ITEM0003301,PUR001856,P0004,2,12500.0,25000.0
ITEM0003302,PUR001856,P0006,1,2800.0,2800.0
ITEM0003303,PUR001856,P0011,2,4500.0,9000.0
ITEM0003304,PUR001857,P0013,2,14500.0,29000.0
ITEM0003305,PUR001858,P0004,3,12500.0,37500.0
ITEM0003306,PUR001859,P0011,1,4500.0,4500.0
ITEM0003307,PUR001859,P0009,4,1900.0,7600.0
ITEM0003308,PUR001859,P0007,3,1800.0,5400.0
ITEM0003309,PUR001860,P0003,1,32000.0,32000.0
ITEM0003310,PUR001860,P0013,1,14500.0,14500.0
ITEM0003311,PUR001860,P0006,3,2800.0,8400.0
ITEM0003312,PUR001860,P0019,5,1250.0,6250.0
ITEM0003313,PUR001861,P0015,3,1200.0,3600.0
ITEM0003314,PUR001861,P0006,3,2800.0,8400.0
ITEM0003315,PUR001862,P0019,3,1250.0,3750.0
ITEM0003316,PUR001862,P0009,1,1900.0,1900.0
ITEM0003317,PUR001863,P0018,3,550.0,1650.0
ITEM0003318,PUR001864,P0010,5,2200.0,11000.0
ITEM0003319,PUR001864,P0005,2,4500.0,9000.0
ITEM0003320,PUR001864,P0015,4,1200.0,4800.0
ITEM0003321,PUR001865,P0009,2,1900.0,3800.0
ITEM0003322,PUR001866,P0001,2,65000.0,130000.0
ITEM0003323,PUR001867,P0017,1,18500.0,18500.0
ITEM0003324,PUR001867,P0002,1,85000.0,85000.0
ITEM0003325,PUR001867,P0001,1,65000.0,65000.0
ITEM0003326,PUR001868,P0011,2,4500.0,9000.0
ITEM0003327,PUR001868,P0008,4,4200.0,16800.0
ITEM0003328,PUR001868,P0018,5,550.0,2750.0
ITEM0003329,PUR001868,P0015,5,1200.0,6000.0
ITEM0003330,PUR001869,P0008,4,4200.0,16800.0
ITEM0003331,PUR001869,P0019,2,1250.0,2500.0
ITEM0003332,PUR001870,P0003,3,32000.0,96000.0
ITEM0003333,PUR001871,P0004,2,12500.0,25000.0
ITEM0003334,PUR001872,P0011,3,4500.0,13500.0
ITEM0003335,PUR001872,P0019,2,1250.0,2500.0
ITEM0003336,PUR001873,P0010,2,2200.0,4400.0
ITEM0003337,PUR001874,P0010,3,2200.0,6600.0
ITEM0003338,PUR001875,P0005,3,4500.0,13500.0
ITEM0003339,PUR001876,P0017,2,18500.0,37000.0
ITEM0003340,PUR001876,P0003,2,32000.0,64000.0
ITEM0003341,PUR001877,P0004,3,12500.0,37500.0
ITEM0003342,PUR001877,P0013,2,14500.0,29000.0
ITEM0003343,PUR001877,P0017,1,18500.0,18500.0
ITEM0003344,PUR001878,P0011,1,4500.0,4500.0
ITEM0003345,PUR001878,P0018,4,550.0,2200.0
ITEM0003346,PUR001879,P0009,4,1900.0,7600.0
ITEM0003347,PUR001880,P0011,2,4500.0,9000.0
ITEM0003348,PUR001880,P0003,3,32000.0,96000.0
ITEM0003349,PUR001881,P0014,4,650.0,2600.0
ITEM0003350,PUR001882,P0019,2,1250.0,2500.0
ITEM0003351,PUR001882,P0015,3,1200.0,3600.0
ITEM0003352,PUR001883,P0014,6,650.0,3900.0
ITEM0003353,PUR001884,P0005,2,4500.0,9000.0
ITEM0003354,PUR001885,P0003,1,32000.0,32000.0
ITEM0003355,PUR001886,P0005,1,4500.0,4500.0
ITEM0003356,PUR001887,P0008,5,4200.0,21000.0
ITEM0003357,PUR001888,P0013,2,14500.0,29000.0
ITEM0003358,PUR001889,P0003,1,32000.0,32000.0
ITEM0003359,PUR001890,P0017,2,18500.0,37000.0
ITEM0003360,PUR001890,P0013,2,14500.0,29000.0
ITEM0003361,PUR001891,P0008,4,4200.0,16800.0
ITEM0003362,PUR001892,P0005,4,4500.0,18000.0
ITEM0003363,PUR001893,P0006,3,2800.0,8400.0
ITEM0003364,PUR001893,P0007,4,1800.0,7200.0
ITEM0003365,PUR001893,P0011,3,4500.0,13500.0
ITEM0003366,PUR001894,P0017,1,18500.0,18500.0
ITEM0003367,PUR001894,P0003,3,32000.0,96000.0
ITEM0003368,PUR001895,P0011,3,4500.0,13500.0
ITEM0003369,PUR001896,P0003,1,32000.0,32000.0
ITEM0003370,PUR001896,P0001,2,65000.0,130000.0
ITEM0003371,PUR001896,P0002,2,85000.0,170000.0
ITEM0003372,PUR001897,P0019,4,1250.0,5000.0
ITEM0003373,PUR001898,P0010,5,2200.0,11000.0
ITEM0003374,PUR001898,P0020,1,499.0,499.0
ITEM0003375,PUR001899,P0013,2,14500.0,29000.0
ITEM0003376,PUR001899,P0011,1,4500.0,4500.0
ITEM0003377,PUR001899,P0004,2,12500.0,25000.0
ITEM0003378,PUR001900,P0020,4,499.0,1996.0
ITEM0003379,PUR001900,P0018,8,550.0,4400.0
ITEM0003380,PUR001900,P0012,3,850.0,2550.0
ITEM0003381,PUR001901,P0011,3,4500.0,13500.0
ITEM0003382,PUR001902,P0002,1,85000.0,85000.0
ITEM0003383,PUR001902,P0001,1,65000.0,65000.0
ITEM0003384,PUR001903,P0013,1,14500.0,14500.0
ITEM0003385,PUR001904,P0019,3,1250.0,3750.0
ITEM0003386,PUR001905,P0008,3,4200.0,12600.0
ITEM0003387,PUR001905,P0019,4,1250.0,5000.0
ITEM0003388,PUR001905,P0012,2,850.0,1700.0
ITEM0003389,PUR001905,P0004,2,12500.0,25000.0
ITEM0003390,PUR001906,P0008,4,4200.0,16800.0
ITEM0003391,PUR001906,P0020,4,499.0,1996.0
ITEM0003392,PUR001906,P0012,2,850.0,1700.0
ITEM0003393,PUR001906,P0007,1,1800.0,1800.0
ITEM0003394,PUR001907,P0006,2,2800.0,5600.0
ITEM0003395,PUR001908,P0004,3,12500.0,37500.0
ITEM0003396,PUR001908,P0003,2,32000.0,64000.0
ITEM0003397,PUR001909,P0008,1,4200.0,4200.0
ITEM0003398,PUR001910,P0013,2,14500.0,29000.0
ITEM0003399,PUR001911,P0006,2,2800.0,5600.0
ITEM0003400,PUR001912,P0017,2,18500.0,37000.0
ITEM0003401,PUR001913,P0002,2,85000.0,170000.0
ITEM0003402,PUR001913,P0003,2,32000.0,64000.0
ITEM0003403,PUR001914,P0008,4,4200.0,16800.0
ITEM0003404,PUR001915,P0011,3,4500.0,13500.0
ITEM0003405,PUR001916,P0005,2,4500.0,9000.0
ITEM0003406,PUR001917,P0006,4,2800.0,11200.0
ITEM0003407,PUR001918,P0015,2,1200.0,2400.0
ITEM0003408,PUR001918,P0006,3,2800.0,8400.0
ITEM0003409,PUR001919,P0004,2,12500.0,25000.0
ITEM0003410,PUR001919,P0006,3,2800.0,8400.0
ITEM0003411,PUR001920,P0008,4,4200.0,16800.0
ITEM0003412,PUR001920,P0013,2,14500.0,29000.0
ITEM0003413,PUR001921,P0011,3,4500.0,13500.0
ITEM0003414,PUR001921,P0016,10,450.0,4500.0
ITEM0003415,PUR001921,P0018,8,550.0,4400.0
ITEM0003416,PUR001922,P0011,2,4500.0,9000.0
ITEM0003417,PUR001922,P0013,1,14500.0,14500.0
ITEM0003418,PUR001923,P0001,1,65000.0,65000.0
ITEM0003419,PUR001924,P0003,3,32000.0,96000.0
ITEM0003420,PUR001924,P0008,3,4200.0,12600.0
ITEM0003421,PUR001925,P0013,1,14500.0,14500.0
ITEM0003422,PUR001926,P0006,2,2800.0,5600.0
ITEM0003423,PUR001927,P0006,2,2800.0,5600.0
ITEM0003424,PUR001927,P0019,4,1250.0,5000.0
ITEM0003425,PUR001928,P0003,1,32000.0,32000.0
ITEM0003426,PUR001929,P0011,3,4500.0,13500.0
ITEM0003427,PUR001930,P0002,2,85000.0,170000.0
ITEM0003428,PUR001930,P0017,1,18500.0,18500.0
ITEM0003429,PUR001930,P0001,1,65000.0,65000.0
ITEM0003430,PUR001931,P0003,2,32000.0,64000.0
ITEM0003431,PUR001932,P0003,2,32000.0,64000.0
ITEM0003432,PUR001933,P0015,4,1200.0,4800.0
ITEM0003433,PUR001934,P0006,1,2800.0,2800.0
ITEM0003434,PUR001934,P0003,2,32000.0,64000.0
ITEM0003435,PUR001935,P0004,3,12500.0,37500.0
ITEM0003436,PUR001935,P0019,5,1250.0,6250.0
ITEM0003437,PUR001936,P0016,10,450.0,4500.0
ITEM0003438,PUR001936,P0006,4,2800.0,11200.0
ITEM0003439,PUR001937,P0004,2,12500.0,25000.0
ITEM0003440,PUR001937,P0013,1,14500.0,14500.0
ITEM0003441,PUR001937,P0005,3,4500.0,13500.0
ITEM0003442,PUR001937,P0019,3,1250.0,3750.0
ITEM0003443,PUR001938,P0011,2,4500.0,9000.0
ITEM0003444,PUR001938,P0006,3,2800.0,8400.0
ITEM0003445,PUR001938,P0005,4,4500.0,18000.0
ITEM0003446,PUR001939,P0013,1,14500.0,14500.0
ITEM0003447,PUR001940,P0006,3,2800.0,8400.0
ITEM0003448,PUR001941,P0011,1,4500.0,4500.0
ITEM0003449,PUR001942,P0005,4,4500.0,18000.0
ITEM0003450,PUR001943,P0020,4,499.0,1996.0
ITEM0003451,PUR001943,P0018,5,550.0,2750.0
ITEM0003452,PUR001943,P0014,2,650.0,1300.0
ITEM0003453,PUR001943,P0012,5,850.0,4250.0
ITEM0003454,PUR001944,P0015,3,1200.0,3600.0
ITEM0003455,PUR001945,P0008,1,4200.0,4200.0
ITEM0003456,PUR001945,P0017,1,18500.0,18500.0
ITEM0003457,PUR001946,P0009,4,1900.0,7600.0
ITEM0003458,PUR001947,P0008,3,4200.0,12600.0
ITEM0003459,PUR001947,P0014,1,650.0,650.0
ITEM0003460,PUR001948,P0009,3,1900.0,5700.0
ITEM0003461,PUR001949,P0003,1,32000.0,32000.0
ITEM0003462,PUR001949,P0001,2,65000.0,130000.0
ITEM0003463,PUR001950,P0009,2,1900.0,3800.0
ITEM0003464,PUR001950,P0008,5,4200.0,21000.0
ITEM0003465,PUR001951,P0019,2,1250.0,2500.0
ITEM0003466,PUR001952,P0004,1,12500.0,12500.0
ITEM0003467,PUR001952,P0008,2,4200.0,8400.0
ITEM0003468,PUR001953,P0011,2,4500.0,9000.0
ITEM0003469,PUR001954,P0009,4,1900.0,7600.0
ITEM0003470,PUR001955,P0002,2,85000.0,170000.0
ITEM0003471,PUR001956,P0003,1,32000.0,32000.0
ITEM0003472,PUR001957,P0010,1,2200.0,2200.0
ITEM0003473,PUR001958,P0005,3,4500.0,13500.0
ITEM0003474,PUR001958,P0006,4,2800.0,11200.0
ITEM0003475,PUR001958,P0004,1,12500.0,12500.0
ITEM0003476,PUR001959,P0007,1,1800.0,1800.0
ITEM0003477,PUR001959,P0014,7,650.0,4550.0
ITEM0003478,PUR001960,P0010,3,2200.0,6600.0
ITEM0003479,PUR001961,P0006,3,2800.0,8400.0
ITEM0003480,PUR001961,P0019,2,1250.0,2500.0
ITEM0003481,PUR001961,P0003,1,32000.0,32000.0
ITEM0003482,PUR001961,P0004,3,12500.0,37500.0
ITEM0003483,PUR001962,P0004,2,12500.0,25000.0
ITEM0003484,PUR001963,P0019,1,1250.0,1250.0
ITEM0003485,PUR001964,P0011,2,4500.0,9000.0
ITEM0003486,PUR001965,P0018,2,550.0,1100.0
ITEM0003487,PUR001966,P0014,8,650.0,5200.0
ITEM0003488,PUR001966,P0008,3,4200.0,12600.0
ITEM0003489,PUR001967,P0003,3,32000.0,96000.0
ITEM0003490,PUR001967,P0001,1,65000.0,65000.0
ITEM0003491,PUR001968,P0009,5,1900.0,9500.0
ITEM0003492,PUR001968,P0012,3,850.0,2550.0
ITEM0003493,PUR001969,P0005,3,4500.0,13500.0
ITEM0003494,PUR001969,P0019,2,1250.0,2500.0
ITEM0003495,PUR001969,P0018,3,550.0,1650.0
ITEM0003496,PUR001969,P0014,8,650.0,5200.0
ITEM0003497,PUR001970,P0007,5,1800.0,9000.0
ITEM0003498,PUR001970,P0018,2,550.0,1100.0
ITEM0003499,PUR001971,P0007,5,1800.0,9000.0
ITEM0003500,PUR001971,P0006,1,2800.0,2800.0
ITEM0003501,PUR001972,P0003,2,32000.0,64000.0
ITEM0003502,PUR001973,P0008,3,4200.0,12600.0
ITEM0003503,PUR001974,P0004,2,12500.0,25000.0
ITEM0003504,PUR001975,P0014,8,650.0,5200.0
ITEM0003505,PUR001975,P0019,1,1250.0,1250.0
ITEM0003506,PUR001976,P0019,1,1250.0,1250.0
ITEM0003507,PUR001977,P0019,4,1250.0,5000.0
ITEM0003508,PUR001978,P0007,5,1800.0,9000.0
ITEM0003509,PUR001978,P0014,8,650.0,5200.0
ITEM0003510,PUR001978,P0011,1,4500.0,4500.0
ITEM0003511,PUR001978,P0020,1,499.0,499.0
ITEM0003512,PUR001979,P0014,3,650.0,1950.0
ITEM0003513,PUR001980,P0020,5,499.0,2495.0
ITEM0003514,PUR001981,P0001,2,65000.0,130000.0
ITEM0003515,PUR001981,P0002,1,85000.0,85000.0
ITEM0003516,PUR001982,P0011,1,4500.0,4500.0
ITEM0003517,PUR001983,P0002,2,85000.0,170000.0
ITEM0003518,PUR001983,P0017,2,18500.0,37000.0
ITEM0003519,PUR001984,P0017,1,18500.0,18500.0
ITEM0003520,PUR001985,P0013,1,14500.0,14500.0
ITEM0003521,PUR001986,P0018,7,550.0,3850.0
ITEM0003522,PUR001987,P0005,3,4500.0,13500.0
ITEM0003523,PUR001987,P0017,1,18500.0,18500.0
ITEM0003524,PUR001988,P0017,2,18500.0,37000.0
ITEM0003525,PUR001989,P0015,4,1200.0,4800.0
ITEM0003526,PUR001990,P0012,2,850.0,1700.0
ITEM0003527,PUR001991,P0018,3,550.0,1650.0
ITEM0003528,PUR001991,P0006,4,2800.0,11200.0
ITEM0003529,PUR001991,P0020,1,499.0,499.0
ITEM0003530,PUR001991,P0004,3,12500.0,37500.0
ITEM0003531,PUR001992,P0003,1,32000.0,32000.0
ITEM0003532,PUR001993,P0009,5,1900.0,9500.0
ITEM0003533,PUR001993,P0018,3,550.0,1650.0
ITEM0003534,PUR001993,P0016,7,450.0,3150.0
ITEM0003535,PUR001994,P0013,1,14500.0,14500.0
ITEM0003536,PUR001995,P0008,1,4200.0,4200.0
ITEM0003537,PUR001995,P0016,1,450.0,450.0
ITEM0003538,PUR001996,P0013,2,14500.0,29000.0
ITEM0003539,PUR001996,P0008,5,4200.0,21000.0
ITEM0003540,PUR001997,P0014,8,650.0,5200.0
ITEM0003541,PUR001998,P0008,2,4200.0,8400.0
ITEM0003542,PUR001998,P0017,2,18500.0,37000.0
ITEM0003543,PUR001999,P0003,2,32000.0,64000.0
ITEM0003544,PUR002000,P0006,1,2800.0,2800.0
ITEM0003545,PUR002001,P0005,4,4500.0,18000.0
ITEM0003546,PUR002002,P0015,4,1200.0,4800.0
ITEM0003547,PUR002002,P0014,5,650.0,3250.0
ITEM0003548,PUR002003,P0008,5,4200.0,21000.0
ITEM0003549,PUR002003,P0013,1,14500.0,14500.0
ITEM0003550,PUR002003,P0006,4,2800.0,11200.0
ITEM0003551,PUR002004,P0004,3,12500.0,37500.0
ITEM0003552,PUR002005,P0008,2,4200.0,8400.0
ITEM0003553,PUR002006,P0003,1,32000.0,32000.0
ITEM0003554,PUR002007,P0010,3,2200.0,6600.0
ITEM0003555,PUR002008,P0005,2,4500.0,9000.0
ITEM0003556,PUR002008,P0004,1,12500.0,12500.0
ITEM0003557,PUR002009,P0011,3,4500.0,13500.0
ITEM0003558,PUR002010,P0013,1,14500.0,14500.0
ITEM0003559,PUR002010,P0017,1,18500.0,18500.0
ITEM0003560,PUR002011,P0017,2,18500.0,37000.0
ITEM0003561,PUR002012,P0001,2,65000.0,130000.0
ITEM0003562,PUR002013,P0005,2,4500.0,9000.0
ITEM0003563,PUR002013,P0011,1,4500.0,4500.0
ITEM0003564,PUR002013,P0008,4,4200.0,16800.0
ITEM0003565,PUR002014,P0016,8,450.0,3600.0
ITEM0003566,PUR002014,P0009,3,1900.0,5700.0
ITEM0003567,PUR002014,P0018,3,550.0,1650.0
ITEM0003568,PUR002015,P0006,4,2800.0,11200.0
ITEM0003569,PUR002016,P0004,3,12500.0,37500.0
ITEM0003570,PUR002016,P0009,5,1900.0,9500.0
ITEM0003571,PUR002017,P0013,2,14500.0,29000.0
ITEM0003572,PUR002017,P0004,1,12500.0,12500.0
ITEM0003573,PUR002018,P0016,8,450.0,3600.0
ITEM0003574,PUR002018,P0015,5,1200.0,6000.0
ITEM0003575,PUR002019,P0013,2,14500.0,29000.0
ITEM0003576,PUR002020,P0011,1,4500.0,4500.0
ITEM0003577,PUR002021,P0007,3,1800.0,5400.0
ITEM0003578,PUR002021,P0012,2,850.0,1700.0
ITEM0003579,PUR002022,P0011,2,4500.0,9000.0
ITEM0003580,PUR002022,P0009,3,1900.0,5700.0
ITEM0003581,PUR002023,P0004,3,12500.0,37500.0
ITEM0003582,PUR002023,P0003,1,32000.0,32000.0
ITEM0003583,PUR002024,P0003,2,32000.0,64000.0
ITEM0003584,PUR002025,P0003,1,32000.0,32000.0
ITEM0003585,PUR002026,P0012,6,850.0,5100.0
ITEM0003586,PUR002027,P0008,4,4200.0,16800.0
ITEM0003587,PUR002028,P0003,2,32000.0,64000.0
ITEM0003588,PUR002028,P0001,1,65000.0,65000.0
ITEM0003589,PUR002029,P0017,2,18500.0,37000.0
ITEM0003590,PUR002030,P0017,1,18500.0,18500.0
ITEM0003591,PUR002030,P0011,3,4500.0,13500.0
ITEM0003592,PUR002031,P0020,5,499.0,2495.0
ITEM0003593,PUR002032,P0005,3,4500.0,13500.0
ITEM0003594,PUR002033,P0009,2,1900.0,3800.0
ITEM0003595,PUR002033,P0006,1,2800.0,2800.0
ITEM0003596,PUR002033,P0020,4,499.0,1996.0
ITEM0003597,PUR002034,P0015,3,1200.0,3600.0
ITEM0003598,PUR002035,P0004,2,12500.0,25000.0
ITEM0003599,PUR002035,P0014,1,650.0,650.0
ITEM0003600,PUR002036,P0004,2,12500.0,25000.0
ITEM0003601,PUR002036,P0005,3,4500.0,13500.0
ITEM0003602,PUR002037,P0019,5,1250.0,6250.0
ITEM0003603,PUR002037,P0003,3,32000.0,96000.0
ITEM0003604,PUR002037,P0008,4,4200.0,16800.0
ITEM0003605,PUR002038,P0014,6,650.0,3900.0
ITEM0003606,PUR002039,P0018,4,550.0,2200.0
ITEM0003607,PUR002040,P0011,3,4500.0,13500.0
ITEM0003608,PUR002040,P0001,2,65000.0,130000.0
ITEM0003609,PUR002041,P0007,1,1800.0,1800.0
ITEM0003610,PUR002042,P0008,4,4200.0,16800.0
ITEM0003611,PUR002042,P0011,3,4500.0,13500.0
ITEM0003612,PUR002042,P0004,3,12500.0,37500.0
ITEM0003613,PUR002043,P0007,2,1800.0,3600.0
ITEM0003614,PUR002044,P0008,2,4200.0,8400.0
ITEM0003615,PUR002044,P0016,9,450.0,4050.0
ITEM0003616,PUR002045,P0016,5,450.0,2250.0
ITEM0003617,PUR002045,P0010,3,2200.0,6600.0
ITEM0003618,PUR002046,P0016,7,450.0,3150.0
ITEM0003619,PUR002046,P0018,4,550.0,2200.0
ITEM0003620,PUR002046,P0007,2,1800.0,3600.0
ITEM0003621,PUR002047,P0020,2,499.0,998.0
ITEM0003622,PUR002048,P0012,5,850.0,4250.0
ITEM0003623,PUR002049,P0019,1,1250.0,1250.0
ITEM0003624,PUR002049,P0017,2,18500.0,37000.0
ITEM0003625,PUR002049,P0003,1,32000.0,32000.0
ITEM0003626,PUR002050,P0016,1,450.0,450.0
ITEM0003627,PUR002051,P0015,5,1200.0,6000.0
ITEM0003628,PUR002052,P0008,2,4200.0,8400.0
ITEM0003629,PUR002053,P0008,2,4200.0,8400.0
ITEM0003630,PUR002053,P0017,1,18500.0,18500.0
ITEM0003631,PUR002054,P0001,2,65000.0,130000.0
ITEM0003632,PUR002055,P0019,1,1250.0,1250.0
ITEM0003633,PUR002055,P0015,2,1200.0,2400.0
ITEM0003634,PUR002056,P0002,1,85000.0,85000.0
ITEM0003635,PUR002056,P0001,2,65000.0,130000.0
ITEM0003636,PUR002057,P0016,10,450.0,4500.0
ITEM0003637,PUR002058,P0008,4,4200.0,16800.0
ITEM0003638,PUR002059,P0014,8,650.0,5200.0
ITEM0003639,PUR002059,P0016,6,450.0,2700.0
ITEM0003640,PUR002059,P0005,2,4500.0,9000.0
ITEM0003641,PUR002060,P0013,1,14500.0,14500.0
ITEM0003642,PUR002061,P0003,2,32000.0,64000.0
ITEM0003643,PUR002061,P0019,4,1250.0,5000.0
ITEM0003644,PUR002061,P0005,2,4500.0,9000.0
ITEM0003645,PUR002061,P0006,3,2800.0,8400.0
ITEM0003646,PUR002062,P0018,5,550.0,2750.0
ITEM0003647,PUR002063,P0010,3,2200.0,6600.0
ITEM0003648,PUR002064,P0007,3,1800.0,5400.0
ITEM0003649,PUR002065,P0003,3,32000.0,96000.0
ITEM0003650,PUR002065,P0011,1,4500.0,4500.0
ITEM0003651,PUR002066,P0020,5,499.0,2495.0
ITEM0003652,PUR002067,P0001,2,65000.0,130000.0
ITEM0003653,PUR002068,P0019,4,1250.0,5000.0
ITEM0003654,PUR002069,P0017,1,18500.0,18500.0
ITEM0003655,PUR002069,P0005,2,4500.0,9000.0
ITEM0003656,PUR002070,P0011,3,4500.0,13500.0
ITEM0003657,PUR002071,P0003,3,32000.0,96000.0
ITEM0003658,PUR002071,P0005,2,4500.0,9000.0
ITEM0003659,PUR002072,P0003,1,32000.0,32000.0
ITEM0003660,PUR002073,P0011,3,4500.0,13500.0
ITEM0003661,PUR002074,P0006,1,2800.0,2800.0
ITEM0003662,PUR002074,P0003,3,32000.0,96000.0
ITEM0003663,PUR002074,P0004,3,12500.0,37500.0
ITEM0003664,PUR002075,P0016,2,450.0,900.0
ITEM0003665,PUR002075,P0015,5,1200.0,6000.0
ITEM0003666,PUR002076,P0008,4,4200.0,16800.0
ITEM0003667,PUR002077,P0003,3,32000.0,96000.0
ITEM0003668,PUR002078,P0011,2,4500.0,9000.0
ITEM0003669,PUR002079,P0016,7,450.0,3150.0
ITEM0003670,PUR002079,P0014,5,650.0,3250.0
ITEM0003671,PUR002080,P0007,4,1800.0,7200.0
ITEM0003672,PUR002081,P0017,2,18500.0,37000.0
ITEM0003673,PUR002081,P0008,5,4200.0,21000.0
ITEM0003674,PUR002081,P0011,3,4500.0,13500.0
ITEM0003675,PUR002082,P0009,2,1900.0,3800.0
ITEM0003676,PUR002082,P0014,4,650.0,2600.0
ITEM0003677,PUR002082,P0004,2,12500.0,25000.0
ITEM0003678,PUR002083,P0019,4,1250.0,5000.0
ITEM0003679,PUR002084,P0020,4,499.0,1996.0
ITEM0003680,PUR002085,P0017,1,18500.0,18500.0
ITEM0003681,PUR002086,P0007,5,1800.0,9000.0
ITEM0003682,PUR002087,P0017,1,18500.0,18500.0
ITEM0003683,PUR002088,P0001,1,65000.0,65000.0
ITEM0003684,PUR002088,P0003,1,32000.0,32000.0
ITEM0003685,PUR002088,P0017,2,18500.0,37000.0
ITEM0003686,PUR002089,P0013,1,14500.0,14500.0
ITEM0003687,PUR002090,P0002,2,85000.0,170000.0
ITEM0003688,PUR002090,P0013,2,14500.0,29000.0
ITEM0003689,PUR002090,P0017,2,18500.0,37000.0
ITEM0003690,PUR002091,P0003,2,32000.0,64000.0
ITEM0003691,PUR002091,P0001,2,65000.0,130000.0
ITEM0003692,PUR002092,P0011,1,4500.0,4500.0
ITEM0003693,PUR002092,P0008,1,4200.0,4200.0
ITEM0003694,PUR002092,P0015,5,1200.0,6000.0
ITEM0003695,PUR002093,P0006,3,2800.0,8400.0
ITEM0003696,PUR002094,P0012,2,850.0,1700.0
ITEM0003697,PUR002094,P0007,5,1800.0,9000.0
ITEM0003698,PUR002094,P0019,5,1250.0,6250.0
ITEM0003699,PUR002095,P0008,3,4200.0,12600.0
ITEM0003700,PUR002095,P0012,1,850.0,850.0
ITEM0003701,PUR002095,P0007,4,1800.0,7200.0
ITEM0003702,PUR002096,P0019,4,1250.0,5000.0
ITEM0003703,PUR002097,P0019,1,1250.0,1250.0
ITEM0003704,PUR002097,P0005,2,4500.0,9000.0
ITEM0003705,PUR002097,P0017,1,18500.0,18500.0
ITEM0003706,PUR002098,P0006,4,2800.0,11200.0
ITEM0003707,PUR002099,P0014,2,650.0,1300.0
ITEM0003708,PUR002100,P0013,1,14500.0,14500.0
ITEM0003709,PUR002100,P0003,3,32000.0,96000.0
ITEM0003710,PUR002100,P0017,2,18500.0,37000.0
ITEM0003711,PUR002101,P0013,2,14500.0,29000.0
ITEM0003712,PUR002102,P0006,2,2800.0,5600.0
ITEM0003713,PUR002102,P0004,2,12500.0,25000.0
ITEM0003714,PUR002103,P0008,2,4200.0,8400.0
ITEM0003715,PUR002104,P0004,1,12500.0,12500.0
ITEM0003716,PUR002104,P0017,1,18500.0,18500.0
ITEM0003717,PUR002105,P0014,2,650.0,1300.0
ITEM0003718,PUR002106,P0020,3,499.0,1497.0
ITEM0003719,PUR002107,P0020,3,499.0,1497.0
ITEM0003720,PUR002108,P0001,2,65000.0,130000.0
ITEM0003721,PUR002108,P0002,1,85000.0,85000.0
ITEM0003722,PUR002109,P0011,1,4500.0,4500.0
ITEM0003723,PUR002109,P0016,2,450.0,900.0
ITEM0003724,PUR002110,P0006,3,2800.0,8400.0
ITEM0003725,PUR002110,P0017,1,18500.0,18500.0
ITEM0003726,PUR002111,P0011,3,4500.0,13500.0
ITEM0003727,PUR002112,P0017,1,18500.0,18500.0
ITEM0003728,PUR002112,P0003,3,32000.0,96000.0
ITEM0003729,PUR002113,P0019,2,1250.0,2500.0
ITEM0003730,PUR002114,P0002,2,85000.0,170000.0
ITEM0003731,PUR002115,P0014,8,650.0,5200.0
ITEM0003732,PUR002115,P0012,2,850.0,1700.0
ITEM0003733,PUR002116,P0006,1,2800.0,2800.0
ITEM0003734,PUR002117,P0008,5,4200.0,21000.0
ITEM0003735,PUR002118,P0004,2,12500.0,25000.0
ITEM0003736,PUR002119,P0003,3,32000.0,96000.0
ITEM0003737,PUR002119,P0001,1,65000.0,65000.0
ITEM0003738,PUR002119,P0002,2,85000.0,170000.0
ITEM0003739,PUR002120,P0017,1,18500.0,18500.0
ITEM0003740,PUR002121,P0002,2,85000.0,170000.0
ITEM0003741,PUR002122,P0020,3,499.0,1497.0
ITEM0003742,PUR002122,P0018,2,550.0,1100.0
ITEM0003743,PUR002122,P0019,1,1250.0,1250.0
ITEM0003744,PUR002123,P0013,2,14500.0,29000.0
ITEM0003745,PUR002124,P0001,1,65000.0,65000.0
ITEM0003746,PUR002125,P0006,2,2800.0,5600.0
ITEM0003747,PUR002125,P0014,1,650.0,650.0
ITEM0003748,PUR002125,P0019,2,1250.0,2500.0
ITEM0003749,PUR002125,P0015,2,1200.0,2400.0
ITEM0003750,PUR002126,P0005,1,4500.0,4500.0
ITEM0003751,PUR002126,P0018,6,550.0,3300.0
ITEM0003752,PUR002126,P0010,2,2200.0,4400.0
ITEM0003753,PUR002127,P0019,1,1250.0,1250.0
ITEM0003754,PUR002128,P0019,5,1250.0,6250.0
ITEM0003755,PUR002128,P0012,1,850.0,850.0
ITEM0003756,PUR002129,P0017,2,18500.0,37000.0
ITEM0003757,PUR002130,P0006,1,2800.0,2800.0
ITEM0003758,PUR002130,P0019,2,1250.0,2500.0
ITEM0003759,PUR002131,P0019,3,1250.0,3750.0
ITEM0003760,PUR002132,P0008,5,4200.0,21000.0
ITEM0003761,PUR002133,P0006,2,2800.0,5600.0
ITEM0003762,PUR002134,P0009,1,1900.0,1900.0
ITEM0003763,PUR002134,P0020,1,499.0,499.0
ITEM0003764,PUR002135,P0017,2,18500.0,37000.0
ITEM0003765,PUR002135,P0004,3,12500.0,37500.0
ITEM0003766,PUR002135,P0003,1,32000.0,32000.0
ITEM0003767,PUR002136,P0013,2,14500.0,29000.0
ITEM0003768,PUR002137,P0014,8,650.0,5200.0
ITEM0003769,PUR002137,P0005,2,4500.0,9000.0
ITEM0003770,PUR002137,P0015,1,1200.0,1200.0
ITEM0003771,PUR002138,P0015,5,1200.0,6000.0
ITEM0003772,PUR002138,P0019,5,1250.0,6250.0
ITEM0003773,PUR002138,P0018,1,550.0,550.0
ITEM0003774,PUR002139,P0008,4,4200.0,16800.0
ITEM0003775,PUR002139,P0017,2,18500.0,37000.0
ITEM0003776,PUR002140,P0014,8,650.0,5200.0
ITEM0003777,PUR002140,P0007,2,1800.0,3600.0
ITEM0003778,PUR002140,P0016,8,450.0,3600.0
ITEM0003779,PUR002141,P0011,1,4500.0,4500.0
ITEM0003780,PUR002141,P0017,1,18500.0,18500.0
ITEM0003781,PUR002141,P0003,1,32000.0,32000.0
ITEM0003782,PUR002142,P0006,4,2800.0,11200.0
ITEM0003783,PUR002143,P0019,3,1250.0,3750.0
ITEM0003784,PUR002143,P0015,5,1200.0,6000.0
ITEM0003785,PUR002143,P0014,5,650.0,3250.0
ITEM0003786,PUR002144,P0005,3,4500.0,13500.0
ITEM0003787,PUR002145,P0003,2,32000.0,64000.0
ITEM0003788,PUR002145,P0017,1,18500.0,18500.0
ITEM0003789,PUR002145,P0013,1,14500.0,14500.0
ITEM0003790,PUR002146,P0019,3,1250.0,3750.0
ITEM0003791,PUR002147,P0015,3,1200.0,3600.0
ITEM0003792,PUR002147,P0019,3,1250.0,3750.0
ITEM0003793,PUR002148,P0006,1,2800.0,2800.0
ITEM0003794,PUR002148,P0019,3,1250.0,3750.0
ITEM0003795,PUR002149,P0012,2,850.0,1700.0
ITEM0003796,PUR002150,P0002,2,85000.0,170000.0
ITEM0003797,PUR002151,P0004,1,12500.0,12500.0
ITEM0003798,PUR002151,P0016,7,450.0,3150.0
ITEM0003799,PUR002152,P0006,3,2800.0,8400.0
ITEM0003800,PUR002152,P0012,4,850.0,3400.0
ITEM0003801,PUR002152,P0007,5,1800.0,9000.0
ITEM0003802,PUR002153,P0013,1,14500.0,14500.0
ITEM0003803,PUR002153,P0003,2,32000.0,64000.0
ITEM0003804,PUR002154,P0005,3,4500.0,13500.0
ITEM0003805,PUR002154,P0008,1,4200.0,4200.0
ITEM0003806,PUR002154,P0007,5,1800.0,9000.0
ITEM0003807,PUR002155,P0019,5,1250.0,6250.0
ITEM0003808,PUR002155,P0017,2,18500.0,37000.0
ITEM0003809,PUR002156,P0013,1,14500.0,14500.0
ITEM0003810,PUR002157,P0013,1,14500.0,14500.0
ITEM0003811,PUR002157,P0002,2,85000.0,170000.0
ITEM0003812,PUR002158,P0004,3,12500.0,37500.0
ITEM0003813,PUR002158,P0008,4,4200.0,16800.0
ITEM0003814,PUR002159,P0006,2,2800.0,5600.0
ITEM0003815,PUR002160,P0004,3,12500.0,37500.0
ITEM0003816,PUR002161,P0009,5,1900.0,9500.0
ITEM0003817,PUR002161,P0004,2,12500.0,25000.0
ITEM0003818,PUR002162,P0006,2,2800.0,5600.0
ITEM0003819,PUR002162,P0012,2,850.0,1700.0
ITEM0003820,PUR002162,P0016,10,450.0,4500.0
ITEM0003821,PUR002163,P0004,1,12500.0,12500.0
ITEM0003822,PUR002163,P0006,2,2800.0,5600.0
ITEM0003823,PUR002163,P0019,3,1250.0,3750.0
ITEM0003824,PUR002164,P0013,2,14500.0,29000.0
ITEM0003825,PUR002165,P0018,8,550.0,4400.0
ITEM0003826,PUR002165,P0004,1,12500.0,12500.0
ITEM0003827,PUR002165,P0019,5,1250.0,6250.0
ITEM0003828,PUR002166,P0004,2,12500.0,25000.0
ITEM0003829,PUR002166,P0011,2,4500.0,9000.0
ITEM0003830,PUR002167,P0003,2,32000.0,64000.0
ITEM0003831,PUR002168,P0011,1,4500.0,4500.0
ITEM0003832,PUR002168,P0017,2,18500.0,37000.0
ITEM0003833,PUR002169,P0007,2,1800.0,3600.0
ITEM0003834,PUR002169,P0020,2,499.0,998.0
ITEM0003835,PUR002169,P0011,2,4500.0,9000.0
ITEM0003836,PUR002170,P0016,5,450.0,2250.0
ITEM0003837,PUR002171,P0019,2,1250.0,2500.0
ITEM0003838,PUR002171,P0018,1,550.0,550.0
ITEM0003839,PUR002172,P0019,4,1250.0,5000.0
ITEM0003840,PUR002172,P0009,4,1900.0,7600.0
ITEM0003841,PUR002173,P0004,3,12500.0,37500.0
ITEM0003842,PUR002173,P0003,3,32000.0,96000.0
ITEM0003843,PUR002173,P0005,4,4500.0,18000.0
ITEM0003844,PUR002173,P0017,2,18500.0,37000.0
ITEM0003845,PUR002174,P0011,3,4500.0,13500.0
ITEM0003846,PUR002174,P0013,2,14500.0,29000.0
ITEM0003847,PUR002174,P0006,1,2800.0,2800.0
ITEM0003848,PUR002175,P0001,1,65000.0,65000.0
ITEM0003849,PUR002175,P0003,1,32000.0,32000.0
ITEM0003850,PUR002175,P0017,2,18500.0,37000.0
ITEM0003851,PUR002175,P0013,2,14500.0,29000.0
ITEM0003852,PUR002176,P0002,2,85000.0,170000.0
ITEM0003853,PUR002176,P0017,2,18500.0,37000.0
ITEM0003854,PUR002177,P0013,2,14500.0,29000.0
ITEM0003855,PUR002177,P0004,1,12500.0,12500.0
ITEM0003856,PUR002177,P0005,3,4500.0,13500.0
ITEM0003857,PUR002178,P0019,5,1250.0,6250.0
ITEM0003858,PUR002178,P0009,4,1900.0,7600.0
ITEM0003859,PUR002179,P0008,1,4200.0,4200.0
ITEM0003860,PUR002180,P0001,2,65000.0,130000.0
ITEM0003861,PUR002180,P0017,1,18500.0,18500.0
ITEM0003862,PUR002181,P0013,1,14500.0,14500.0
ITEM0003863,PUR002182,P0016,5,450.0,2250.0
ITEM0003864,PUR002183,P0006,1,2800.0,2800.0
ITEM0003865,PUR002183,P0010,5,2200.0,11000.0
ITEM0003866,PUR002184,P0012,3,850.0,2550.0
ITEM0003867,PUR002185,P0006,4,2800.0,11200.0
ITEM0003868,PUR002185,P0018,7,550.0,3850.0
ITEM0003869,PUR002186,P0002,2,85000.0,170000.0
ITEM0003870,PUR002187,P0007,2,1800.0,3600.0
ITEM0003871,PUR002187,P0019,1,1250.0,1250.0
ITEM0003872,PUR002188,P0018,6,550.0,3300.0
ITEM0003873,PUR002188,P0007,4,1800.0,7200.0
ITEM0003874,PUR002189,P0009,2,1900.0,3800.0
ITEM0003875,PUR002189,P0019,2,1250.0,2500.0
ITEM0003876,PUR002189,P0005,3,4500.0,13500.0
ITEM0003877,PUR002189,P0018,8,550.0,4400.0
ITEM0003878,PUR002190,P0005,1,4500.0,4500.0
ITEM0003879,PUR002190,P0006,1,2800.0,2800.0
ITEM0003880,PUR002191,P0005,2,4500.0,9000.0
ITEM0003881,PUR002192,P0002,1,85000.0,85000.0
ITEM0003882,PUR002192,P0017,2,18500.0,37000.0
ITEM0003883,PUR002193,P0005,2,4500.0,9000.0
ITEM0003884,PUR002193,P0019,4,1250.0,5000.0
ITEM0003885,PUR002193,P0004,1,12500.0,12500.0
ITEM0003886,PUR002194,P0019,1,1250.0,1250.0
ITEM0003887,PUR002195,P0007,3,1800.0,5400.0
ITEM0003888,PUR002195,P0013,2,14500.0,29000.0
ITEM0003889,PUR002196,P0001,1,65000.0,65000.0
ITEM0003890,PUR002197,P0015,4,1200.0,4800.0
ITEM0003891,PUR002198,P0017,1,18500.0,18500.0
ITEM0003892,PUR002199,P0005,4,4500.0,18000.0
ITEM0003893,PUR002199,P0006,1,2800.0,2800.0
ITEM0003894,PUR002200,P0017,1,18500.0,18500.0
ITEM0003895,PUR002201,P0011,3,4500.0,13500.0
ITEM0003896,PUR002201,P0012,4,850.0,3400.0
ITEM0003897,PUR002201,P0006,3,2800.0,8400.0
ITEM0003898,PUR002202,P0004,1,12500.0,12500.0
ITEM0003899,PUR002203,P0019,4,1250.0,5000.0
ITEM0003900,PUR002203,P0016,10,450.0,4500.0
ITEM0003901,PUR002204,P0003,2,32000.0,64000.0
ITEM0003902,PUR002204,P0006,3,2800.0,8400.0
ITEM0003903,PUR002204,P0013,1,14500.0,14500.0
ITEM0003904,PUR002205,P0011,1,4500.0,4500.0
ITEM0003905,PUR002205,P0005,1,4500.0,4500.0
ITEM0003906,PUR002206,P0008,4,4200.0,16800.0
ITEM0003907,PUR002207,P0003,3,32000.0,96000.0
ITEM0003908,PUR002208,P0015,1,1200.0,1200.0
ITEM0003909,PUR002208,P0008,4,4200.0,16800.0
ITEM0003910,PUR002209,P0005,4,4500.0,18000.0
ITEM0003911,PUR002209,P0016,8,450.0,3600.0
ITEM0003912,PUR002209,P0007,4,1800.0,7200.0
ITEM0003913,PUR002210,P0005,3,4500.0,13500.0
ITEM0003914,PUR002210,P0003,3,32000.0,96000.0
ITEM0003915,PUR002211,P0006,1,2800.0,2800.0
ITEM0003916,PUR002211,P0020,5,499.0,2495.0
ITEM0003917,PUR002211,P0012,5,850.0,4250.0
ITEM0003918,PUR002211,P0009,2,1900.0,3800.0
ITEM0003919,PUR002212,P0007,1,1800.0,1800.0
ITEM0003920,PUR002213,P0013,1,14500.0,14500.0
ITEM0003921,PUR002214,P0018,7,550.0,3850.0
ITEM0003922,PUR002214,P0009,2,1900.0,3800.0
ITEM0003923,PUR002214,P0008,4,4200.0,16800.0
ITEM0003924,PUR002214,P0019,5,1250.0,6250.0
ITEM0003925,PUR002215,P0008,3,4200.0,12600.0
ITEM0003926,PUR002215,P0019,2,1250.0,2500.0
ITEM0003927,PUR002216,P0006,4,2800.0,11200.0
ITEM0003928,PUR002216,P0004,1,12500.0,12500.0
ITEM0003929,PUR002217,P0011,1,4500.0,4500.0
ITEM0003930,PUR002218,P0017,2,18500.0,37000.0
ITEM0003931,PUR002218,P0005,1,4500.0,4500.0
ITEM0003932,PUR002219,P0002,1,85000.0,85000.0
ITEM0003933,PUR002220,P0003,1,32000.0,32000.0
ITEM0003934,PUR002220,P0019,3,1250.0,3750.0
ITEM0003935,PUR002220,P0005,3,4500.0,13500.0
ITEM0003936,PUR002221,P0014,7,650.0,4550.0
ITEM0003937,PUR002222,P0003,2,32000.0,64000.0
ITEM0003938,PUR002222,P0011,2,4500.0,9000.0
ITEM0003939,PUR002223,P0008,2,4200.0,8400.0
ITEM0003940,PUR002224,P0002,2,85000.0,170000.0
ITEM0003941,PUR002224,P0003,1,32000.0,32000.0
ITEM0003942,PUR002225,P0006,4,2800.0,11200.0
ITEM0003943,PUR002225,P0010,5,2200.0,11000.0
ITEM0003944,PUR002225,P0012,1,850.0,850.0
ITEM0003945,PUR002226,P0010,5,2200.0,11000.0
ITEM0003946,PUR002226,P0012,3,850.0,2550.0
ITEM0003947,PUR002227,P0012,6,850.0,5100.0
ITEM0003948,PUR002228,P0020,1,499.0,499.0
ITEM0003949,PUR002228,P0012,6,850.0,5100.0
ITEM0003950,PUR002228,P0005,3,4500.0,13500.0
ITEM0003951,PUR002228,P0010,4,2200.0,8800.0
ITEM0003952,PUR002229,P0008,4,4200.0,16800.0
ITEM0003953,PUR002230,P0013,1,14500.0,14500.0
ITEM0003954,PUR002230,P0011,3,4500.0,13500.0
ITEM0003955,PUR002231,P0003,1,32000.0,32000.0
ITEM0003956,PUR002232,P0014,1,650.0,650.0
ITEM0003957,PUR002233,P0008,2,4200.0,8400.0
ITEM0003958,PUR002234,P0011,2,4500.0,9000.0
ITEM0003959,PUR002235,P0010,4,2200.0,8800.0
ITEM0003960,PUR002236,P0006,1,2800.0,2800.0
ITEM0003961,PUR002236,P0019,5,1250.0,6250.0
ITEM0003962,PUR002237,P0013,2,14500.0,29000.0
ITEM0003963,PUR002237,P0003,2,32000.0,64000.0
ITEM0003964,PUR002238,P0020,1,499.0,499.0
ITEM0003965,PUR002239,P0008,5,4200.0,21000.0
ITEM0003966,PUR002240,P0006,4,2800.0,11200.0
ITEM0003967,PUR002241,P0004,2,12500.0,25000.0
ITEM0003968,PUR002241,P0008,4,4200.0,16800.0
ITEM0003969,PUR002241,P0017,1,18500.0,18500.0
ITEM0003970,PUR002242,P0006,4,2800.0,11200.0
ITEM0003971,PUR002243,P0004,2,12500.0,25000.0
ITEM0003972,PUR002244,P0018,2,550.0,1100.0
ITEM0003973,PUR002244,P0019,5,1250.0,6250.0
ITEM0003974,PUR002245,P0017,1,18500.0,18500.0
ITEM0003975,PUR002246,P0003,2,32000.0,64000.0
ITEM0003976,PUR002246,P0017,2,18500.0,37000.0
ITEM0003977,PUR002247,P0015,1,1200.0,1200.0
ITEM0003978,PUR002247,P0012,3,850.0,2550.0
ITEM0003979,PUR002247,P0016,10,450.0,4500.0
ITEM0003980,PUR002248,P0001,1,65000.0,65000.0
ITEM0003981,PUR002249,P0006,2,2800.0,5600.0
ITEM0003982,PUR002249,P0011,3,4500.0,13500.0
ITEM0003983,PUR002249,P0005,2,4500.0,9000.0
ITEM0003984,PUR002250,P0018,7,550.0,3850.0
ITEM0003985,PUR002251,P0003,1,32000.0,32000.0
ITEM0003986,PUR002252,P0020,2,499.0,998.0
ITEM0003987,PUR002253,P0019,2,1250.0,2500.0
ITEM0003988,PUR002253,P0005,1,4500.0,4500.0
ITEM0003989,PUR002253,P0003,3,32000.0,96000.0
ITEM0003990,PUR002254,P0019,2,1250.0,2500.0
ITEM0003991,PUR002254,P0007,5,1800.0,9000.0
ITEM0003992,PUR002254,P0011,2,4500.0,9000.0
ITEM0003993,PUR002255,P0019,5,1250.0,6250.0
ITEM0003994,PUR002255,P0007,5,1800.0,9000.0
ITEM0003995,PUR002255,P0020,1,499.0,499.0
ITEM0003996,PUR002256,P0001,1,65000.0,65000.0
ITEM0003997,PUR002256,P0013,1,14500.0,14500.0
ITEM0003998,PUR002257,P0005,3,4500.0,13500.0
ITEM0003999,PUR002258,P0006,4,2800.0,11200.0
ITEM0004000,PUR002258,P0005,2,4500.0,9000.0
ITEM0004001,PUR002259,P0012,6,850.0,5100.0
ITEM0004002,PUR002259,P0019,1,1250.0,1250.0
ITEM0004003,PUR002260,P0011,3,4500.0,13500.0
ITEM0004004,PUR002261,P0005,4,4500.0,18000.0
ITEM0004005,PUR002262,P0018,8,550.0,4400.0
ITEM0004006,PUR002262,P0008,2,4200.0,8400.0
ITEM0004007,PUR002263,P0016,9,450.0,4050.0
ITEM0004008,PUR002264,P0015,4,1200.0,4800.0
ITEM0004009,PUR002265,P0011,2,4500.0,9000.0
ITEM0004010,PUR002266,P0005,4,4500.0,18000.0
ITEM0004011,PUR002267,P0017,2,18500.0,37000.0
ITEM0004012,PUR002267,P0013,1,14500.0,14500.0
ITEM0004013,PUR002268,P0008,5,4200.0,21000.0
ITEM0004014,PUR002269,P0019,4,1250.0,5000.0
ITEM0004015,PUR002270,P0002,2,85000.0,170000.0
ITEM0004016,PUR002271,P0002,1,85000.0,85000.0
ITEM0004017,PUR002272,P0013,2,14500.0,29000.0
ITEM0004018,PUR002272,P0017,2,18500.0,37000.0
ITEM0004019,PUR002272,P0003,2,32000.0,64000.0
ITEM0004020,PUR002273,P0009,1,1900.0,1900.0
ITEM0004021,PUR002273,P0018,4,550.0,2200.0
ITEM0004022,PUR002273,P0020,5,499.0,2495.0
ITEM0004023,PUR002274,P0017,1,18500.0,18500.0
ITEM0004024,PUR002275,P0006,4,2800.0,11200.0
ITEM0004025,PUR002275,P0003,2,32000.0,64000.0
ITEM0004026,PUR002276,P0011,3,4500.0,13500.0
ITEM0004027,PUR002276,P0006,1,2800.0,2800.0
ITEM0004028,PUR002277,P0001,2,65000.0,130000.0
ITEM0004029,PUR002278,P0003,1,32000.0,32000.0
ITEM0004030,PUR002279,P0017,1,18500.0,18500.0
ITEM0004031,PUR002279,P0008,5,4200.0,21000.0
ITEM0004032,PUR002279,P0019,4,1250.0,5000.0
ITEM0004033,PUR002280,P0003,3,32000.0,96000.0
ITEM0004034,PUR002281,P0019,3,1250.0,3750.0
ITEM0004035,PUR002281,P0015,1,1200.0,1200.0
ITEM0004036,PUR002282,P0015,3,1200.0,3600.0
ITEM0004037,PUR002283,P0004,1,12500.0,12500.0
ITEM0004038,PUR002283,P0015,1,1200.0,1200.0
ITEM0004039,PUR002284,P0010,5,2200.0,11000.0
ITEM0004040,PUR002284,P0005,2,4500.0,9000.0
ITEM0004041,PUR002285,P0019,2,1250.0,2500.0
ITEM0004042,PUR002285,P0014,7,650.0,4550.0
ITEM0004043,PUR002285,P0007,1,1800.0,1800.0
ITEM0004044,PUR002286,P0005,1,4500.0,4500.0
ITEM0004045,PUR002287,P0016,5,450.0,2250.0
ITEM0004046,PUR002287,P0006,4,2800.0,11200.0
ITEM0004047,PUR002288,P0011,2,4500.0,9000.0
ITEM0004048,PUR002289,P0006,1,2800.0,2800.0
ITEM0004049,PUR002289,P0018,6,550.0,3300.0
ITEM0004050,PUR002289,P0011,1,4500.0,4500.0
ITEM0004051,PUR002290,P0008,1,4200.0,4200.0
ITEM0004052,PUR002291,P0018,3,550.0,1650.0
ITEM0004053,PUR002291,P0012,4,850.0,3400.0
ITEM0004054,PUR002292,P0006,1,2800.0,2800.0
ITEM0004055,PUR002293,P0006,2,2800.0,5600.0
ITEM0004056,PUR002294,P0006,2,2800.0,5600.0
ITEM0004057,PUR002295,P0015,2,1200.0,2400.0
ITEM0004058,PUR002295,P0019,3,1250.0,3750.0
ITEM0004059,PUR002296,P0005,1,4500.0,4500.0
ITEM0004060,PUR002297,P0010,2,2200.0,4400.0
ITEM0004061,PUR002298,P0003,2,32000.0,64000.0
ITEM0004062,PUR002298,P0017,1,18500.0,18500.0
ITEM0004063,PUR002298,P0002,2,85000.0,170000.0
ITEM0004064,PUR002299,P0006,2,2800.0,5600.0
ITEM0004065,PUR002299,P0004,2,12500.0,25000.0
ITEM0004066,PUR002299,P0003,2,32000.0,64000.0
ITEM0004067,PUR002300,P0006,3,2800.0,8400.0
ITEM0004068,PUR002300,P0012,3,850.0,2550.0
ITEM0004069,PUR002301,P0007,4,1800.0,7200.0
ITEM0004070,PUR002301,P0010,4,2200.0,8800.0
ITEM0004071,PUR002302,P0011,2,4500.0,9000.0
ITEM0004072,PUR002303,P0011,3,4500.0,13500.0
ITEM0004073,PUR002303,P0006,2,2800.0,5600.0
ITEM0004074,PUR002303,P0015,5,1200.0,6000.0
ITEM0004075,PUR002304,P0018,5,550.0,2750.0
ITEM0004076,PUR002305,P0006,1,2800.0,2800.0
ITEM0004077,PUR002306,P0007,5,1800.0,9000.0
ITEM0004078,PUR002306,P0011,1,4500.0,4500.0
ITEM0004079,PUR002307,P0001,1,65000.0,65000.0
ITEM0004080,PUR002307,P0003,2,32000.0,64000.0
ITEM0004081,PUR002307,P0017,2,18500.0,37000.0
ITEM0004082,PUR002308,P0014,5,650.0,3250.0
ITEM0004083,PUR002308,P0011,3,4500.0,13500.0
ITEM0004084,PUR002308,P0008,5,4200.0,21000.0
ITEM0004085,PUR002309,P0009,2,1900.0,3800.0
ITEM0004086,PUR002310,P0004,2,12500.0,25000.0
ITEM0004087,PUR002310,P0009,4,1900.0,7600.0
ITEM0004088,PUR002310,P0008,3,4200.0,12600.0
ITEM0004089,PUR002311,P0001,2,65000.0,130000.0
ITEM0004090,PUR002311,P0013,2,14500.0,29000.0
ITEM0004091,PUR002312,P0014,3,650.0,1950.0
ITEM0004092,PUR002313,P0005,2,4500.0,9000.0
ITEM0004093,PUR002313,P0017,2,18500.0,37000.0
ITEM0004094,PUR002313,P0013,1,14500.0,14500.0
ITEM0004095,PUR002313,P0003,1,32000.0,32000.0
ITEM0004096,PUR002314,P0008,5,4200.0,21000.0
ITEM0004097,PUR002314,P0005,2,4500.0,9000.0
ITEM0004098,PUR002314,P0004,2,12500.0,25000.0
ITEM0004099,PUR002315,P0017,2,18500.0,37000.0
ITEM0004100,PUR002315,P0008,4,4200.0,16800.0
ITEM0004101,PUR002316,P0019,3,1250.0,3750.0
ITEM0004102,PUR002316,P0011,3,4500.0,13500.0
ITEM0004103,PUR002316,P0015,3,1200.0,3600.0
ITEM0004104,PUR002316,P0009,4,1900.0,7600.0
ITEM0004105,PUR002317,P0006,4,2800.0,11200.0
ITEM0004106,PUR002318,P0011,1,4500.0,4500.0
ITEM0004107,PUR002318,P0019,2,1250.0,2500.0
ITEM0004108,PUR002318,P0013,2,14500.0,29000.0
ITEM0004109,PUR002319,P0011,1,4500.0,4500.0
ITEM0004110,PUR002320,P0011,3,4500.0,13500.0
ITEM0004111,PUR002320,P0017,1,18500.0,18500.0
ITEM0004112,PUR002320,P0013,1,14500.0,14500.0
ITEM0004113,PUR002320,P0004,2,12500.0,25000.0
ITEM0004114,PUR002321,P0015,1,1200.0,1200.0
ITEM0004115,PUR002321,P0010,4,2200.0,8800.0
ITEM0004116,PUR002321,P0014,1,650.0,650.0
ITEM0004117,PUR002322,P0012,5,850.0,4250.0
ITEM0004118,PUR002323,P0008,4,4200.0,16800.0
ITEM0004119,PUR002323,P0014,2,650.0,1300.0
ITEM0004120,PUR002324,P0004,2,12500.0,25000.0
ITEM0004121,PUR002325,P0011,2,4500.0,9000.0
ITEM0004122,PUR002326,P0019,1,1250.0,1250.0
ITEM0004123,PUR002327,P0018,2,550.0,1100.0
ITEM0004124,PUR002328,P0008,4,4200.0,16800.0
ITEM0004125,PUR002328,P0006,1,2800.0,2800.0
ITEM0004126,PUR002329,P0014,4,650.0,2600.0
ITEM0004127,PUR002330,P0019,4,1250.0,5000.0
ITEM0004128,PUR002331,P0020,4,499.0,1996.0
ITEM0004129,PUR002331,P0016,2,450.0,900.0
ITEM0004130,PUR002332,P0006,2,2800.0,5600.0
ITEM0004131,PUR002332,P0005,3,4500.0,13500.0
ITEM0004132,PUR002332,P0004,1,12500.0,12500.0
ITEM0004133,PUR002333,P0011,2,4500.0,9000.0
ITEM0004134,PUR002334,P0015,2,1200.0,2400.0
ITEM0004135,PUR002335,P0011,3,4500.0,13500.0
ITEM0004136,PUR002335,P0009,1,1900.0,1900.0
ITEM0004137,PUR002336,P0011,2,4500.0,9000.0
ITEM0004138,PUR002337,P0011,3,4500.0,13500.0
ITEM0004139,PUR002337,P0016,5,450.0,2250.0
ITEM0004140,PUR002338,P0010,3,2200.0,6600.0
ITEM0004141,PUR002338,P0012,2,850.0,1700.0
ITEM0004142,PUR002339,P0002,2,85000.0,170000.0
ITEM0004143,PUR002340,P0014,6,650.0,3900.0
ITEM0004144,PUR002341,P0005,3,4500.0,13500.0
ITEM0004145,PUR002342,P0012,3,850.0,2550.0
ITEM0004146,PUR002342,P0008,2,4200.0,8400.0
ITEM0004147,PUR002342,P0016,8,450.0,3600.0
ITEM0004148,PUR002343,P0017,1,18500.0,18500.0
ITEM0004149,PUR002343,P0013,2,14500.0,29000.0
ITEM0004150,PUR002343,P0005,3,4500.0,13500.0
ITEM0004151,PUR002344,P0017,2,18500.0,37000.0
ITEM0004152,PUR002344,P0008,3,4200.0,12600.0
ITEM0004153,PUR002344,P0013,1,14500.0,14500.0
ITEM0004154,PUR002345,P0013,2,14500.0,29000.0
ITEM0004155,PUR002346,P0013,1,14500.0,14500.0
ITEM0004156,PUR002346,P0003,3,32000.0,96000.0
ITEM0004157,PUR002347,P0007,1,1800.0,1800.0
ITEM0004158,PUR002347,P0014,2,650.0,1300.0
ITEM0004159,PUR002348,P0014,5,650.0,3250.0
ITEM0004160,PUR002349,P0013,1,14500.0,14500.0
ITEM0004161,PUR002349,P0017,1,18500.0,18500.0
ITEM0004162,PUR002350,P0013,1,14500.0,14500.0
ITEM0004163,PUR002351,P0003,2,32000.0,64000.0
ITEM0004164,PUR002352,P0008,5,4200.0,21000.0
ITEM0004165,PUR002352,P0012,2,850.0,1700.0
ITEM0004166,PUR002352,P0011,2,4500.0,9000.0
ITEM0004167,PUR002353,P0005,4,4500.0,18000.0
ITEM0004168,PUR002354,P0019,5,1250.0,6250.0
ITEM0004169,PUR002354,P0020,4,499.0,1996.0
ITEM0004170,PUR002354,P0016,6,450.0,2700.0
ITEM0004171,PUR002355,P0019,1,1250.0,1250.0
ITEM0004172,PUR002356,P0010,4,2200.0,8800.0
ITEM0004173,PUR002357,P0003,2,32000.0,64000.0
ITEM0004174,PUR002357,P0005,1,4500.0,4500.0
ITEM0004175,PUR002357,P0011,1,4500.0,4500.0
ITEM0004176,PUR002357,P0017,1,18500.0,18500.0
ITEM0004177,PUR002358,P0013,2,14500.0,29000.0
ITEM0004178,PUR002359,P0013,2,14500.0,29000.0
ITEM0004179,PUR002359,P0017,2,18500.0,37000.0
ITEM0004180,PUR002359,P0001,2,65000.0,130000.0
ITEM0004181,PUR002360,P0019,3,1250.0,3750.0
ITEM0004182,PUR002361,P0016,2,450.0,900.0
ITEM0004183,PUR002362,P0017,1,18500.0,18500.0
ITEM0004184,PUR002363,P0017,2,18500.0,37000.0
ITEM0004185,PUR002363,P0003,1,32000.0,32000.0
ITEM0004186,PUR002364,P0005,2,4500.0,9000.0
ITEM0004187,PUR002364,P0020,3,499.0,1497.0
ITEM0004188,PUR002365,P0006,3,2800.0,8400.0
ITEM0004189,PUR002365,P0017,2,18500.0,37000.0
ITEM0004190,PUR002365,P0013,1,14500.0,14500.0
ITEM0004191,PUR002366,P0019,5,1250.0,6250.0
ITEM0004192,PUR002366,P0004,3,12500.0,37500.0
ITEM0004193,PUR002366,P0009,1,1900.0,1900.0
ITEM0004194,PUR002367,P0013,1,14500.0,14500.0
ITEM0004195,PUR002367,P0002,2,85000.0,170000.0
ITEM0004196,PUR002368,P0015,4,1200.0,4800.0
ITEM0004197,PUR002368,P0012,6,850.0,5100.0
ITEM0004198,PUR002368,P0018,1,550.0,550.0
ITEM0004199,PUR002368,P0006,3,2800.0,8400.0
ITEM0004200,PUR002369,P0017,2,18500.0,37000.0
ITEM0004201,PUR002370,P0005,4,4500.0,18000.0
ITEM0004202,PUR002371,P0002,2,85000.0,170000.0
ITEM0004203,PUR002372,P0009,2,1900.0,3800.0
ITEM0004204,PUR002373,P0005,1,4500.0,4500.0
ITEM0004205,PUR002374,P0005,2,4500.0,9000.0
ITEM0004206,PUR002375,P0013,2,14500.0,29000.0
ITEM0004207,PUR002375,P0001,1,65000.0,65000.0
ITEM0004208,PUR002375,P0002,1,85000.0,85000.0
ITEM0004209,PUR002376,P0002,2,85000.0,170000.0
ITEM0004210,PUR002376,P0013,1,14500.0,14500.0
ITEM0004211,PUR002377,P0017,1,18500.0,18500.0
ITEM0004212,PUR002377,P0004,1,12500.0,12500.0
ITEM0004213,PUR002378,P0015,4,1200.0,4800.0
ITEM0004214,PUR002379,P0014,4,650.0,2600.0
ITEM0004215,PUR002379,P0010,5,2200.0,11000.0
ITEM0004216,PUR002379,P0011,3,4500.0,13500.0
ITEM0004217,PUR002380,P0013,1,14500.0,14500.0
ITEM0004218,PUR002380,P0004,2,12500.0,25000.0
ITEM0004219,PUR002380,P0011,3,4500.0,13500.0
ITEM0004220,PUR002381,P0007,2,1800.0,3600.0
ITEM0004221,PUR002382,P0008,2,4200.0,8400.0
ITEM0004222,PUR002382,P0006,4,2800.0,11200.0
ITEM0004223,PUR002382,P0009,5,1900.0,9500.0
ITEM0004224,PUR002382,P0004,3,12500.0,37500.0
ITEM0004225,PUR002383,P0010,1,2200.0,2200.0
ITEM0004226,PUR002384,P0003,1,32000.0,32000.0
ITEM0004227,PUR002385,P0008,5,4200.0,21000.0
ITEM0004228,PUR002385,P0019,5,1250.0,6250.0
ITEM0004229,PUR002385,P0013,2,14500.0,29000.0
ITEM0004230,PUR002386,P0017,2,18500.0,37000.0
ITEM0004231,PUR002386,P0019,2,1250.0,2500.0
ITEM0004232,PUR002386,P0003,1,32000.0,32000.0
ITEM0004233,PUR002386,P0008,5,4200.0,21000.0
ITEM0004234,PUR002387,P0011,1,4500.0,4500.0
ITEM0004235,PUR002388,P0011,2,4500.0,9000.0
ITEM0004236,PUR002389,P0013,1,14500.0,14500.0
ITEM0004237,PUR002390,P0009,1,1900.0,1900.0
ITEM0004238,PUR002390,P0011,3,4500.0,13500.0
ITEM0004239,PUR002391,P0016,10,450.0,4500.0
ITEM0004240,PUR002391,P0018,2,550.0,1100.0
ITEM0004241,PUR002392,P0017,2,18500.0,37000.0
ITEM0004242,PUR002392,P0013,2,14500.0,29000.0
ITEM0004243,PUR002393,P0011,1,4500.0,4500.0
ITEM0004244,PUR002393,P0003,2,32000.0,64000.0
ITEM0004245,PUR002393,P0013,1,14500.0,14500.0
ITEM0004246,PUR002394,P0005,1,4500.0,4500.0
ITEM0004247,PUR002395,P0013,2,14500.0,29000.0
ITEM0004248,PUR002395,P0008,4,4200.0,16800.0
ITEM0004249,PUR002395,P0003,1,32000.0,32000.0
ITEM0004250,PUR002396,P0004,1,12500.0,12500.0
ITEM0004251,PUR002397,P0003,2,32000.0,64000.0
ITEM0004252,PUR002398,P0011,1,4500.0,4500.0
ITEM0004253,PUR002399,P0020,3,499.0,1497.0
ITEM0004254,PUR002399,P0010,4,2200.0,8800.0
ITEM0004255,PUR002399,P0005,1,4500.0,4500.0
ITEM0004256,PUR002400,P0003,1,32000.0,32000.0
ITEM0004257,PUR002400,P0005,2,4500.0,9000.0
ITEM0004258,PUR002401,P0015,3,1200.0,3600.0
ITEM0004259,PUR002401,P0008,5,4200.0,21000.0
ITEM0004260,PUR002402,P0001,2,65000.0,130000.0
ITEM0004261,PUR002403,P0008,1,4200.0,4200.0
ITEM0004262,PUR002404,P0008,4,4200.0,16800.0
ITEM0004263,PUR002404,P0006,1,2800.0,2800.0
ITEM0004264,PUR002405,P0006,2,2800.0,5600.0
ITEM0004265,PUR002406,P0012,1,850.0,850.0
ITEM0004266,PUR002406,P0014,1,650.0,650.0
ITEM0004267,PUR002407,P0019,3,1250.0,3750.0
ITEM0004268,PUR002408,P0017,2,18500.0,37000.0
ITEM0004269,PUR002408,P0005,3,4500.0,13500.0
ITEM0004270,PUR002409,P0019,1,1250.0,1250.0
ITEM0004271,PUR002410,P0004,3,12500.0,37500.0
ITEM0004272,PUR002411,P0014,2,650.0,1300.0
ITEM0004273,PUR002412,P0003,3,32000.0,96000.0
ITEM0004274,PUR002412,P0017,2,18500.0,37000.0
ITEM0004275,PUR002412,P0002,1,85000.0,85000.0
ITEM0004276,PUR002413,P0005,1,4500.0,4500.0
ITEM0004277,PUR002413,P0020,3,499.0,1497.0
ITEM0004278,PUR002414,P0010,2,2200.0,4400.0
ITEM0004279,PUR002414,P0020,5,499.0,2495.0
ITEM0004280,PUR002414,P0016,10,450.0,4500.0
ITEM0004281,PUR002415,P0004,2,12500.0,25000.0
ITEM0004282,PUR002415,P0008,2,4200.0,8400.0
ITEM0004283,PUR002416,P0002,1,85000.0,85000.0
ITEM0004284,PUR002417,P0019,2,1250.0,2500.0
ITEM0004285,PUR002417,P0013,2,14500.0,29000.0
ITEM0004286,PUR002418,P0003,2,32000.0,64000.0
ITEM0004287,PUR002418,P0013,2,14500.0,29000.0
ITEM0004288,PUR002419,P0012,2,850.0,1700.0
ITEM0004289,PUR002419,P0018,4,550.0,2200.0
ITEM0004290,PUR002420,P0017,2,18500.0,37000.0
ITEM0004291,PUR002420,P0005,2,4500.0,9000.0
ITEM0004292,PUR002421,P0005,2,4500.0,9000.0
ITEM0004293,PUR002421,P0017,1,18500.0,18500.0
ITEM0004294,PUR002421,P0003,3,32000.0,96000.0
ITEM0004295,PUR002422,P0007,1,1800.0,1800.0
ITEM0004296,PUR002423,P0014,3,650.0,1950.0
ITEM0004297,PUR002423,P0019,3,1250.0,3750.0
ITEM0004298,PUR002423,P0020,2,499.0,998.0
ITEM0004299,PUR002424,P0019,1,1250.0,1250.0
ITEM0004300,PUR002425,P0015,2,1200.0,2400.0
ITEM0004301,PUR002425,P0012,3,850.0,2550.0
ITEM0004302,PUR002426,P0019,5,1250.0,6250.0
ITEM0004303,PUR002427,P0020,2,499.0,998.0
ITEM0004304,PUR002427,P0010,2,2200.0,4400.0
ITEM0004305,PUR002428,P0012,6,850.0,5100.0
ITEM0004306,PUR002428,P0019,1,1250.0,1250.0
ITEM0004307,PUR002429,P0004,1,12500.0,12500.0
ITEM0004308,PUR002430,P0013,2,14500.0,29000.0
ITEM0004309,PUR002430,P0004,3,12500.0,37500.0
ITEM0004310,PUR002431,P0015,1,1200.0,1200.0
ITEM0004311,PUR002432,P0017,1,18500.0,18500.0
ITEM0004312,PUR002433,P0007,2,1800.0,3600.0
ITEM0004313,PUR002433,P0020,2,499.0,998.0
ITEM0004314,PUR002434,P0009,4,1900.0,7600.0
ITEM0004315,PUR002435,P0006,4,2800.0,11200.0
ITEM0004316,PUR002436,P0011,3,4500.0,13500.0
ITEM0004317,PUR002437,P0015,5,1200.0,6000.0
ITEM0004318,PUR002437,P0008,1,4200.0,4200.0
ITEM0004319,PUR002437,P0006,3,2800.0,8400.0
ITEM0004320,PUR002438,P0020,4,499.0,1996.0
ITEM0004321,PUR002439,P0015,3,1200.0,3600.0
ITEM0004322,PUR002440,P0006,3,2800.0,8400.0
ITEM0004323,PUR002440,P0013,2,14500.0,29000.0
ITEM0004324,PUR002441,P0012,6,850.0,5100.0
ITEM0004325,PUR002442,P0019,2,1250.0,2500.0
ITEM0004326,PUR002442,P0006,1,2800.0,2800.0
ITEM0004327,PUR002442,P0008,5,4200.0,21000.0
ITEM0004328,PUR002443,P0007,5,1800.0,9000.0
ITEM0004329,PUR002444,P0002,1,85000.0,85000.0
ITEM0004330,PUR002445,P0019,1,1250.0,1250.0
ITEM0004331,PUR002445,P0004,1,12500.0,12500.0
ITEM0004332,PUR002446,P0012,6,850.0,5100.0
ITEM0004333,PUR002446,P0009,4,1900.0,7600.0
ITEM0004334,PUR002446,P0008,5,4200.0,21000.0
ITEM0004335,PUR002447,P0018,1,550.0,550.0
ITEM0004336,PUR002448,P0011,3,4500.0,13500.0
ITEM0004337,PUR002449,P0017,2,18500.0,37000.0
ITEM0004338,PUR002450,P0014,7,650.0,4550.0
ITEM0004339,PUR002450,P0009,4,1900.0,7600.0
ITEM0004340,PUR002451,P0012,4,850.0,3400.0
ITEM0004341,PUR002452,P0017,2,18500.0,37000.0
ITEM0004342,PUR002453,P0009,3,1900.0,5700.0
ITEM0004343,PUR002454,P0019,2,1250.0,2500.0
ITEM0004344,PUR002454,P0008,2,4200.0,8400.0
ITEM0004345,PUR002454,P0010,3,2200.0,6600.0
ITEM0004346,PUR002454,P0005,2,4500.0,9000.0
ITEM0004347,PUR002455,P0014,4,650.0,2600.0
ITEM0004348,PUR002456,P0005,3,4500.0,13500.0
ITEM0004349,PUR002457,P0017,2,18500.0,37000.0
ITEM0004350,PUR002457,P0006,3,2800.0,8400.0
ITEM0004351,PUR002458,P0013,1,14500.0,14500.0
ITEM0004352,PUR002459,P0004,2,12500.0,25000.0
ITEM0004353,PUR002460,P0006,1,2800.0,2800.0
ITEM0004354,PUR002460,P0005,1,4500.0,4500.0
ITEM0004355,PUR002461,P0019,1,1250.0,1250.0
ITEM0004356,PUR002462,P0004,3,12500.0,37500.0
ITEM0004357,PUR002462,P0017,1,18500.0,18500.0
ITEM0004358,PUR002463,P0006,2,2800.0,5600.0
ITEM0004359,PUR002464,P0015,2,1200.0,2400.0
ITEM0004360,PUR002465,P0007,4,1800.0,7200.0
ITEM0004361,PUR002466,P0009,1,1900.0,1900.0
ITEM0004362,PUR002466,P0005,2,4500.0,9000.0
ITEM0004363,PUR002466,P0006,4,2800.0,11200.0
ITEM0004364,PUR002467,P0010,2,2200.0,4400.0
ITEM0004365,PUR002467,P0020,4,499.0,1996.0
ITEM0004366,PUR002467,P0007,3,1800.0,5400.0
ITEM0004367,PUR002468,P0005,1,4500.0,4500.0
ITEM0004368,PUR002469,P0013,2,14500.0,29000.0
ITEM0004369,PUR002469,P0011,1,4500.0,4500.0
ITEM0004370,PUR002470,P0005,3,4500.0,13500.0
ITEM0004371,PUR002471,P0018,1,550.0,550.0
ITEM0004372,PUR002472,P0006,2,2800.0,5600.0
ITEM0004373,PUR002472,P0012,2,850.0,1700.0
ITEM0004374,PUR002473,P0008,3,4200.0,12600.0
ITEM0004375,PUR002473,P0019,1,1250.0,1250.0
ITEM0004376,PUR002473,P0005,1,4500.0,4500.0
ITEM0004377,PUR002474,P0019,4,1250.0,5000.0
ITEM0004378,PUR002475,P0019,2,1250.0,2500.0
ITEM0004379,PUR002475,P0017,2,18500.0,37000.0
ITEM0004380,PUR002476,P0011,3,4500.0,13500.0
ITEM0004381,PUR002477,P0011,2,4500.0,9000.0
ITEM0004382,PUR002478,P0007,3,1800.0,5400.0
ITEM0004383,PUR002479,P0012,6,850.0,5100.0
ITEM0004384,PUR002480,P0019,4,1250.0,5000.0
ITEM0004385,PUR002481,P0011,3,4500.0,13500.0
ITEM0004386,PUR002482,P0004,1,12500.0,12500.0
ITEM0004387,PUR002483,P0008,4,4200.0,16800.0
ITEM0004388,PUR002483,P0009,2,1900.0,3800.0
ITEM0004389,PUR002483,P0012,3,850.0,2550.0
ITEM0004390,PUR002484,P0005,2,4500.0,9000.0
ITEM0004391,PUR002485,P0009,1,1900.0,1900.0
ITEM0004392,PUR002486,P0011,1,4500.0,4500.0
ITEM0004393,PUR002486,P0008,3,4200.0,12600.0
ITEM0004394,PUR002487,P0013,1,14500.0,14500.0
ITEM0004395,PUR002488,P0001,2,65000.0,130000.0
ITEM0004396,PUR002489,P0005,1,4500.0,4500.0
ITEM0004397,PUR002489,P0007,2,1800.0,3600.0
ITEM0004398,PUR002490,P0008,4,4200.0,16800.0
ITEM0004399,PUR002490,P0003,1,32000.0,32000.0
ITEM0004400,PUR002490,P0011,1,4500.0,4500.0
ITEM0004401,PUR002491,P0010,2,2200.0,4400.0
ITEM0004402,PUR002491,P0011,2,4500.0,9000.0
ITEM0004403,PUR002491,P0020,5,499.0,2495.0
ITEM0004404,PUR002492,P0016,10,450.0,4500.0
ITEM0004405,PUR002493,P0014,3,650.0,1950.0
ITEM0004406,PUR002494,P0009,4,1900.0,7600.0
ITEM0004407,PUR002494,P0020,2,499.0,998.0
ITEM0004408,PUR002495,P0001,2,65000.0,130000.0
ITEM0004409,PUR002495,P0013,1,14500.0,14500.0
ITEM0004410,PUR002495,P0003,1,32000.0,32000.0
ITEM0004411,PUR002495,P0002,1,85000.0,85000.0
ITEM0004412,PUR002496,P0013,2,14500.0,29000.0
ITEM0004413,PUR002497,P0011,3,4500.0,13500.0
ITEM0004414,PUR002497,P0008,1,4200.0,4200.0
ITEM0004415,PUR002497,P0013,1,14500.0,14500.0
ITEM0004416,PUR002498,P0004,3,12500.0,37500.0
ITEM0004417,PUR002498,P0005,4,4500.0,18000.0
ITEM0004418,PUR002499,P0017,2,18500.0,37000.0
ITEM0004419,PUR002499,P0001,1,65000.0,65000.0
ITEM0004420,PUR002499,P0013,1,14500.0,14500.0
ITEM0004421,PUR002500,P0003,1,32000.0,32000.0
ITEM0004422,PUR002500,P0017,1,18500.0,18500.0
ITEM0004423,PUR002501,P0012,5,850.0,4250.0
ITEM0004424,PUR002501,P0011,1,4500.0,4500.0
ITEM0004425,PUR002502,P0003,3,32000.0,96000.0
ITEM0004426,PUR002502,P0004,3,12500.0,37500.0
ITEM0004427,PUR002502,P0019,3,1250.0,3750.0
ITEM0004428,PUR002503,P0013,1,14500.0,14500.0
ITEM0004429,PUR002504,P0007,5,1800.0,9000.0
ITEM0004430,PUR002504,P0016,10,450.0,4500.0
ITEM0004431,PUR002505,P0004,2,12500.0,25000.0
ITEM0004432,PUR002505,P0019,3,1250.0,3750.0
ITEM0004433,PUR002506,P0008,4,4200.0,16800.0
ITEM0004434,PUR002507,P0020,4,499.0,1996.0
ITEM0004435,PUR002508,P0008,5,4200.0,21000.0
ITEM0004436,PUR002509,P0008,5,4200.0,21000.0
ITEM0004437,PUR002510,P0018,6,550.0,3300.0
ITEM0004438,PUR002511,P0017,2,18500.0,37000.0
ITEM0004439,PUR002511,P0005,3,4500.0,13500.0
ITEM0004440,PUR002512,P0007,3,1800.0,5400.0
ITEM0004441,PUR002512,P0008,5,4200.0,21000.0
ITEM0004442,PUR002512,P0010,5,2200.0,11000.0
ITEM0004443,PUR002513,P0006,1,2800.0,2800.0
ITEM0004444,PUR002514,P0006,4,2800.0,11200.0
ITEM0004445,PUR002515,P0019,1,1250.0,1250.0
ITEM0004446,PUR002515,P0016,4,450.0,1800.0
ITEM0004447,PUR002516,P0009,1,1900.0,1900.0
ITEM0004448,PUR002516,P0015,2,1200.0,2400.0
ITEM0004449,PUR002516,P0016,3,450.0,1350.0
ITEM0004450,PUR002517,P0019,5,1250.0,6250.0
ITEM0004451,PUR002518,P0008,2,4200.0,8400.0
ITEM0004452,PUR002518,P0019,5,1250.0,6250.0
ITEM0004453,PUR002519,P0019,3,1250.0,3750.0
ITEM0004454,PUR002520,P0007,3,1800.0,5400.0
ITEM0004455,PUR002520,P0004,1,12500.0,12500.0
ITEM0004456,PUR002520,P0014,3,650.0,1950.0
ITEM0004457,PUR002521,P0016,2,450.0,900.0
ITEM0004458,PUR002522,P0011,1,4500.0,4500.0
ITEM0004459,PUR002522,P0006,3,2800.0,8400.0
ITEM0004460,PUR002523,P0014,4,650.0,2600.0
ITEM0004461,PUR002524,P0008,2,4200.0,8400.0
ITEM0004462,PUR002524,P0011,1,4500.0,4500.0
ITEM0004463,PUR002524,P0017,1,18500.0,18500.0
ITEM0004464,PUR002525,P0003,1,32000.0,32000.0
ITEM0004465,PUR002526,P0011,1,4500.0,4500.0
ITEM0004466,PUR002527,P0020,1,499.0,499.0
ITEM0004467,PUR002527,P0014,1,650.0,650.0
ITEM0004468,PUR002528,P0001,1,65000.0,65000.0
ITEM0004469,PUR002528,P0002,2,85000.0,170000.0
ITEM0004470,PUR002529,P0005,2,4500.0,9000.0
ITEM0004471,PUR002529,P0018,6,550.0,3300.0
ITEM0004472,PUR002530,P0005,4,4500.0,18000.0
ITEM0004473,PUR002531,P0004,1,12500.0,12500.0
ITEM0004474,PUR002531,P0018,4,550.0,2200.0
ITEM0004475,PUR002531,P0019,1,1250.0,1250.0
ITEM0004476,PUR002532,P0003,1,32000.0,32000.0
ITEM0004477,PUR002532,P0002,1,85000.0,85000.0
ITEM0004478,PUR002532,P0001,1,65000.0,65000.0
ITEM0004479,PUR002532,P0017,2,18500.0,37000.0
ITEM0004480,PUR002533,P0002,2,85000.0,170000.0
ITEM0004481,PUR002534,P0010,2,2200.0,4400.0
ITEM0004482,PUR002535,P0002,1,85000.0,85000.0
ITEM0004483,PUR002536,P0002,1,85000.0,85000.0
ITEM0004484,PUR002537,P0016,1,450.0,450.0
ITEM0004485,PUR002538,P0005,4,4500.0,18000.0
ITEM0004486,PUR002539,P0004,2,12500.0,25000.0
ITEM0004487,PUR002539,P0020,2,499.0,998.0
ITEM0004488,PUR002539,P0007,1,1800.0,1800.0
ITEM0004489,PUR002540,P0010,1,2200.0,2200.0
ITEM0004490,PUR002541,P0008,2,4200.0,8400.0
ITEM0004491,PUR002542,P0011,2,4500.0,9000.0
ITEM0004492,PUR002542,P0017,2,18500.0,37000.0
ITEM0004493,PUR002543,P0005,4,4500.0,18000.0
ITEM0004494,PUR002543,P0003,3,32000.0,96000.0
ITEM0004495,PUR002543,P0011,1,4500.0,4500.0
ITEM0004496,PUR002544,P0004,1,12500.0,12500.0
ITEM0004497,PUR002545,P0011,3,4500.0,13500.0
ITEM0004498,PUR002546,P0008,4,4200.0,16800.0
ITEM0004499,PUR002546,P0005,1,4500.0,4500.0
ITEM0004500,PUR002546,P0019,4,1250.0,5000.0
ITEM0004501,PUR002546,P0012,6,850.0,5100.0
ITEM0004502,PUR002547,P0005,2,4500.0,9000.0
ITEM0004503,PUR002547,P0006,2,2800.0,5600.0
ITEM0004504,PUR002548,P0008,1,4200.0,4200.0
ITEM0004505,PUR002549,P0004,2,12500.0,25000.0
ITEM0004506,PUR002550,P0001,1,65000.0,65000.0
ITEM0004507,PUR002550,P0003,3,32000.0,96000.0
ITEM0004508,PUR002551,P0019,4,1250.0,5000.0
ITEM0004509,PUR002552,P0003,2,32000.0,64000.0
ITEM0004510,PUR002552,P0002,2,85000.0,170000.0
ITEM0004511,PUR002553,P0016,4,450.0,1800.0
ITEM0004512,PUR002553,P0008,4,4200.0,16800.0
ITEM0004513,PUR002554,P0010,2,2200.0,4400.0
ITEM0004514,PUR002554,P0009,1,1900.0,1900.0
ITEM0004515,PUR002555,P0016,6,450.0,2700.0
ITEM0004516,PUR002556,P0001,1,65000.0,65000.0
ITEM0004517,PUR002556,P0003,2,32000.0,64000.0
ITEM0004518,PUR002556,P0002,2,85000.0,170000.0
ITEM0004519,PUR002556,P0013,1,14500.0,14500.0
ITEM0004520,PUR002557,P0013,2,14500.0,29000.0
ITEM0004521,PUR002557,P0011,2,4500.0,9000.0
ITEM0004522,PUR002557,P0004,1,12500.0,12500.0
ITEM0004523,PUR002558,P0003,1,32000.0,32000.0
ITEM0004524,PUR002559,P0005,1,4500.0,4500.0
ITEM0004525,PUR002560,P0010,5,2200.0,11000.0
ITEM0004526,PUR002561,P0003,2,32000.0,64000.0
ITEM0004527,PUR002562,P0003,2,32000.0,64000.0
ITEM0004528,PUR002563,P0006,2,2800.0,5600.0
ITEM0004529,PUR002563,P0008,2,4200.0,8400.0
ITEM0004530,PUR002563,P0015,3,1200.0,3600.0
ITEM0004531,PUR002564,P0005,2,4500.0,9000.0
ITEM0004532,PUR002564,P0009,4,1900.0,7600.0
ITEM0004533,PUR002564,P0015,2,1200.0,2400.0
ITEM0004534,PUR002565,P0017,2,18500.0,37000.0
ITEM0004535,PUR002566,P0009,4,1900.0,7600.0
ITEM0004536,PUR002567,P0004,2,12500.0,25000.0
ITEM0004537,PUR002568,P0019,3,1250.0,3750.0
ITEM0004538,PUR002569,P0008,5,4200.0,21000.0
ITEM0004539,PUR002569,P0017,1,18500.0,18500.0
ITEM0004540,PUR002570,P0006,2,2800.0,5600.0
ITEM0004541,PUR002571,P0002,1,85000.0,85000.0
ITEM0004542,PUR002571,P0017,2,18500.0,37000.0
ITEM0004543,PUR002572,P0003,1,32000.0,32000.0
ITEM0004544,PUR002572,P0017,1,18500.0,18500.0
ITEM0004545,PUR002573,P0004,1,12500.0,12500.0
ITEM0004546,PUR002573,P0011,2,4500.0,9000.0
ITEM0004547,PUR002574,P0008,3,4200.0,12600.0
ITEM0004548,PUR002574,P0017,2,18500.0,37000.0
ITEM0004549,PUR002574,P0013,2,14500.0,29000.0
ITEM0004550,PUR002575,P0004,1,12500.0,12500.0
ITEM0004551,PUR002575,P0013,2,14500.0,29000.0
ITEM0004552,PUR002575,P0011,1,4500.0,4500.0
ITEM0004553,PUR002576,P0003,1,32000.0,32000.0
ITEM0004554,PUR002577,P0005,3,4500.0,13500.0
ITEM0004555,PUR002578,P0018,1,550.0,550.0
ITEM0004556,PUR002579,P0017,1,18500.0,18500.0
ITEM0004557,PUR002580,P0002,1,85000.0,85000.0
ITEM0004558,PUR002580,P0013,2,14500.0,29000.0
ITEM0004559,PUR002581,P0017,2,18500.0,37000.0
ITEM0004560,PUR002581,P0004,1,12500.0,12500.0
ITEM0004561,PUR002582,P0006,3,2800.0,8400.0
ITEM0004562,PUR002583,P0005,2,4500.0,9000.0
ITEM0004563,PUR002584,P0008,2,4200.0,8400.0
ITEM0004564,PUR002585,P0019,4,1250.0,5000.0
ITEM0004565,PUR002585,P0004,1,12500.0,12500.0
ITEM0004566,PUR002586,P0004,3,12500.0,37500.0
ITEM0004567,PUR002587,P0017,2,18500.0,37000.0
ITEM0004568,PUR002588,P0012,2,850.0,1700.0
ITEM0004569,PUR002588,P0020,5,499.0,2495.0
ITEM0004570,PUR002588,P0016,5,450.0,2250.0
ITEM0004571,PUR002588,P0014,1,650.0,650.0
ITEM0004572,PUR002589,P0003,3,32000.0,96000.0
ITEM0004573,PUR002590,P0011,3,4500.0,13500.0
ITEM0004574,PUR002591,P0011,3,4500.0,13500.0
ITEM0004575,PUR002592,P0006,3,2800.0,8400.0
ITEM0004576,PUR002592,P0007,4,1800.0,7200.0
ITEM0004577,PUR002593,P0012,6,850.0,5100.0
ITEM0004578,PUR002594,P0011,1,4500.0,4500.0
ITEM0004579,PUR002595,P0008,5,4200.0,21000.0
ITEM0004580,PUR002595,P0019,1,1250.0,1250.0
ITEM0004581,PUR002596,P0014,3,650.0,1950.0
ITEM0004582,PUR002597,P0006,3,2800.0,8400.0
ITEM0004583,PUR002598,P0019,2,1250.0,2500.0
ITEM0004584,PUR002598,P0008,1,4200.0,4200.0
ITEM0004585,PUR002599,P0006,2,2800.0,5600.0
ITEM0004586,PUR002600,P0006,1,2800.0,2800.0
ITEM0004587,PUR002601,P0016,1,450.0,450.0
ITEM0004588,PUR002602,P0019,3,1250.0,3750.0
ITEM0004589,PUR002603,P0011,3,4500.0,13500.0
ITEM0004590,PUR002604,P0006,1,2800.0,2800.0
ITEM0004591,PUR002604,P0008,4,4200.0,16800.0
ITEM0004592,PUR002605,P0004,2,12500.0,25000.0
ITEM0004593,PUR002606,P0006,3,2800.0,8400.0
ITEM0004594,PUR002607,P0003,3,32000.0,96000.0
ITEM0004595,PUR002607,P0011,1,4500.0,4500.0
ITEM0004596,PUR002607,P0004,2,12500.0,25000.0
ITEM0004597,PUR002607,P0013,2,14500.0,29000.0
ITEM0004598,PUR002608,P0017,2,18500.0,37000.0
ITEM0004599,PUR002608,P0008,3,4200.0,12600.0
ITEM0004600,PUR002609,P0009,5,1900.0,9500.0
ITEM0004601,PUR002610,P0019,4,1250.0,5000.0
ITEM0004602,PUR002610,P0008,1,4200.0,4200.0
ITEM0004603,PUR002611,P0008,2,4200.0,8400.0
ITEM0004604,PUR002611,P0016,3,450.0,1350.0
ITEM0004605,PUR002612,P0007,1,1800.0,1800.0
ITEM0004606,PUR002612,P0008,5,4200.0,21000.0
ITEM0004607,PUR002613,P0007,4,1800.0,7200.0
ITEM0004608,PUR002614,P0010,1,2200.0,2200.0
ITEM0004609,PUR002615,P0008,2,4200.0,8400.0
ITEM0004610,PUR002615,P0016,10,450.0,4500.0
ITEM0004611,PUR002616,P0015,3,1200.0,3600.0
ITEM0004612,PUR002616,P0012,6,850.0,5100.0
ITEM0004613,PUR002616,P0005,1,4500.0,4500.0
ITEM0004614,PUR002616,P0020,5,499.0,2495.0
ITEM0004615,PUR002617,P0016,9,450.0,4050.0
ITEM0004616,PUR002618,P0020,5,499.0,2495.0
ITEM0004617,PUR002619,P0012,5,850.0,4250.0
ITEM0004618,PUR002619,P0010,3,2200.0,6600.0
ITEM0004619,PUR002620,P0020,2,499.0,998.0
ITEM0004620,PUR002621,P0011,1,4500.0,4500.0
ITEM0004621,PUR002622,P0012,6,850.0,5100.0
ITEM0004622,PUR002623,P0019,3,1250.0,3750.0
ITEM0004623,PUR002624,P0020,5,499.0,2495.0
ITEM0004624,PUR002624,P0007,3,1800.0,5400.0
ITEM0004625,PUR002624,P0004,1,12500.0,12500.0
ITEM0004626,PUR002625,P0006,2,2800.0,5600.0
ITEM0004627,PUR002626,P0003,3,32000.0,96000.0
ITEM0004628,PUR002626,P0002,1,85000.0,85000.0
ITEM0004629,PUR002627,P0002,2,85000.0,170000.0
ITEM0004630,PUR002627,P0013,1,14500.0,14500.0
ITEM0004631,PUR002628,P0003,2,32000.0,64000.0
ITEM0004632,PUR002629,P0007,5,1800.0,9000.0
ITEM0004633,PUR002629,P0008,1,4200.0,4200.0
ITEM0004634,PUR002630,P0008,2,4200.0,8400.0
ITEM0004635,PUR002630,P0006,3,2800.0,8400.0
ITEM0004636,PUR002631,P0001,2,65000.0,130000.0
ITEM0004637,PUR002631,P0003,1,32000.0,32000.0
ITEM0004638,PUR002632,P0008,4,4200.0,16800.0
ITEM0004639,PUR002632,P0019,2,1250.0,2500.0
ITEM0004640,PUR002633,P0007,2,1800.0,3600.0
ITEM0004641,PUR002633,P0005,3,4500.0,13500.0
ITEM0004642,PUR002633,P0019,3,1250.0,3750.0
ITEM0004643,PUR002633,P0010,4,2200.0,8800.0
ITEM0004644,PUR002634,P0007,2,1800.0,3600.0
ITEM0004645,PUR002634,P0005,4,4500.0,18000.0
ITEM0004646,PUR002635,P0006,3,2800.0,8400.0
ITEM0004647,PUR002635,P0011,2,4500.0,9000.0
ITEM0004648,PUR002636,P0017,2,18500.0,37000.0
ITEM0004649,PUR002636,P0013,1,14500.0,14500.0
ITEM0004650,PUR002636,P0005,3,4500.0,13500.0
ITEM0004651,PUR002637,P0011,3,4500.0,13500.0
ITEM0004652,PUR002637,P0003,2,32000.0,64000.0
ITEM0004653,PUR002638,P0008,4,4200.0,16800.0
ITEM0004654,PUR002638,P0005,2,4500.0,9000.0
ITEM0004655,PUR002639,P0003,1,32000.0,32000.0
ITEM0004656,PUR002640,P0005,3,4500.0,13500.0
ITEM0004657,PUR002640,P0009,3,1900.0,5700.0
ITEM0004658,PUR002641,P0016,2,450.0,900.0
ITEM0004659,PUR002641,P0008,4,4200.0,16800.0
ITEM0004660,PUR002641,P0010,2,2200.0,4400.0
ITEM0004661,PUR002642,P0006,4,2800.0,11200.0
ITEM0004662,PUR002642,P0007,3,1800.0,5400.0
ITEM0004663,PUR002643,P0013,2,14500.0,29000.0
ITEM0004664,PUR002644,P0018,8,550.0,4400.0
ITEM0004665,PUR002645,P0017,1,18500.0,18500.0
ITEM0004666,PUR002646,P0012,4,850.0,3400.0
ITEM0004667,PUR002647,P0001,1,65000.0,65000.0
ITEM0004668,PUR002648,P0004,2,12500.0,25000.0
ITEM0004669,PUR002648,P0017,2,18500.0,37000.0
ITEM0004670,PUR002648,P0008,3,4200.0,12600.0
ITEM0004671,PUR002649,P0005,4,4500.0,18000.0
ITEM0004672,PUR002649,P0009,1,1900.0,1900.0
ITEM0004673,PUR002650,P0008,4,4200.0,16800.0
ITEM0004674,PUR002650,P0003,1,32000.0,32000.0
ITEM0004675,PUR002650,P0019,3,1250.0,3750.0
ITEM0004676,PUR002651,P0017,1,18500.0,18500.0
ITEM0004677,PUR002652,P0001,2,65000.0,130000.0
ITEM0004678,PUR002652,P0002,1,85000.0,85000.0
ITEM0004679,PUR002653,P0003,2,32000.0,64000.0
ITEM0004680,PUR002653,P0017,2,18500.0,37000.0
ITEM0004681,PUR002654,P0014,5,650.0,3250.0
ITEM0004682,PUR002654,P0004,2,12500.0,25000.0
ITEM0004683,PUR002655,P0017,1,18500.0,18500.0
ITEM0004684,PUR002655,P0001,2,65000.0,130000.0
ITEM0004685,PUR002656,P0009,4,1900.0,7600.0
ITEM0004686,PUR002657,P0016,5,450.0,2250.0
ITEM0004687,PUR002658,P0003,1,32000.0,32000.0
ITEM0004688,PUR002659,P0001,1,65000.0,65000.0
ITEM0004689,PUR002660,P0015,2,1200.0,2400.0
ITEM0004690,PUR002661,P0020,4,499.0,1996.0
ITEM0004691,PUR002662,P0008,1,4200.0,4200.0
ITEM0004692,PUR002662,P0006,2,2800.0,5600.0
ITEM0004693,PUR002662,P0005,4,4500.0,18000.0
ITEM0004694,PUR002662,P0019,1,1250.0,1250.0
ITEM0004695,PUR002663,P0012,1,850.0,850.0
ITEM0004696,PUR002664,P0003,3,32000.0,96000.0
ITEM0004697,PUR002664,P0013,2,14500.0,29000.0
ITEM0004698,PUR002665,P0008,1,4200.0,4200.0
ITEM0004699,PUR002665,P0004,1,12500.0,12500.0
ITEM0004700,PUR002665,P0017,1,18500.0,18500.0
ITEM0004701,PUR002666,P0004,2,12500.0,25000.0
ITEM0004702,PUR002666,P0011,2,4500.0,9000.0
ITEM0004703,PUR002666,P0019,5,1250.0,6250.0
ITEM0004704,PUR002667,P0011,1,4500.0,4500.0
ITEM0004705,PUR002668,P0019,2,1250.0,2500.0
ITEM0004706,PUR002669,P0017,1,18500.0,18500.0
ITEM0004707,PUR002670,P0005,2,4500.0,9000.0
ITEM0004708,PUR002671,P0004,2,12500.0,25000.0
ITEM0004709,PUR002671,P0007,5,1800.0,9000.0
ITEM0004710,PUR002671,P0016,7,450.0,3150.0
ITEM0004711,PUR002672,P0017,1,18500.0,18500.0
ITEM0004712,PUR002672,P0013,1,14500.0,14500.0
ITEM0004713,PUR002672,P0008,5,4200.0,21000.0
ITEM0004714,PUR002672,P0019,5,1250.0,6250.0
ITEM0004715,PUR002673,P0015,1,1200.0,1200.0
ITEM0004716,PUR002674,P0008,3,4200.0,12600.0
ITEM0004717,PUR002674,P0006,3,2800.0,8400.0
ITEM0004718,PUR002675,P0010,5,2200.0,11000.0
ITEM0004719,PUR002676,P0009,5,1900.0,9500.0
ITEM0004720,PUR002677,P0019,3,1250.0,3750.0
ITEM0004721,PUR002677,P0016,7,450.0,3150.0
ITEM0004722,PUR002678,P0017,2,18500.0,37000.0
ITEM0004723,PUR002679,P0020,3,499.0,1497.0
ITEM0004724,PUR002680,P0013,1,14500.0,14500.0
ITEM0004725,PUR002680,P0002,1,85000.0,85000.0
ITEM0004726,PUR002681,P0006,2,2800.0,5600.0
ITEM0004727,PUR002681,P0005,3,4500.0,13500.0
ITEM0004728,PUR002682,P0001,1,65000.0,65000.0
ITEM0004729,PUR002683,P0011,1,4500.0,4500.0
ITEM0004730,PUR002683,P0005,4,4500.0,18000.0
ITEM0004731,PUR002683,P0006,1,2800.0,2800.0
ITEM0004732,PUR002684,P0008,4,4200.0,16800.0
ITEM0004733,PUR002685,P0018,2,550.0,1100.0
ITEM0004734,PUR002686,P0011,1,4500.0,4500.0
ITEM0004735,PUR002687,P0008,5,4200.0,21000.0
ITEM0004736,PUR002687,P0006,2,2800.0,5600.0
ITEM0004737,PUR002688,P0019,1,1250.0,1250.0
ITEM0004738,PUR002689,P0008,4,4200.0,16800.0
ITEM0004739,PUR002690,P0015,2,1200.0,2400.0
ITEM0004740,PUR002690,P0008,5,4200.0,21000.0
ITEM0004741,PUR002691,P0009,3,1900.0,5700.0
ITEM0004742,PUR002692,P0003,1,32000.0,32000.0
ITEM0004743,PUR002692,P0005,1,4500.0,4500.0
ITEM0004744,PUR002692,P0004,3,12500.0,37500.0
ITEM0004745,PUR002693,P0017,2,18500.0,37000.0
ITEM0004746,PUR002694,P0019,4,1250.0,5000.0
ITEM0004747,PUR002694,P0017,2,18500.0,37000.0
ITEM0004748,PUR002694,P0003,3,32000.0,96000.0
ITEM0004749,PUR002695,P0017,1,18500.0,18500.0
ITEM0004750,PUR002695,P0008,2,4200.0,8400.0
ITEM0004751,PUR002696,P0017,2,18500.0,37000.0
ITEM0004752,PUR002697,P0013,2,14500.0,29000.0
ITEM0004753,PUR002698,P0005,3,4500.0,13500.0
ITEM0004754,PUR002698,P0014,7,650.0,4550.0
ITEM0004755,PUR002699,P0006,4,2800.0,11200.0
ITEM0004756,PUR002699,P0019,4,1250.0,5000.0
ITEM0004757,PUR002700,P0003,3,32000.0,96000.0
ITEM0004758,PUR002700,P0013,2,14500.0,29000.0
ITEM0004759,PUR002701,P0005,3,4500.0,13500.0
ITEM0004760,PUR002702,P0005,4,4500.0,18000.0
ITEM0004761,PUR002702,P0010,2,2200.0,4400.0
ITEM0004762,PUR002703,P0011,2,4500.0,9000.0
ITEM0004763,PUR002704,P0019,5,1250.0,6250.0
ITEM0004764,PUR002705,P0012,4,850.0,3400.0
ITEM0004765,PUR002705,P0006,3,2800.0,8400.0
ITEM0004766,PUR002706,P0005,3,4500.0,13500.0
ITEM0004767,PUR002706,P0006,4,2800.0,11200.0
ITEM0004768,PUR002707,P0008,1,4200.0,4200.0
ITEM0004769,PUR002707,P0011,1,4500.0,4500.0
ITEM0004770,PUR002707,P0016,9,450.0,4050.0
ITEM0004771,PUR002708,P0016,10,450.0,4500.0
ITEM0004772,PUR002708,P0010,4,2200.0,8800.0
ITEM0004773,PUR002708,P0011,3,4500.0,13500.0
ITEM0004774,PUR002709,P0005,2,4500.0,9000.0
ITEM0004775,PUR002710,P0010,3,2200.0,6600.0
ITEM0004776,PUR002710,P0005,1,4500.0,4500.0
ITEM0004777,PUR002710,P0009,5,1900.0,9500.0
ITEM0004778,PUR002711,P0016,8,450.0,3600.0
ITEM0004779,PUR002712,P0011,1,4500.0,4500.0
ITEM0004780,PUR002713,P0018,7,550.0,3850.0
ITEM0004781,PUR002713,P0009,2,1900.0,3800.0
ITEM0004782,PUR002714,P0010,2,2200.0,4400.0
ITEM0004783,PUR002715,P0008,4,4200.0,16800.0
ITEM0004784,PUR002715,P0004,3,12500.0,37500.0
ITEM0004785,PUR002716,P0017,2,18500.0,37000.0
ITEM0004786,PUR002716,P0008,3,4200.0,12600.0
ITEM0004787,PUR002717,P0003,2,32000.0,64000.0
ITEM0004788,PUR002717,P0006,2,2800.0,5600.0
ITEM0004789,PUR002718,P0009,4,1900.0,7600.0
ITEM0004790,PUR002719,P0005,4,4500.0,18000.0
ITEM0004791,PUR002720,P0001,1,65000.0,65000.0
ITEM0004792,PUR002720,P0002,1,85000.0,85000.0
ITEM0004793,PUR002720,P0013,2,14500.0,29000.0
ITEM0004794,PUR002721,P0015,5,1200.0,6000.0
ITEM0004795,PUR002721,P0008,1,4200.0,4200.0
ITEM0004796,PUR002722,P0016,4,450.0,1800.0
ITEM0004797,PUR002722,P0019,4,1250.0,5000.0
ITEM0004798,PUR002723,P0011,1,4500.0,4500.0
ITEM0004799,PUR002723,P0003,2,32000.0,64000.0
ITEM0004800,PUR002723,P0019,5,1250.0,6250.0
ITEM0004801,PUR002723,P0017,1,18500.0,18500.0
ITEM0004802,PUR002724,P0004,2,12500.0,25000.0
ITEM0004803,PUR002724,P0014,5,650.0,3250.0
ITEM0004804,PUR002724,P0019,1,1250.0,1250.0
ITEM0004805,PUR002725,P0008,4,4200.0,16800.0
ITEM0004806,PUR002725,P0018,7,550.0,3850.0
ITEM0004807,PUR002726,P0003,1,32000.0,32000.0
ITEM0004808,PUR002726,P0017,1,18500.0,18500.0
ITEM0004809,PUR002727,P0005,2,4500.0,9000.0
ITEM0004810,PUR002728,P0003,3,32000.0,96000.0
ITEM0004811,PUR002729,P0006,2,2800.0,5600.0
ITEM0004812,PUR002730,P0010,1,2200.0,2200.0
ITEM0004813,PUR002730,P0014,8,650.0,5200.0
ITEM0004814,PUR002731,P0003,2,32000.0,64000.0
ITEM0004815,PUR002731,P0001,2,65000.0,130000.0
ITEM0004816,PUR002732,P0014,7,650.0,4550.0
ITEM0004817,PUR002733,P0010,2,2200.0,4400.0
ITEM0004818,PUR002734,P0005,3,4500.0,13500.0
ITEM0004819,PUR002734,P0004,1,12500.0,12500.0
ITEM0004820,PUR002734,P0019,2,1250.0,2500.0
ITEM0004821,PUR002735,P0005,2,4500.0,9000.0
ITEM0004822,PUR002736,P0015,3,1200.0,3600.0
ITEM0004823,PUR002736,P0016,6,450.0,2700.0
ITEM0004824,PUR002737,P0011,3,4500.0,13500.0
ITEM0004825,PUR002737,P0006,1,2800.0,2800.0
ITEM0004826,PUR002738,P0019,2,1250.0,2500.0
ITEM0004827,PUR002738,P0006,2,2800.0,5600.0
ITEM0004828,PUR002739,P0005,1,4500.0,4500.0
ITEM0004829,PUR002740,P0008,3,4200.0,12600.0
ITEM0004830,PUR002741,P0001,1,65000.0,65000.0
ITEM0004831,PUR002741,P0017,2,18500.0,37000.0
ITEM0004832,PUR002742,P0018,3,550.0,1650.0
ITEM0004833,PUR002743,P0007,1,1800.0,1800.0
ITEM0004834,PUR002743,P0014,6,650.0,3900.0
ITEM0004835,PUR002743,P0020,5,499.0,2495.0
ITEM0004836,PUR002744,P0014,3,650.0,1950.0
ITEM0004837,PUR002745,P0011,2,4500.0,9000.0
ITEM0004838,PUR002746,P0015,3,1200.0,3600.0
ITEM0004839,PUR002746,P0008,3,4200.0,12600.0
ITEM0004840,PUR002747,P0003,3,32000.0,96000.0
ITEM0004841,PUR002748,P0005,1,4500.0,4500.0
ITEM0004842,PUR002748,P0008,3,4200.0,12600.0
ITEM0004843,PUR002749,P0014,4,650.0,2600.0
ITEM0004844,PUR002750,P0006,3,2800.0,8400.0
ITEM0004845,PUR002751,P0016,4,450.0,1800.0
ITEM0004846,PUR002751,P0018,3,550.0,1650.0
ITEM0004847,PUR002751,P0015,3,1200.0,3600.0
ITEM0004848,PUR002751,P0012,1,850.0,850.0
ITEM0004849,PUR002752,P0011,1,4500.0,4500.0
ITEM0004850,PUR002753,P0017,2,18500.0,37000.0
ITEM0004851,PUR002753,P0003,3,32000.0,96000.0
ITEM0004852,PUR002754,P0005,2,4500.0,9000.0
ITEM0004853,PUR002755,P0016,1,450.0,450.0
ITEM0004854,PUR002756,P0008,3,4200.0,12600.0
ITEM0004855,PUR002757,P0001,1,65000.0,65000.0
ITEM0004856,PUR002758,P0008,1,4200.0,4200.0
ITEM0004857,PUR002758,P0019,2,1250.0,2500.0
ITEM0004858,PUR002759,P0001,2,65000.0,130000.0
ITEM0004859,PUR002760,P0015,1,1200.0,1200.0
ITEM0004860,PUR002760,P0016,6,450.0,2700.0
ITEM0004861,PUR002760,P0006,3,2800.0,8400.0
ITEM0004862,PUR002761,P0017,1,18500.0,18500.0
ITEM0004863,PUR002762,P0017,1,18500.0,18500.0
ITEM0004864,PUR002762,P0005,3,4500.0,13500.0
ITEM0004865,PUR002763,P0003,3,32000.0,96000.0
ITEM0004866,PUR002764,P0011,2,4500.0,9000.0
ITEM0004867,PUR002765,P0004,1,12500.0,12500.0
ITEM0004868,PUR002766,P0019,5,1250.0,6250.0
ITEM0004869,PUR002766,P0015,2,1200.0,2400.0
ITEM0004870,PUR002767,P0003,2,32000.0,64000.0
ITEM0004871,PUR002768,P0013,1,14500.0,14500.0
ITEM0004872,PUR002769,P0020,4,499.0,1996.0
ITEM0004873,PUR002769,P0009,1,1900.0,1900.0
ITEM0004874,PUR002769,P0018,7,550.0,3850.0
ITEM0004875,PUR002769,P0010,1,2200.0,2200.0
ITEM0004876,PUR002770,P0008,4,4200.0,16800.0
ITEM0004877,PUR002770,P0010,4,2200.0,8800.0
ITEM0004878,PUR002770,P0016,2,450.0,900.0
ITEM0004879,PUR002771,P0008,3,4200.0,12600.0
ITEM0004880,PUR002771,P0016,10,450.0,4500.0
ITEM0004881,PUR002772,P0010,4,2200.0,8800.0
ITEM0004882,PUR002773,P0017,2,18500.0,37000.0
ITEM0004883,PUR002774,P0006,3,2800.0,8400.0
ITEM0004884,PUR002774,P0011,1,4500.0,4500.0
ITEM0004885,PUR002775,P0015,2,1200.0,2400.0
ITEM0004886,PUR002775,P0019,4,1250.0,5000.0
ITEM0004887,PUR002776,P0013,1,14500.0,14500.0
ITEM0004888,PUR002776,P0003,2,32000.0,64000.0
ITEM0004889,PUR002776,P0011,3,4500.0,13500.0
ITEM0004890,PUR002776,P0019,1,1250.0,1250.0
ITEM0004891,PUR002777,P0005,2,4500.0,9000.0
ITEM0004892,PUR002778,P0013,1,14500.0,14500.0
ITEM0004893,PUR002779,P0011,2,4500.0,9000.0
ITEM0004894,PUR002780,P0004,1,12500.0,12500.0
ITEM0004895,PUR002780,P0007,2,1800.0,3600.0
ITEM0004896,PUR002781,P0014,4,650.0,2600.0
ITEM0004897,PUR002781,P0005,3,4500.0,13500.0
ITEM0004898,PUR002782,P0003,1,32000.0,32000.0
ITEM0004899,PUR002782,P0011,2,4500.0,9000.0
ITEM0004900,PUR002783,P0008,4,4200.0,16800.0
ITEM0004901,PUR002784,P0006,2,2800.0,5600.0
ITEM0004902,PUR002784,P0008,1,4200.0,4200.0
ITEM0004903,PUR002785,P0002,1,85000.0,85000.0
ITEM0004904,PUR002786,P0012,4,850.0,3400.0
ITEM0004905,PUR002787,P0017,1,18500.0,18500.0
ITEM0004906,PUR002788,P0007,1,1800.0,1800.0
ITEM0004907,PUR002788,P0009,3,1900.0,5700.0
ITEM0004908,PUR002788,P0012,2,850.0,1700.0
ITEM0004909,PUR002789,P0002,2,85000.0,170000.0
ITEM0004910,PUR002790,P0011,2,4500.0,9000.0
ITEM0004911,PUR002790,P0005,4,4500.0,18000.0
ITEM0004912,PUR002791,P0006,1,2800.0,2800.0
ITEM0004913,PUR002791,P0017,1,18500.0,18500.0
ITEM0004914,PUR002792,P0016,2,450.0,900.0
ITEM0004915,PUR002793,P0019,2,1250.0,2500.0
ITEM0004916,PUR002794,P0016,8,450.0,3600.0
ITEM0004917,PUR002795,P0019,1,1250.0,1250.0
ITEM0004918,PUR002796,P0020,4,499.0,1996.0
ITEM0004919,PUR002797,P0001,1,65000.0,65000.0
ITEM0004920,PUR002798,P0019,1,1250.0,1250.0
ITEM0004921,PUR002799,P0020,5,499.0,2495.0
ITEM0004922,PUR002799,P0004,3,12500.0,37500.0
ITEM0004923,PUR002799,P0011,3,4500.0,13500.0
ITEM0004924,PUR002800,P0019,3,1250.0,3750.0
ITEM0004925,PUR002800,P0014,1,650.0,650.0
ITEM0004926,PUR002801,P0017,1,18500.0,18500.0
ITEM0004927,PUR002802,P0001,2,65000.0,130000.0
ITEM0004928,PUR002803,P0019,1,1250.0,1250.0
ITEM0004929,PUR002803,P0006,3,2800.0,8400.0
ITEM0004930,PUR002803,P0017,1,18500.0,18500.0
ITEM0004931,PUR002803,P0013,1,14500.0,14500.0
ITEM0004932,PUR002804,P0016,6,450.0,2700.0
ITEM0004933,PUR002804,P0019,2,1250.0,2500.0
ITEM0004934,PUR002805,P0008,1,4200.0,4200.0
ITEM0004935,PUR002805,P0011,1,4500.0,4500.0
ITEM0004936,PUR002805,P0006,4,2800.0,11200.0
ITEM0004937,PUR002805,P0009,1,1900.0,1900.0
ITEM0004938,PUR002806,P0004,2,12500.0,25000.0
ITEM0004939,PUR002806,P0006,4,2800.0,11200.0
ITEM0004940,PUR002807,P0017,1,18500.0,18500.0
ITEM0004941,PUR002808,P0007,3,1800.0,5400.0
ITEM0004942,PUR002809,P0015,4,1200.0,4800.0
ITEM0004943,PUR002810,P0012,6,850.0,5100.0
ITEM0004944,PUR002811,P0009,1,1900.0,1900.0
ITEM0004945,PUR002812,P0017,2,18500.0,37000.0
ITEM0004946,PUR002812,P0006,4,2800.0,11200.0
ITEM0004947,PUR002813,P0005,2,4500.0,9000.0
ITEM0004948,PUR002813,P0017,2,18500.0,37000.0
ITEM0004949,PUR002813,P0006,4,2800.0,11200.0
ITEM0004950,PUR002814,P0016,5,450.0,2250.0
ITEM0004951,PUR002815,P0013,2,14500.0,29000.0
ITEM0004952,PUR002816,P0014,6,650.0,3900.0
ITEM0004953,PUR002817,P0011,3,4500.0,13500.0
ITEM0004954,PUR002818,P0006,1,2800.0,2800.0
ITEM0004955,PUR002819,P0008,3,4200.0,12600.0
ITEM0004956,PUR002819,P0005,3,4500.0,13500.0
ITEM0004957,PUR002820,P0004,2,12500.0,25000.0
ITEM0004958,PUR002820,P0019,5,1250.0,6250.0
ITEM0004959,PUR002821,P0004,2,12500.0,25000.0
ITEM0004960,PUR002822,P0013,1,14500.0,14500.0
ITEM0004961,PUR002822,P0001,2,65000.0,130000.0
ITEM0004962,PUR002823,P0002,1,85000.0,85000.0
ITEM0004963,PUR002823,P0001,2,65000.0,130000.0
ITEM0004964,PUR002823,P0013,1,14500.0,14500.0
ITEM0004965,PUR002824,P0014,7,650.0,4550.0
ITEM0004966,PUR002824,P0007,4,1800.0,7200.0
ITEM0004967,PUR002825,P0020,3,499.0,1497.0
ITEM0004968,PUR002825,P0005,2,4500.0,9000.0
ITEM0004969,PUR002826,P0012,5,850.0,4250.0
ITEM0004970,PUR002827,P0013,1,14500.0,14500.0
ITEM0004971,PUR002828,P0010,5,2200.0,11000.0
ITEM0004972,PUR002828,P0015,4,1200.0,4800.0
ITEM0004973,PUR002829,P0009,1,1900.0,1900.0
ITEM0004974,PUR002830,P0008,1,4200.0,4200.0
ITEM0004975,PUR002830,P0007,2,1800.0,3600.0
ITEM0004976,PUR002831,P0002,2,85000.0,170000.0
ITEM0004977,PUR002832,P0005,2,4500.0,9000.0
ITEM0004978,PUR002832,P0017,2,18500.0,37000.0
ITEM0004979,PUR002832,P0011,2,4500.0,9000.0
ITEM0004980,PUR002832,P0004,1,12500.0,12500.0
ITEM0004981,PUR002833,P0020,1,499.0,499.0
ITEM0004982,PUR002833,P0009,2,1900.0,3800.0
ITEM0004983,PUR002833,P0006,2,2800.0,5600.0
ITEM0004984,PUR002834,P0005,1,4500.0,4500.0
ITEM0004985,PUR002835,P0016,2,450.0,900.0
ITEM0004986,PUR002835,P0005,2,4500.0,9000.0
ITEM0004987,PUR002836,P0016,8,450.0,3600.0
ITEM0004988,PUR002837,P0019,1,1250.0,1250.0
ITEM0004989,PUR002837,P0006,4,2800.0,11200.0
ITEM0004990,PUR002838,P0005,3,4500.0,13500.0
ITEM0004991,PUR002838,P0016,6,450.0,2700.0
ITEM0004992,PUR002838,P0010,3,2200.0,6600.0
ITEM0004993,PUR002838,P0014,8,650.0,5200.0
ITEM0004994,PUR002839,P0011,3,4500.0,13500.0
ITEM0004995,PUR002839,P0019,2,1250.0,2500.0
ITEM0004996,PUR002839,P0003,3,32000.0,96000.0
ITEM0004997,PUR002839,P0006,1,2800.0,2800.0
ITEM0004998,PUR002840,P0011,2,4500.0,9000.0
ITEM0004999,PUR002840,P0016,10,450.0,4500.0
ITEM0005000,PUR002841,P0009,4,1900.0,7600.0
ITEM0005001,PUR002842,P0014,2,650.0,1300.0
ITEM0005002,PUR002843,P0011,1,4500.0,4500.0
ITEM0005003,PUR002843,P0004,1,12500.0,12500.0
ITEM0005004,PUR002843,P0019,1,1250.0,1250.0
ITEM0005005,PUR002843,P0008,2,4200.0,8400.0
ITEM0005006,PUR002844,P0019,2,1250.0,2500.0
ITEM0005007,PUR002844,P0017,2,18500.0,37000.0
ITEM0005008,PUR002845,P0003,3,32000.0,96000.0
ITEM0005009,PUR002846,P0016,10,450.0,4500.0
ITEM0005010,PUR002847,P0011,1,4500.0,4500.0
ITEM0005011,PUR002847,P0008,4,4200.0,16800.0
ITEM0005012,PUR002847,P0004,1,12500.0,12500.0
ITEM0005013,PUR002848,P0003,3,32000.0,96000.0
ITEM0005014,PUR002849,P0004,2,12500.0,25000.0
ITEM0005015,PUR002849,P0005,1,4500.0,4500.0
ITEM0005016,PUR002850,P0019,2,1250.0,2500.0
ITEM0005017,PUR002850,P0018,8,550.0,4400.0
ITEM0005018,PUR002851,P0011,2,4500.0,9000.0
ITEM0005019,PUR002852,P0011,2,4500.0,9000.0
ITEM0005020,PUR002852,P0013,1,14500.0,14500.0
ITEM0005021,PUR002852,P0017,2,18500.0,37000.0
ITEM0005022,PUR002853,P0016,5,450.0,2250.0
ITEM0005023,PUR002854,P0016,5,450.0,2250.0
ITEM0005024,PUR002855,P0007,1,1800.0,1800.0
ITEM0005025,PUR002855,P0004,3,12500.0,37500.0
ITEM0005026,PUR002856,P0004,1,12500.0,12500.0
ITEM0005027,PUR002856,P0005,1,4500.0,4500.0
ITEM0005028,PUR002857,P0003,3,32000.0,96000.0
ITEM0005029,PUR002858,P0019,3,1250.0,3750.0
ITEM0005030,PUR002858,P0004,2,12500.0,25000.0
ITEM0005031,PUR002859,P0001,2,65000.0,130000.0
ITEM0005032,PUR002859,P0017,2,18500.0,37000.0
ITEM0005033,PUR002860,P0001,1,65000.0,65000.0
ITEM0005034,PUR002860,P0013,2,14500.0,29000.0
ITEM0005035,PUR002860,P0003,1,32000.0,32000.0
ITEM0005036,PUR002860,P0002,2,85000.0,170000.0
ITEM0005037,PUR002861,P0003,3,32000.0,96000.0
ITEM0005038,PUR002861,P0008,2,4200.0,8400.0
ITEM0005039,PUR002862,P0013,2,14500.0,29000.0
ITEM0005040,PUR002862,P0017,1,18500.0,18500.0
ITEM0005041,PUR002862,P0003,1,32000.0,32000.0
ITEM0005042,PUR002863,P0005,3,4500.0,13500.0
ITEM0005043,PUR002864,P0003,2,32000.0,64000.0
ITEM0005044,PUR002864,P0011,1,4500.0,4500.0
ITEM0005045,PUR002864,P0019,5,1250.0,6250.0
ITEM0005046,PUR002865,P0010,4,2200.0,8800.0
ITEM0005047,PUR002866,P0013,1,14500.0,14500.0
ITEM0005048,PUR002866,P0017,2,18500.0,37000.0
ITEM0005049,PUR002867,P0017,2,18500.0,37000.0
ITEM0005050,PUR002867,P0001,2,65000.0,130000.0
ITEM0005051,PUR002867,P0003,1,32000.0,32000.0
ITEM0005052,PUR002868,P0017,2,18500.0,37000.0
ITEM0005053,PUR002868,P0003,1,32000.0,32000.0
ITEM0005054,PUR002868,P0013,2,14500.0,29000.0
ITEM0005055,PUR002868,P0011,2,4500.0,9000.0
ITEM0005056,PUR002869,P0015,3,1200.0,3600.0
ITEM0005057,PUR002870,P0005,3,4500.0,13500.0
ITEM0005058,PUR002871,P0019,3,1250.0,3750.0
ITEM0005059,PUR002871,P0006,1,2800.0,2800.0
ITEM0005060,PUR002872,P0017,1,18500.0,18500.0
ITEM0005061,PUR002873,P0006,2,2800.0,5600.0
ITEM0005062,PUR002873,P0003,2,32000.0,64000.0
ITEM0005063,PUR002874,P0017,1,18500.0,18500.0
ITEM0005064,PUR002875,P0008,2,4200.0,8400.0
ITEM0005065,PUR002876,P0019,3,1250.0,3750.0
ITEM0005066,PUR002876,P0003,2,32000.0,64000.0
ITEM0005067,PUR002876,P0011,1,4500.0,4500.0
ITEM0005068,PUR002877,P0013,2,14500.0,29000.0
ITEM0005069,PUR002877,P0006,2,2800.0,5600.0
ITEM0005070,PUR002877,P0008,4,4200.0,16800.0
ITEM0005071,PUR002878,P0019,2,1250.0,2500.0
ITEM0005072,PUR002879,P0015,2,1200.0,2400.0
ITEM0005073,PUR002880,P0009,5,1900.0,9500.0
ITEM0005074,PUR002881,P0007,1,1800.0,1800.0
ITEM0005075,PUR002881,P0015,4,1200.0,4800.0
ITEM0005076,PUR002882,P0016,2,450.0,900.0
ITEM0005077,PUR002883,P0020,4,499.0,1996.0
ITEM0005078,PUR002883,P0005,4,4500.0,18000.0
ITEM0005079,PUR002883,P0019,5,1250.0,6250.0
ITEM0005080,PUR002883,P0015,5,1200.0,6000.0
ITEM0005081,PUR002884,P0011,3,4500.0,13500.0
ITEM0005082,PUR002885,P0004,3,12500.0,37500.0
ITEM0005083,PUR002886,P0004,1,12500.0,12500.0
ITEM0005084,PUR002886,P0013,2,14500.0,29000.0
ITEM0005085,PUR002886,P0006,2,2800.0,5600.0
ITEM0005086,PUR002887,P0017,1,18500.0,18500.0
ITEM0005087,PUR002887,P0013,1,14500.0,14500.0
ITEM0005088,PUR002887,P0004,1,12500.0,12500.0
ITEM0005089,PUR002887,P0005,4,4500.0,18000.0
ITEM0005090,PUR002888,P0007,2,1800.0,3600.0
ITEM0005091,PUR002888,P0005,1,4500.0,4500.0
ITEM0005092,PUR002888,P0006,1,2800.0,2800.0
ITEM0005093,PUR002888,P0018,6,550.0,3300.0
ITEM0005094,PUR002889,P0012,5,850.0,4250.0
ITEM0005095,PUR002890,P0017,2,18500.0,37000.0
ITEM0005096,PUR002891,P0001,1,65000.0,65000.0
ITEM0005097,PUR002892,P0005,4,4500.0,18000.0
ITEM0005098,PUR002892,P0006,4,2800.0,11200.0
ITEM0005099,PUR002892,P0004,1,12500.0,12500.0
ITEM0005100,PUR002893,P0008,3,4200.0,12600.0
ITEM0005101,PUR002894,P0003,1,32000.0,32000.0
ITEM0005102,PUR002895,P0011,3,4500.0,13500.0
ITEM0005103,PUR002895,P0004,2,12500.0,25000.0
ITEM0005104,PUR002896,P0008,5,4200.0,21000.0
ITEM0005105,PUR002897,P0019,4,1250.0,5000.0
ITEM0005106,PUR002898,P0017,2,18500.0,37000.0
ITEM0005107,PUR002898,P0019,1,1250.0,1250.0
ITEM0005108,PUR002898,P0004,3,12500.0,37500.0
ITEM0005109,PUR002898,P0006,4,2800.0,11200.0
ITEM0005110,PUR002899,P0016,10,450.0,4500.0
ITEM0005111,PUR002899,P0006,1,2800.0,2800.0
ITEM0005112,PUR002899,P0008,4,4200.0,16800.0
ITEM0005113,PUR002900,P0014,4,650.0,2600.0
ITEM0005114,PUR002900,P0004,1,12500.0,12500.0
ITEM0005115,PUR002901,P0005,2,4500.0,9000.0
ITEM0005116,PUR002902,P0001,1,65000.0,65000.0
ITEM0005117,PUR002903,P0003,1,32000.0,32000.0
ITEM0005118,PUR002903,P0019,5,1250.0,6250.0
ITEM0005119,PUR002904,P0003,1,32000.0,32000.0
ITEM0005120,PUR002904,P0001,1,65000.0,65000.0
ITEM0005121,PUR002905,P0001,1,65000.0,65000.0
ITEM0005122,PUR002905,P0003,3,32000.0,96000.0
ITEM0005123,PUR002905,P0013,1,14500.0,14500.0
ITEM0005124,PUR002905,P0017,1,18500.0,18500.0
ITEM0005125,PUR002906,P0011,2,4500.0,9000.0
ITEM0005126,PUR002907,P0011,3,4500.0,13500.0
ITEM0005127,PUR002907,P0001,1,65000.0,65000.0
ITEM0005128,PUR002908,P0005,1,4500.0,4500.0
ITEM0005129,PUR002908,P0015,4,1200.0,4800.0
ITEM0005130,PUR002909,P0011,3,4500.0,13500.0
ITEM0005131,PUR002910,P0011,2,4500.0,9000.0
ITEM0005132,PUR002911,P0003,1,32000.0,32000.0
ITEM0005133,PUR002912,P0016,10,450.0,4500.0
ITEM0005134,PUR002912,P0008,5,4200.0,21000.0
ITEM0005135,PUR002912,P0007,5,1800.0,9000.0
ITEM0005136,PUR002912,P0005,3,4500.0,13500.0
ITEM0005137,PUR002913,P0017,2,18500.0,37000.0
ITEM0005138,PUR002914,P0006,2,2800.0,5600.0
ITEM0005139,PUR002915,P0019,5,1250.0,6250.0
ITEM0005140,PUR002915,P0010,5,2200.0,11000.0
ITEM0005141,PUR002916,P0020,2,499.0,998.0
ITEM0005142,PUR002916,P0018,7,550.0,3850.0
ITEM0005143,PUR002917,P0004,2,12500.0,25000.0
ITEM0005144,PUR002917,P0007,4,1800.0,7200.0
ITEM0005145,PUR002917,P0009,5,1900.0,9500.0
ITEM0005146,PUR002918,P0006,1,2800.0,2800.0
ITEM0005147,PUR002919,P0012,6,850.0,5100.0
ITEM0005148,PUR002919,P0010,4,2200.0,8800.0
ITEM0005149,PUR002920,P0002,1,85000.0,85000.0
ITEM0005150,PUR002920,P0013,1,14500.0,14500.0
ITEM0005151,PUR002920,P0001,2,65000.0,130000.0
ITEM0005152,PUR002921,P0014,1,650.0,650.0
ITEM0005153,PUR002922,P0013,1,14500.0,14500.0
ITEM0005154,PUR002923,P0003,1,32000.0,32000.0
ITEM0005155,PUR002923,P0002,1,85000.0,85000.0
ITEM0005156,PUR002923,P0013,1,14500.0,14500.0
ITEM0005157,PUR002924,P0017,1,18500.0,18500.0
ITEM0005158,PUR002924,P0001,1,65000.0,65000.0
ITEM0005159,PUR002924,P0002,1,85000.0,85000.0
ITEM0005160,PUR002924,P0013,1,14500.0,14500.0
ITEM0005161,PUR002925,P0003,2,32000.0,64000.0
ITEM0005162,PUR002925,P0017,1,18500.0,18500.0
ITEM0005163,PUR002925,P0002,2,85000.0,170000.0
ITEM0005164,PUR002925,P0013,2,14500.0,29000.0
ITEM0005165,PUR002926,P0020,3,499.0,1497.0
ITEM0005166,PUR002927,P0008,4,4200.0,16800.0
ITEM0005167,PUR002928,P0015,2,1200.0,2400.0
ITEM0005168,PUR002928,P0009,4,1900.0,7600.0
ITEM0005169,PUR002928,P0016,1,450.0,450.0
ITEM0005170,PUR002929,P0017,2,18500.0,37000.0
ITEM0005171,PUR002930,P0019,5,1250.0,6250.0
ITEM0005172,PUR002931,P0002,1,85000.0,85000.0
ITEM0005173,PUR002932,P0006,3,2800.0,8400.0
ITEM0005174,PUR002932,P0005,1,4500.0,4500.0
ITEM0005175,PUR002933,P0009,1,1900.0,1900.0
ITEM0005176,PUR002934,P0005,4,4500.0,18000.0
ITEM0005177,PUR002935,P0003,1,32000.0,32000.0
ITEM0005178,PUR002935,P0008,1,4200.0,4200.0
ITEM0005179,PUR002936,P0005,4,4500.0,18000.0
ITEM0005180,PUR002936,P0017,2,18500.0,37000.0
ITEM0005181,PUR002936,P0003,2,32000.0,64000.0
ITEM0005182,PUR002936,P0008,4,4200.0,16800.0
ITEM0005183,PUR002937,P0004,2,12500.0,25000.0
ITEM0005184,PUR002938,P0011,2,4500.0,9000.0
ITEM0005185,PUR002938,P0014,8,650.0,5200.0
ITEM0005186,PUR002938,P0010,4,2200.0,8800.0
ITEM0005187,PUR002939,P0003,3,32000.0,96000.0
ITEM0005188,PUR002940,P0017,2,18500.0,37000.0
ITEM0005189,PUR002941,P0009,1,1900.0,1900.0
ITEM0005190,PUR002941,P0004,1,12500.0,12500.0
ITEM0005191,PUR002942,P0008,1,4200.0,4200.0
ITEM0005192,PUR002943,P0019,5,1250.0,6250.0
ITEM0005193,PUR002944,P0005,3,4500.0,13500.0
ITEM0005194,PUR002945,P0014,4,650.0,2600.0
ITEM0005195,PUR002946,P0016,10,450.0,4500.0
ITEM0005196,PUR002946,P0006,4,2800.0,11200.0
ITEM0005197,PUR002946,P0004,1,12500.0,12500.0
ITEM0005198,PUR002947,P0015,1,1200.0,1200.0
ITEM0005199,PUR002947,P0008,1,4200.0,4200.0
ITEM0005200,PUR002948,P0011,2,4500.0,9000.0
ITEM0005201,PUR002949,P0016,7,450.0,3150.0
ITEM0005202,PUR002949,P0008,2,4200.0,8400.0
ITEM0005203,PUR002950,P0012,2,850.0,1700.0
ITEM0005204,PUR002951,P0019,5,1250.0,6250.0
ITEM0005205,PUR002952,P0019,3,1250.0,3750.0
ITEM0005206,PUR002953,P0020,4,499.0,1996.0
ITEM0005207,PUR002954,P0003,3,32000.0,96000.0
ITEM0005208,PUR002955,P0001,2,65000.0,130000.0
ITEM0005209,PUR002956,P0007,3,1800.0,5400.0
ITEM0005210,PUR002957,P0002,2,85000.0,170000.0
ITEM0005211,PUR002958,P0012,3,850.0,2550.0
ITEM0005212,PUR002958,P0014,4,650.0,2600.0
ITEM0005213,PUR002958,P0015,4,1200.0,4800.0
ITEM0005214,PUR002959,P0005,4,4500.0,18000.0
ITEM0005215,PUR002959,P0004,3,12500.0,37500.0
ITEM0005216,PUR002959,P0019,1,1250.0,1250.0
ITEM0005217,PUR002960,P0004,2,12500.0,25000.0
ITEM0005218,PUR002960,P0019,1,1250.0,1250.0
ITEM0005219,PUR002961,P0018,8,550.0,4400.0
ITEM0005220,PUR002961,P0011,2,4500.0,9000.0
ITEM0005221,PUR002962,P0005,1,4500.0,4500.0
ITEM0005222,PUR002962,P0006,1,2800.0,2800.0
ITEM0005223,PUR002962,P0004,1,12500.0,12500.0
ITEM0005224,PUR002963,P0013,1,14500.0,14500.0
ITEM0005225,PUR002964,P0017,2,18500.0,37000.0
ITEM0005226,PUR002964,P0003,3,32000.0,96000.0
ITEM0005227,PUR002965,P0005,1,4500.0,4500.0
ITEM0005228,PUR002966,P0002,2,85000.0,170000.0
ITEM0005229,PUR002966,P0001,1,65000.0,65000.0
ITEM0005230,PUR002967,P0018,1,550.0,550.0
ITEM0005231,PUR002968,P0005,1,4500.0,4500.0
ITEM0005232,PUR002969,P0006,3,2800.0,8400.0
ITEM0005233,PUR002969,P0014,4,650.0,2600.0
ITEM0005234,PUR002970,P0004,1,12500.0,12500.0
ITEM0005235,PUR002971,P0020,3,499.0,1497.0
ITEM0005236,PUR002972,P0008,1,4200.0,4200.0
ITEM0005237,PUR002972,P0005,1,4500.0,4500.0
ITEM0005238,PUR002973,P0008,3,4200.0,12600.0
ITEM0005239,PUR002973,P0018,4,550.0,2200.0
ITEM0005240,PUR002974,P0011,2,4500.0,9000.0
ITEM0005241,PUR002974,P0003,3,32000.0,96000.0
ITEM0005242,PUR002975,P0003,1,32000.0,32000.0
ITEM0005243,PUR002975,P0001,2,65000.0,130000.0
ITEM0005244,PUR002975,P0002,2,85000.0,170000.0
ITEM0005245,PUR002975,P0013,2,14500.0,29000.0
ITEM0005246,PUR002976,P0011,1,4500.0,4500.0
ITEM0005247,PUR002977,P0011,2,4500.0,9000.0
ITEM0005248,PUR002977,P0013,2,14500.0,29000.0
ITEM0005249,PUR002977,P0004,2,12500.0,25000.0
ITEM0005250,PUR002978,P0011,1,4500.0,4500.0
ITEM0005251,PUR002978,P0019,3,1250.0,3750.0
ITEM0005252,PUR002978,P0012,1,850.0,850.0
ITEM0005253,PUR002979,P0019,4,1250.0,5000.0
ITEM0005254,PUR002979,P0011,3,4500.0,13500.0
ITEM0005255,PUR002980,P0018,5,550.0,2750.0
ITEM0005256,PUR002980,P0015,2,1200.0,2400.0
ITEM0005257,PUR002980,P0003,2,32000.0,64000.0
ITEM0005258,PUR002981,P0019,4,1250.0,5000.0
ITEM0005259,PUR002982,P0016,1,450.0,450.0
ITEM0005260,PUR002982,P0020,1,499.0,499.0
ITEM0005261,PUR002983,P0004,3,12500.0,37500.0
ITEM0005262,PUR002983,P0017,1,18500.0,18500.0
ITEM0005263,PUR002984,P0003,1,32000.0,32000.0
ITEM0005264,PUR002984,P0019,3,1250.0,3750.0
ITEM0005265,PUR002985,P0003,2,32000.0,64000.0
ITEM0005266,PUR002985,P0013,1,14500.0,14500.0
ITEM0005267,PUR002985,P0005,4,4500.0,18000.0
ITEM0005268,PUR002985,P0019,5,1250.0,6250.0
ITEM0005269,PUR002986,P0014,6,650.0,3900.0
ITEM0005270,PUR002987,P0013,1,14500.0,14500.0
ITEM0005271,PUR002987,P0001,2,65000.0,130000.0
ITEM0005272,PUR002988,P0001,1,65000.0,65000.0
ITEM0005273,PUR002989,P0015,3,1200.0,3600.0
ITEM0005274,PUR002989,P0014,7,650.0,4550.0
ITEM0005275,PUR002990,P0014,4,650.0,2600.0
ITEM0005276,PUR002991,P0017,2,18500.0,37000.0
ITEM0005277,PUR002991,P0013,1,14500.0,14500.0
ITEM0005278,PUR002991,P0001,2,65000.0,130000.0
ITEM0005279,PUR002992,P0006,2,2800.0,5600.0
ITEM0005280,PUR002993,P0013,2,14500.0,29000.0
ITEM0005281,PUR002994,P0006,1,2800.0,2800.0
ITEM0005282,PUR002995,P0020,3,499.0,1497.0
ITEM0005283,PUR002995,P0019,1,1250.0,1250.0
ITEM0005284,PUR002996,P0015,1,1200.0,1200.0
ITEM0005285,PUR002996,P0010,5,2200.0,11000.0
ITEM0005286,PUR002996,P0008,2,4200.0,8400.0
ITEM0005287,PUR002996,P0019,5,1250.0,6250.0
ITEM0005288,PUR002997,P0005,3,4500.0,13500.0
ITEM0005289,PUR002998,P0011,3,4500.0,13500.0
ITEM0005290,PUR002999,P0015,5,1200.0,6000.0
ITEM0005291,PUR003000,P0005,1,4500.0,4500.0
ITEM0005292,PUR003001,P0016,9,450.0,4050.0
ITEM0005293,PUR003001,P0018,5,550.0,2750.0
ITEM0005294,PUR003002,P0018,4,550.0,2200.0
ITEM0005295,PUR003003,P0018,3,550.0,1650.0
ITEM0005296,PUR003003,P0009,3,1900.0,5700.0
ITEM0005297,PUR003004,P0016,5,450.0,2250.0
ITEM0005298,PUR003005,P0011,2,4500.0,9000.0
ITEM0005299,PUR003005,P0007,4,1800.0,7200.0
ITEM0005300,PUR003005,P0010,3,2200.0,6600.0
ITEM0005301,PUR003006,P0015,2,1200.0,2400.0
ITEM0005302,PUR003006,P0009,3,1900.0,5700.0
ITEM0005303,PUR003006,P0012,6,850.0,5100.0
ITEM0005304,PUR003007,P0011,1,4500.0,4500.0
ITEM0005305,PUR003007,P0006,3,2800.0,8400.0
ITEM0005306,PUR003007,P0008,5,4200.0,21000.0
ITEM0005307,PUR003008,P0020,3,499.0,1497.0
ITEM0005308,PUR003008,P0006,1,2800.0,2800.0
ITEM0005309,PUR003009,P0013,1,14500.0,14500.0
ITEM0005310,PUR003010,P0010,2,2200.0,4400.0
ITEM0005311,PUR003011,P0005,4,4500.0,18000.0
ITEM0005312,PUR003012,P0003,3,32000.0,96000.0
ITEM0005313,PUR003012,P0002,2,85000.0,170000.0
ITEM0005314,PUR003012,P0001,1,65000.0,65000.0
ITEM0005315,PUR003013,P0004,3,12500.0,37500.0
ITEM0005316,PUR003013,P0011,3,4500.0,13500.0
ITEM0005317,PUR003014,P0013,1,14500.0,14500.0
ITEM0005318,PUR003014,P0001,1,65000.0,65000.0
ITEM0005319,PUR003015,P0003,1,32000.0,32000.0
ITEM0005320,PUR003016,P0015,1,1200.0,1200.0
ITEM0005321,PUR003016,P0019,4,1250.0,5000.0
ITEM0005322,PUR003017,P0017,1,18500.0,18500.0
ITEM0005323,PUR003018,P0019,5,1250.0,6250.0
ITEM0005324,PUR003019,P0005,4,4500.0,18000.0
ITEM0005325,PUR003019,P0018,6,550.0,3300.0
ITEM0005326,PUR003020,P0013,1,14500.0,14500.0
ITEM0005327,PUR003021,P0004,1,12500.0,12500.0
ITEM0005328,PUR003021,P0007,1,1800.0,1800.0
ITEM0005329,PUR003021,P0010,1,2200.0,2200.0
ITEM0005330,PUR003022,P0005,4,4500.0,18000.0
ITEM0005331,PUR003022,P0003,1,32000.0,32000.0
ITEM0005332,PUR003022,P0019,3,1250.0,3750.0
ITEM0005333,PUR003022,P0004,3,12500.0,37500.0
ITEM0005334,PUR003023,P0018,1,550.0,550.0
ITEM0005335,PUR003024,P0004,1,12500.0,12500.0
ITEM0005336,PUR003025,P0012,2,850.0,1700.0
ITEM0005337,PUR003026,P0008,2,4200.0,8400.0
ITEM0005338,PUR003026,P0005,3,4500.0,13500.0
ITEM0005339,PUR003027,P0002,2,85000.0,170000.0
ITEM0005340,PUR003027,P0017,1,18500.0,18500.0
ITEM0005341,PUR003028,P0017,2,18500.0,37000.0
ITEM0005342,PUR003028,P0019,3,1250.0,3750.0
ITEM0005343,PUR003029,P0019,1,1250.0,1250.0
ITEM0005344,PUR003030,P0002,2,85000.0,170000.0
ITEM0005345,PUR003030,P0013,1,14500.0,14500.0
ITEM0005346,PUR003031,P0011,1,4500.0,4500.0
ITEM0005347,PUR003032,P0013,2,14500.0,29000.0
ITEM0005348,PUR003032,P0001,1,65000.0,65000.0
ITEM0005349,PUR003033,P0011,1,4500.0,4500.0
ITEM0005350,PUR003033,P0005,2,4500.0,9000.0
ITEM0005351,PUR003033,P0007,3,1800.0,5400.0
ITEM0005352,PUR003034,P0002,2,85000.0,170000.0
ITEM0005353,PUR003034,P0017,2,18500.0,37000.0
ITEM0005354,PUR003035,P0019,3,1250.0,3750.0
ITEM0005355,PUR003036,P0003,2,32000.0,64000.0
ITEM0005356,PUR003037,P0013,1,14500.0,14500.0
ITEM0005357,PUR003037,P0017,1,18500.0,18500.0
ITEM0005358,PUR003038,P0018,8,550.0,4400.0
ITEM0005359,PUR003039,P0003,2,32000.0,64000.0
ITEM0005360,PUR003040,P0020,2,499.0,998.0
ITEM0005361,PUR003040,P0009,4,1900.0,7600.0
ITEM0005362,PUR003041,P0007,1,1800.0,1800.0
ITEM0005363,PUR003042,P0011,3,4500.0,13500.0
ITEM0005364,PUR003043,P0007,3,1800.0,5400.0
ITEM0005365,PUR003044,P0008,3,4200.0,12600.0
ITEM0005366,PUR003045,P0020,1,499.0,499.0
ITEM0005367,PUR003046,P0006,2,2800.0,5600.0
ITEM0005368,PUR003046,P0017,2,18500.0,37000.0
ITEM0005369,PUR003047,P0017,1,18500.0,18500.0
ITEM0005370,PUR003048,P0020,3,499.0,1497.0
ITEM0005371,PUR003049,P0016,10,450.0,4500.0
ITEM0005372,PUR003050,P0009,5,1900.0,9500.0
ITEM0005373,PUR003050,P0019,1,1250.0,1250.0
ITEM0005374,PUR003051,P0001,2,65000.0,130000.0
ITEM0005375,PUR003052,P0005,2,4500.0,9000.0
ITEM0005376,PUR003052,P0019,3,1250.0,3750.0
ITEM0005377,PUR003053,P0012,2,850.0,1700.0
ITEM0005378,PUR003053,P0005,3,4500.0,13500.0
ITEM0005379,PUR003054,P0005,3,4500.0,13500.0
ITEM0005380,PUR003054,P0009,4,1900.0,7600.0
ITEM0005381,PUR003055,P0019,5,1250.0,6250.0
ITEM0005382,PUR003055,P0005,1,4500.0,4500.0
ITEM0005383,PUR003056,P0005,4,4500.0,18000.0
ITEM0005384,PUR003057,P0011,1,4500.0,4500.0
ITEM0005385,PUR003058,P0017,1,18500.0,18500.0
ITEM0005386,PUR003059,P0020,4,499.0,1996.0
ITEM0005387,PUR003060,P0013,1,14500.0,14500.0
ITEM0005388,PUR003061,P0006,2,2800.0,5600.0
ITEM0005389,PUR003062,P0006,4,2800.0,11200.0
ITEM0005390,PUR003062,P0016,8,450.0,3600.0
ITEM0005391,PUR003062,P0020,5,499.0,2495.0
ITEM0005392,PUR003063,P0019,5,1250.0,6250.0
ITEM0005393,PUR003063,P0005,2,4500.0,9000.0
ITEM0005394,PUR003064,P0019,4,1250.0,5000.0
ITEM0005395,PUR003064,P0008,2,4200.0,8400.0
ITEM0005396,PUR003065,P0008,4,4200.0,16800.0
ITEM0005397,PUR003065,P0013,1,14500.0,14500.0
ITEM0005398,PUR003065,P0006,1,2800.0,2800.0
ITEM0005399,PUR003065,P0017,1,18500.0,18500.0
ITEM0005400,PUR003066,P0013,2,14500.0,29000.0
ITEM0005401,PUR003066,P0001,1,65000.0,65000.0
ITEM0005402,PUR003067,P0002,2,85000.0,170000.0
ITEM0005403,PUR003068,P0008,4,4200.0,16800.0
ITEM0005404,PUR003069,P0017,1,18500.0,18500.0
ITEM0005405,PUR003069,P0013,2,14500.0,29000.0
ITEM0005406,PUR003069,P0002,2,85000.0,170000.0
ITEM0005407,PUR003069,P0003,3,32000.0,96000.0
ITEM0005408,PUR003070,P0010,5,2200.0,11000.0
ITEM0005409,PUR003070,P0016,2,450.0,900.0
ITEM0005410,PUR003071,P0006,1,2800.0,2800.0
ITEM0005411,PUR003072,P0003,3,32000.0,96000.0
ITEM0005412,PUR003073,P0019,3,1250.0,3750.0
ITEM0005413,PUR003073,P0015,3,1200.0,3600.0
ITEM0005414,PUR003074,P0001,2,65000.0,130000.0
ITEM0005415,PUR003074,P0002,1,85000.0,85000.0
ITEM0005416,PUR003074,P0013,2,14500.0,29000.0
ITEM0005417,PUR003075,P0015,2,1200.0,2400.0
ITEM0005418,PUR003075,P0016,10,450.0,4500.0
ITEM0005419,PUR003076,P0006,1,2800.0,2800.0
ITEM0005420,PUR003076,P0004,3,12500.0,37500.0
ITEM0005421,PUR003077,P0006,3,2800.0,8400.0
ITEM0005422,PUR003077,P0017,2,18500.0,37000.0
ITEM0005423,PUR003077,P0003,1,32000.0,32000.0
ITEM0005424,PUR003077,P0004,3,12500.0,37500.0
ITEM0005425,PUR003078,P0017,1,18500.0,18500.0
ITEM0005426,PUR003079,P0017,1,18500.0,18500.0
ITEM0005427,PUR003080,P0007,2,1800.0,3600.0
ITEM0005428,PUR003080,P0016,6,450.0,2700.0
ITEM0005429,PUR003080,P0010,3,2200.0,6600.0
ITEM0005430,PUR003081,P0003,3,32000.0,96000.0
ITEM0005431,PUR003081,P0013,2,14500.0,29000.0
ITEM0005432,PUR003081,P0017,1,18500.0,18500.0
ITEM0005433,PUR003082,P0020,3,499.0,1497.0
ITEM0005434,PUR003082,P0010,4,2200.0,8800.0
ITEM0005435,PUR003083,P0019,2,1250.0,2500.0
ITEM0005436,PUR003083,P0007,1,1800.0,1800.0
ITEM0005437,PUR003084,P0011,1,4500.0,4500.0
ITEM0005438,PUR003084,P0015,1,1200.0,1200.0
ITEM0005439,PUR003085,P0011,1,4500.0,4500.0
ITEM0005440,PUR003086,P0005,2,4500.0,9000.0
ITEM0005441,PUR003086,P0017,1,18500.0,18500.0
ITEM0005442,PUR003086,P0006,2,2800.0,5600.0
ITEM0005443,PUR003087,P0015,4,1200.0,4800.0
ITEM0005444,PUR003087,P0009,2,1900.0,3800.0
ITEM0005445,PUR003087,P0010,3,2200.0,6600.0
ITEM0005446,PUR003088,P0019,3,1250.0,3750.0
ITEM0005447,PUR003088,P0004,1,12500.0,12500.0
ITEM0005448,PUR003088,P0003,2,32000.0,64000.0
ITEM0005449,PUR003089,P0016,4,450.0,1800.0
ITEM0005450,PUR003090,P0003,1,32000.0,32000.0
ITEM0005451,PUR003090,P0017,2,18500.0,37000.0
ITEM0005452,PUR003091,P0018,1,550.0,550.0
ITEM0005453,PUR003091,P0006,1,2800.0,2800.0
ITEM0005454,PUR003092,P0003,2,32000.0,64000.0
ITEM0005455,PUR003093,P0019,3,1250.0,3750.0
ITEM0005456,PUR003094,P0003,3,32000.0,96000.0
ITEM0005457,PUR003095,P0006,4,2800.0,11200.0
ITEM0005458,PUR003096,P0008,5,4200.0,21000.0
ITEM0005459,PUR003097,P0013,2,14500.0,29000.0
ITEM0005460,PUR003097,P0003,3,32000.0,96000.0
ITEM0005461,PUR003098,P0015,1,1200.0,1200.0
ITEM0005462,PUR003099,P0012,6,850.0,5100.0
ITEM0005463,PUR003099,P0018,7,550.0,3850.0
ITEM0005464,PUR003100,P0005,1,4500.0,4500.0
ITEM0005465,PUR003100,P0017,1,18500.0,18500.0
ITEM0005466,PUR003100,P0004,1,12500.0,12500.0
ITEM0005467,PUR003100,P0011,2,4500.0,9000.0
ITEM0005468,PUR003101,P0004,1,12500.0,12500.0
ITEM0005469,PUR003101,P0017,2,18500.0,37000.0
ITEM0005470,PUR003102,P0008,3,4200.0,12600.0
ITEM0005471,PUR003102,P0013,2,14500.0,29000.0
ITEM0005472,PUR003102,P0017,1,18500.0,18500.0
ITEM0005473,PUR003103,P0004,1,12500.0,12500.0
ITEM0005474,PUR003104,P0013,1,14500.0,14500.0
ITEM0005475,PUR003104,P0006,1,2800.0,2800.0
ITEM0005476,PUR003105,P0016,5,450.0,2250.0
ITEM0005477,PUR003105,P0019,4,1250.0,5000.0
ITEM0005478,PUR003106,P0007,3,1800.0,5400.0
ITEM0005479,PUR003107,P0005,3,4500.0,13500.0
ITEM0005480,PUR003107,P0004,3,12500.0,37500.0
ITEM0005481,PUR003107,P0019,1,1250.0,1250.0
ITEM0005482,PUR003108,P0003,3,32000.0,96000.0
ITEM0005483,PUR003109,P0008,2,4200.0,8400.0
ITEM0005484,PUR003110,P0002,1,85000.0,85000.0
ITEM0005485,PUR003111,P0015,2,1200.0,2400.0
ITEM0005486,PUR003112,P0003,1,32000.0,32000.0
ITEM0005487,PUR003112,P0019,4,1250.0,5000.0
ITEM0005488,PUR003112,P0013,1,14500.0,14500.0
ITEM0005489,PUR003113,P0013,2,14500.0,29000.0
ITEM0005490,PUR003114,P0005,2,4500.0,9000.0
ITEM0005491,PUR003114,P0008,3,4200.0,12600.0
ITEM0005492,PUR003115,P0008,1,4200.0,4200.0
ITEM0005493,PUR003116,P0003,1,32000.0,32000.0
ITEM0005494,PUR003117,P0008,5,4200.0,21000.0
ITEM0005495,PUR003117,P0011,1,4500.0,4500.0
ITEM0005496,PUR003118,P0014,8,650.0,5200.0
ITEM0005497,PUR003118,P0004,2,12500.0,25000.0
ITEM0005498,PUR003119,P0007,5,1800.0,9000.0
ITEM0005499,PUR003120,P0011,3,4500.0,13500.0
ITEM0005500,PUR003121,P0008,4,4200.0,16800.0
ITEM0005501,PUR003122,P0017,2,18500.0,37000.0
ITEM0005502,PUR003122,P0011,1,4500.0,4500.0
ITEM0005503,PUR003122,P0013,2,14500.0,29000.0
ITEM0005504,PUR003122,P0006,4,2800.0,11200.0
ITEM0005505,PUR003123,P0001,1,65000.0,65000.0
ITEM0005506,PUR003124,P0006,1,2800.0,2800.0
ITEM0005507,PUR003124,P0012,4,850.0,3400.0
ITEM0005508,PUR003124,P0015,2,1200.0,2400.0
ITEM0005509,PUR003125,P0017,1,18500.0,18500.0
ITEM0005510,PUR003125,P0002,2,85000.0,170000.0
ITEM0005511,PUR003126,P0001,1,65000.0,65000.0
ITEM0005512,PUR003127,P0017,1,18500.0,18500.0
ITEM0005513,PUR003128,P0001,2,65000.0,130000.0
ITEM0005514,PUR003128,P0002,2,85000.0,170000.0
ITEM0005515,PUR003129,P0005,3,4500.0,13500.0
ITEM0005516,PUR003129,P0006,1,2800.0,2800.0
ITEM0005517,PUR003130,P0013,2,14500.0,29000.0
ITEM0005518,PUR003131,P0008,3,4200.0,12600.0
ITEM0005519,PUR003132,P0019,5,1250.0,6250.0
ITEM0005520,PUR003132,P0006,1,2800.0,2800.0
ITEM0005521,PUR003133,P0006,2,2800.0,5600.0
ITEM0005522,PUR003134,P0001,1,65000.0,65000.0
ITEM0005523,PUR003135,P0008,5,4200.0,21000.0
ITEM0005524,PUR003135,P0005,2,4500.0,9000.0
ITEM0005525,PUR003136,P0005,4,4500.0,18000.0
ITEM0005526,PUR003136,P0017,1,18500.0,18500.0
ITEM0005527,PUR003136,P0003,3,32000.0,96000.0
ITEM0005528,PUR003137,P0004,2,12500.0,25000.0
ITEM0005529,PUR003137,P0017,2,18500.0,37000.0
ITEM0005530,PUR003137,P0003,2,32000.0,64000.0
ITEM0005531,PUR003138,P0014,1,650.0,650.0
ITEM0005532,PUR003139,P0014,8,650.0,5200.0
ITEM0005533,PUR003140,P0013,1,14500.0,14500.0
ITEM0005534,PUR003141,P0006,4,2800.0,11200.0
ITEM0005535,PUR003142,P0003,2,32000.0,64000.0
ITEM0005536,PUR003142,P0011,1,4500.0,4500.0
ITEM0005537,PUR003142,P0008,3,4200.0,12600.0
ITEM0005538,PUR003142,P0006,4,2800.0,11200.0
ITEM0005539,PUR003143,P0020,5,499.0,2495.0
ITEM0005540,PUR003143,P0009,4,1900.0,7600.0
ITEM0005541,PUR003143,P0008,3,4200.0,12600.0
ITEM0005542,PUR003144,P0003,1,32000.0,32000.0
ITEM0005543,PUR003145,P0005,4,4500.0,18000.0
ITEM0005544,PUR003145,P0011,1,4500.0,4500.0
ITEM0005545,PUR003145,P0008,5,4200.0,21000.0
ITEM0005546,PUR003146,P0017,1,18500.0,18500.0
ITEM0005547,PUR003147,P0019,1,1250.0,1250.0
ITEM0005548,PUR003147,P0013,1,14500.0,14500.0
ITEM0005549,PUR003147,P0006,2,2800.0,5600.0
ITEM0005550,PUR003147,P0008,3,4200.0,12600.0
ITEM0005551,PUR003148,P0012,5,850.0,4250.0
ITEM0005552,PUR003149,P0014,3,650.0,1950.0
ITEM0005553,PUR003150,P0007,2,1800.0,3600.0
ITEM0005554,PUR003150,P0004,1,12500.0,12500.0
ITEM0005555,PUR003151,P0002,2,85000.0,170000.0
ITEM0005556,PUR003152,P0013,1,14500.0,14500.0
ITEM0005557,PUR003153,P0004,1,12500.0,12500.0
ITEM0005558,PUR003153,P0005,4,4500.0,18000.0
ITEM0005559,PUR003153,P0003,1,32000.0,32000.0
ITEM0005560,PUR003154,P0005,3,4500.0,13500.0
ITEM0005561,PUR003155,P0001,2,65000.0,130000.0
ITEM0005562,PUR003156,P0011,2,4500.0,9000.0
ITEM0005563,PUR003156,P0008,3,4200.0,12600.0
ITEM0005564,PUR003157,P0015,1,1200.0,1200.0
ITEM0005565,PUR003158,P0001,2,65000.0,130000.0
ITEM0005566,PUR003158,P0017,2,18500.0,37000.0
ITEM0005567,PUR003159,P0013,1,14500.0,14500.0
ITEM0005568,PUR003159,P0017,1,18500.0,18500.0
ITEM0005569,PUR003159,P0001,2,65000.0,130000.0
ITEM0005570,PUR003160,P0019,1,1250.0,1250.0
ITEM0005571,PUR003161,P0006,2,2800.0,5600.0
ITEM0005572,PUR003162,P0020,3,499.0,1497.0
ITEM0005573,PUR003162,P0010,1,2200.0,2200.0
ITEM0005574,PUR003162,P0014,5,650.0,3250.0
ITEM0005575,PUR003163,P0019,5,1250.0,6250.0
ITEM0005576,PUR003164,P0005,4,4500.0,18000.0
ITEM0005577,PUR003164,P0010,5,2200.0,11000.0
ITEM0005578,PUR003165,P0017,2,18500.0,37000.0
ITEM0005579,PUR003165,P0003,1,32000.0,32000.0
ITEM0005580,PUR003166,P0008,1,4200.0,4200.0
ITEM0005581,PUR003166,P0011,2,4500.0,9000.0
ITEM0005582,PUR003167,P0001,1,65000.0,65000.0
ITEM0005583,PUR003167,P0003,1,32000.0,32000.0
ITEM0005584,PUR003167,P0002,2,85000.0,170000.0
ITEM0005585,PUR003168,P0012,6,850.0,5100.0
ITEM0005586,PUR003168,P0016,5,450.0,2250.0
ITEM0005587,PUR003169,P0005,2,4500.0,9000.0
ITEM0005588,PUR003169,P0017,1,18500.0,18500.0
ITEM0005589,PUR003170,P0003,3,32000.0,96000.0
ITEM0005590,PUR003171,P0002,1,85000.0,85000.0
ITEM0005591,PUR003172,P0014,2,650.0,1300.0
ITEM0005592,PUR003173,P0001,2,65000.0,130000.0
ITEM0005593,PUR003174,P0018,6,550.0,3300.0
ITEM0005594,PUR003174,P0011,2,4500.0,9000.0
ITEM0005595,PUR003175,P0004,2,12500.0,25000.0
ITEM0005596,PUR003175,P0006,3,2800.0,8400.0
ITEM0005597,PUR003176,P0020,5,499.0,2495.0
ITEM0005598,PUR003177,P0005,1,4500.0,4500.0
ITEM0005599,PUR003177,P0009,4,1900.0,7600.0
ITEM0005600,PUR003178,P0008,2,4200.0,8400.0
ITEM0005601,PUR003179,P0015,1,1200.0,1200.0
ITEM0005602,PUR003179,P0006,3,2800.0,8400.0
ITEM0005603,PUR003180,P0013,1,14500.0,14500.0
ITEM0005604,PUR003181,P0007,4,1800.0,7200.0
ITEM0005605,PUR003181,P0019,5,1250.0,6250.0
ITEM0005606,PUR003182,P0006,3,2800.0,8400.0
ITEM0005607,PUR003183,P0008,5,4200.0,21000.0
ITEM0005608,PUR003183,P0013,2,14500.0,29000.0
ITEM0005609,PUR003184,P0006,1,2800.0,2800.0
ITEM0005610,PUR003185,P0011,2,4500.0,9000.0
ITEM0005611,PUR003185,P0008,2,4200.0,8400.0
ITEM0005612,PUR003186,P0013,2,14500.0,29000.0
ITEM0005613,PUR003186,P0017,1,18500.0,18500.0
ITEM0005614,PUR003186,P0003,3,32000.0,96000.0
ITEM0005615,PUR003186,P0001,1,65000.0,65000.0
ITEM0005616,PUR003187,P0010,2,2200.0,4400.0
ITEM0005617,PUR003188,P0017,1,18500.0,18500.0
ITEM0005618,PUR003189,P0005,1,4500.0,4500.0
ITEM0005619,PUR003189,P0019,2,1250.0,2500.0
ITEM0005620,PUR003190,P0008,1,4200.0,4200.0
ITEM0005621,PUR003190,P0007,4,1800.0,7200.0
ITEM0005622,PUR003190,P0015,5,1200.0,6000.0
ITEM0005623,PUR003191,P0011,1,4500.0,4500.0
ITEM0005624,PUR003192,P0020,2,499.0,998.0
ITEM0005625,PUR003192,P0006,1,2800.0,2800.0
ITEM0005626,PUR003192,P0010,3,2200.0,6600.0
ITEM0005627,PUR003193,P0009,2,1900.0,3800.0
ITEM0005628,PUR003193,P0018,5,550.0,2750.0
ITEM0005629,PUR003194,P0004,2,12500.0,25000.0
ITEM0005630,PUR003194,P0019,2,1250.0,2500.0
ITEM0005631,PUR003194,P0006,1,2800.0,2800.0
ITEM0005632,PUR003195,P0017,1,18500.0,18500.0
ITEM0005633,PUR003195,P0004,2,12500.0,25000.0
ITEM0005634,PUR003196,P0008,5,4200.0,21000.0
ITEM0005635,PUR003196,P0006,4,2800.0,11200.0
ITEM0005636,PUR003196,P0017,2,18500.0,37000.0
ITEM0005637,PUR003197,P0006,4,2800.0,11200.0
ITEM0005638,PUR003198,P0011,2,4500.0,9000.0
ITEM0005639,PUR003198,P0019,2,1250.0,2500.0
ITEM0005640,PUR003198,P0008,2,4200.0,8400.0
ITEM0005641,PUR003199,P0012,2,850.0,1700.0
ITEM0005642,PUR003200,P0007,4,1800.0,7200.0
ITEM0005643,PUR003200,P0009,4,1900.0,7600.0
ITEM0005644,PUR003200,P0008,1,4200.0,4200.0
ITEM0005645,PUR003201,P0001,1,65000.0,65000.0
ITEM0005646,PUR003201,P0002,1,85000.0,85000.0
ITEM0005647,PUR003202,P0005,2,4500.0,9000.0
ITEM0005648,PUR003202,P0007,1,1800.0,1800.0
ITEM0005649,PUR003203,P0020,1,499.0,499.0
ITEM0005650,PUR003204,P0011,3,4500.0,13500.0
ITEM0005651,PUR003204,P0006,4,2800.0,11200.0
ITEM0005652,PUR003205,P0011,1,4500.0,4500.0
ITEM0005653,PUR003206,P0008,1,4200.0,4200.0
ITEM0005654,PUR003207,P0003,2,32000.0,64000.0
ITEM0005655,PUR003208,P0013,1,14500.0,14500.0
ITEM0005656,PUR003208,P0003,3,32000.0,96000.0
ITEM0005657,PUR003209,P0005,2,4500.0,9000.0
ITEM0005658,PUR003209,P0011,2,4500.0,9000.0
ITEM0005659,PUR003209,P0019,3,1250.0,3750.0
ITEM0005660,PUR003210,P0017,1,18500.0,18500.0
ITEM0005661,PUR003210,P0003,1,32000.0,32000.0
ITEM0005662,PUR003210,P0006,1,2800.0,2800.0
ITEM0005663,PUR003210,P0005,4,4500.0,18000.0
ITEM0005664,PUR003211,P0002,1,85000.0,85000.0
ITEM0005665,PUR003211,P0001,2,65000.0,130000.0
ITEM0005666,PUR003211,P0017,1,18500.0,18500.0
ITEM0005667,PUR003212,P0008,4,4200.0,16800.0
ITEM0005668,PUR003213,P0004,2,12500.0,25000.0
ITEM0005669,PUR003214,P0008,5,4200.0,21000.0
ITEM0005670,PUR003215,P0003,2,32000.0,64000.0
ITEM0005671,PUR003215,P0005,4,4500.0,18000.0
ITEM0005672,PUR003216,P0003,1,32000.0,32000.0
ITEM0005673,PUR003217,P0020,4,499.0,1996.0
ITEM0005674,PUR003218,P0013,1,14500.0,14500.0
ITEM0005675,PUR003219,P0006,2,2800.0,5600.0
ITEM0005676,PUR003219,P0008,3,4200.0,12600.0
ITEM0005677,PUR003219,P0005,3,4500.0,13500.0
ITEM0005678,PUR003220,P0006,4,2800.0,11200.0
ITEM0005679,PUR003221,P0003,1,32000.0,32000.0
ITEM0005680,PUR003222,P0008,1,4200.0,4200.0
ITEM0005681,PUR003222,P0015,3,1200.0,3600.0
ITEM0005682,PUR003222,P0012,3,850.0,2550.0
ITEM0005683,PUR003223,P0014,6,650.0,3900.0
ITEM0005684,PUR003223,P0018,3,550.0,1650.0
ITEM0005685,PUR003223,P0009,4,1900.0,7600.0
ITEM0005686,PUR003224,P0004,2,12500.0,25000.0
ITEM0005687,PUR003224,P0016,3,450.0,1350.0
ITEM0005688,PUR003224,P0010,1,2200.0,2200.0
ITEM0005689,PUR003225,P0006,4,2800.0,11200.0
ITEM0005690,PUR003226,P0008,5,4200.0,21000.0
ITEM0005691,PUR003226,P0013,1,14500.0,14500.0
ITEM0005692,PUR003226,P0006,3,2800.0,8400.0
ITEM0005693,PUR003227,P0007,4,1800.0,7200.0
ITEM0005694,PUR003228,P0005,3,4500.0,13500.0
ITEM0005695,PUR003229,P0013,2,14500.0,29000.0
ITEM0005696,PUR003229,P0005,1,4500.0,4500.0
ITEM0005697,PUR003230,P0013,1,14500.0,14500.0
ITEM0005698,PUR003230,P0019,3,1250.0,3750.0
ITEM0005699,PUR003230,P0017,2,18500.0,37000.0
ITEM0005700,PUR003231,P0019,3,1250.0,3750.0
ITEM0005701,PUR003232,P0019,5,1250.0,6250.0
ITEM0005702,PUR003232,P0017,1,18500.0,18500.0
ITEM0005703,PUR003233,P0013,2,14500.0,29000.0
ITEM0005704,PUR003233,P0003,2,32000.0,64000.0
ITEM0005705,PUR003234,P0011,2,4500.0,9000.0
ITEM0005706,PUR003235,P0019,4,1250.0,5000.0
ITEM0005707,PUR003236,P0018,3,550.0,1650.0
ITEM0005708,PUR003237,P0009,5,1900.0,9500.0
ITEM0005709,PUR003237,P0008,2,4200.0,8400.0
ITEM0005710,PUR003238,P0005,3,4500.0,13500.0
ITEM0005711,PUR003239,P0009,1,1900.0,1900.0
ITEM0005712,PUR003240,P0018,7,550.0,3850.0
ITEM0005713,PUR003240,P0004,2,12500.0,25000.0
ITEM0005714,PUR003241,P0003,2,32000.0,64000.0
ITEM0005715,PUR003241,P0011,1,4500.0,4500.0
ITEM0005716,PUR003241,P0013,1,14500.0,14500.0
ITEM0005717,PUR003242,P0006,4,2800.0,11200.0
ITEM0005718,PUR003242,P0013,1,14500.0,14500.0
ITEM0005719,PUR003243,P0008,1,4200.0,4200.0
ITEM0005720,PUR003243,P0007,4,1800.0,7200.0
ITEM0005721,PUR003244,P0010,3,2200.0,6600.0
ITEM0005722,PUR003245,P0004,3,12500.0,37500.0
ITEM0005723,PUR003246,P0006,1,2800.0,2800.0
ITEM0005724,PUR003246,P0013,1,14500.0,14500.0
ITEM0005725,PUR003247,P0003,2,32000.0,64000.0
ITEM0005726,PUR003247,P0008,1,4200.0,4200.0
ITEM0005727,PUR003247,P0017,1,18500.0,18500.0
ITEM0005728,PUR003248,P0006,2,2800.0,5600.0
ITEM0005729,PUR003248,P0013,1,14500.0,14500.0
ITEM0005730,PUR003249,P0016,4,450.0,1800.0
ITEM0005731,PUR003249,P0018,2,550.0,1100.0
ITEM0005732,PUR003249,P0014,6,650.0,3900.0
ITEM0005733,PUR003250,P0014,6,650.0,3900.0
ITEM0005734,PUR003251,P0015,4,1200.0,4800.0
ITEM0005735,PUR003251,P0014,8,650.0,5200.0
ITEM0005736,PUR003251,P0020,4,499.0,1996.0
ITEM0005737,PUR003252,P0013,2,14500.0,29000.0
ITEM0005738,PUR003252,P0003,1,32000.0,32000.0
ITEM0005739,PUR003252,P0004,1,12500.0,12500.0
ITEM0005740,PUR003253,P0003,2,32000.0,64000.0
ITEM0005741,PUR003254,P0010,2,2200.0,4400.0
ITEM0005742,PUR003255,P0001,2,65000.0,130000.0
ITEM0005743,PUR003255,P0002,1,85000.0,85000.0
ITEM0005744,PUR003256,P0004,3,12500.0,37500.0
ITEM0005745,PUR003257,P0013,2,14500.0,29000.0
ITEM0005746,PUR003257,P0003,3,32000.0,96000.0
ITEM0005747,PUR003258,P0009,3,1900.0,5700.0
ITEM0005748,PUR003258,P0014,5,650.0,3250.0
ITEM0005749,PUR003259,P0011,2,4500.0,9000.0
ITEM0005750,PUR003259,P0012,1,850.0,850.0
ITEM0005751,PUR003259,P0009,4,1900.0,7600.0
ITEM0005752,PUR003260,P0004,2,12500.0,25000.0
ITEM0005753,PUR003261,P0019,3,1250.0,3750.0
ITEM0005754,PUR003261,P0004,2,12500.0,25000.0
ITEM0005755,PUR003261,P0007,4,1800.0,7200.0
ITEM0005756,PUR003262,P0006,1,2800.0,2800.0
ITEM0005757,PUR003262,P0009,3,1900.0,5700.0
ITEM0005758,PUR003263,P0005,3,4500.0,13500.0
ITEM0005759,PUR003263,P0006,2,2800.0,5600.0
ITEM0005760,PUR003263,P0017,2,18500.0,37000.0
ITEM0005761,PUR003264,P0008,4,4200.0,16800.0
ITEM0005762,PUR003264,P0007,3,1800.0,5400.0
ITEM0005763,PUR003264,P0019,1,1250.0,1250.0
ITEM0005764,PUR003265,P0001,2,65000.0,130000.0
ITEM0005765,PUR003266,P0011,1,4500.0,4500.0
ITEM0005766,PUR003267,P0013,2,14500.0,29000.0
ITEM0005767,PUR003267,P0001,1,65000.0,65000.0
ITEM0005768,PUR003268,P0012,4,850.0,3400.0
ITEM0005769,PUR003268,P0006,3,2800.0,8400.0
ITEM0005770,PUR003269,P0001,1,65000.0,65000.0
ITEM0005771,PUR003270,P0011,1,4500.0,4500.0
ITEM0005772,PUR003270,P0006,1,2800.0,2800.0
ITEM0005773,PUR003271,P0015,2,1200.0,2400.0
ITEM0005774,PUR003271,P0006,1,2800.0,2800.0
ITEM0005775,PUR003272,P0016,4,450.0,1800.0
ITEM0005776,PUR003273,P0013,2,14500.0,29000.0
ITEM0005777,PUR003273,P0006,2,2800.0,5600.0
ITEM0005778,PUR003274,P0018,7,550.0,3850.0
ITEM0005779,PUR003274,P0007,1,1800.0,1800.0
ITEM0005780,PUR003274,P0008,1,4200.0,4200.0
ITEM0005781,PUR003275,P0019,1,1250.0,1250.0
ITEM0005782,PUR003276,P0007,3,1800.0,5400.0
ITEM0005783,PUR003277,P0011,2,4500.0,9000.0
ITEM0005784,PUR003278,P0013,1,14500.0,14500.0
ITEM0005785,PUR003279,P0002,1,85000.0,85000.0
ITEM0005786,PUR003280,P0017,1,18500.0,18500.0
ITEM0005787,PUR003281,P0003,1,32000.0,32000.0
ITEM0005788,PUR003281,P0017,1,18500.0,18500.0
ITEM0005789,PUR003282,P0013,1,14500.0,14500.0
ITEM0005790,PUR003283,P0003,2,32000.0,64000.0
ITEM0005791,PUR003283,P0001,1,65000.0,65000.0
ITEM0005792,PUR003283,P0013,1,14500.0,14500.0
ITEM0005793,PUR003284,P0020,3,499.0,1497.0
ITEM0005794,PUR003284,P0018,2,550.0,1100.0
ITEM0005795,PUR003285,P0017,2,18500.0,37000.0
ITEM0005796,PUR003286,P0007,5,1800.0,9000.0
ITEM0005797,PUR003287,P0020,2,499.0,998.0
ITEM0005798,PUR003287,P0005,3,4500.0,13500.0
ITEM0005799,PUR003288,P0004,1,12500.0,12500.0
ITEM0005800,PUR003289,P0016,9,450.0,4050.0
ITEM0005801,PUR003289,P0014,5,650.0,3250.0
ITEM0005802,PUR003289,P0007,2,1800.0,3600.0
ITEM0005803,PUR003290,P0008,1,4200.0,4200.0
ITEM0005804,PUR003290,P0005,4,4500.0,18000.0
ITEM0005805,PUR003291,P0018,2,550.0,1100.0
ITEM0005806,PUR003292,P0006,3,2800.0,8400.0
ITEM0005807,PUR003293,P0006,4,2800.0,11200.0
ITEM0005808,PUR003293,P0016,7,450.0,3150.0
ITEM0005809,PUR003293,P0018,1,550.0,550.0
ITEM0005810,PUR003294,P0013,1,14500.0,14500.0
ITEM0005811,PUR003295,P0003,1,32000.0,32000.0
ITEM0005812,PUR003295,P0013,2,14500.0,29000.0
ITEM0005813,PUR003295,P0008,1,4200.0,4200.0
ITEM0005814,PUR003296,P0002,2,85000.0,170000.0
ITEM0005815,PUR003296,P0001,1,65000.0,65000.0
ITEM0005816,PUR003297,P0001,1,65000.0,65000.0
ITEM0005817,PUR003298,P0017,1,18500.0,18500.0
ITEM0005818,PUR003298,P0002,1,85000.0,85000.0
ITEM0005819,PUR003298,P0001,1,65000.0,65000.0
ITEM0005820,PUR003298,P0003,1,32000.0,32000.0
ITEM0005821,PUR003299,P0011,3,4500.0,13500.0
ITEM0005822,PUR003299,P0013,1,14500.0,14500.0
ITEM0005823,PUR003299,P0008,4,4200.0,16800.0
ITEM0005824,PUR003300,P0008,1,4200.0,4200.0
ITEM0005825,PUR003300,P0019,3,1250.0,3750.0
ITEM0005826,PUR003301,P0005,4,4500.0,18000.0
ITEM0005827,PUR003302,P0006,2,2800.0,5600.0
ITEM0005828,PUR003303,P0013,1,14500.0,14500.0
ITEM0005829,PUR003304,P0006,4,2800.0,11200.0
ITEM0005830,PUR003305,P0013,1,14500.0,14500.0
ITEM0005831,PUR003306,P0020,1,499.0,499.0
ITEM0005832,PUR003306,P0005,1,4500.0,4500.0
ITEM0005833,PUR003307,P0010,3,2200.0,6600.0
ITEM0005834,PUR003308,P0018,7,550.0,3850.0
ITEM0005835,PUR003309,P0015,4,1200.0,4800.0
ITEM0005836,PUR003309,P0010,4,2200.0,8800.0
ITEM0005837,PUR003309,P0009,2,1900.0,3800.0
ITEM0005838,PUR003310,P0019,2,1250.0,2500.0
ITEM0005839,PUR003311,P0008,5,4200.0,21000.0
ITEM0005840,PUR003312,P0016,7,450.0,3150.0
ITEM0005841,PUR003313,P0008,3,4200.0,12600.0
ITEM0005842,PUR003313,P0020,5,499.0,2495.0
ITEM0005843,PUR003313,P0014,3,650.0,1950.0
ITEM0005844,PUR003314,P0004,2,12500.0,25000.0
ITEM0005845,PUR003314,P0005,2,4500.0,9000.0
ITEM0005846,PUR003314,P0011,1,4500.0,4500.0
ITEM0005847,PUR003315,P0004,1,12500.0,12500.0
ITEM0005848,PUR003316,P0011,3,4500.0,13500.0
ITEM0005849,PUR003317,P0009,4,1900.0,7600.0
ITEM0005850,PUR003317,P0010,1,2200.0,2200.0
ITEM0005851,PUR003318,P0008,5,4200.0,21000.0
ITEM0005852,PUR003319,P0010,1,2200.0,2200.0
ITEM0005853,PUR003320,P0008,2,4200.0,8400.0
ITEM0005854,PUR003321,P0004,1,12500.0,12500.0
ITEM0005855,PUR003321,P0016,4,450.0,1800.0
ITEM0005856,PUR003321,P0015,5,1200.0,6000.0
ITEM0005857,PUR003322,P0015,4,1200.0,4800.0
ITEM0005858,PUR003323,P0015,5,1200.0,6000.0
ITEM0005859,PUR003324,P0014,5,650.0,3250.0
ITEM0005860,PUR003325,P0019,2,1250.0,2500.0
ITEM0005861,PUR003326,P0004,2,12500.0,25000.0
ITEM0005862,PUR003327,P0015,2,1200.0,2400.0
ITEM0005863,PUR003328,P0004,3,12500.0,37500.0
ITEM0005864,PUR003329,P0016,5,450.0,2250.0
ITEM0005865,PUR003329,P0015,1,1200.0,1200.0
ITEM0005866,PUR003330,P0007,3,1800.0,5400.0
ITEM0005867,PUR003330,P0015,3,1200.0,3600.0
ITEM0005868,PUR003331,P0015,4,1200.0,4800.0
ITEM0005869,PUR003331,P0012,3,850.0,2550.0
ITEM0005870,PUR003332,P0009,3,1900.0,5700.0
ITEM0005871,PUR003333,P0011,1,4500.0,4500.0
ITEM0005872,PUR003333,P0016,6,450.0,2700.0
ITEM0005873,PUR003334,P0005,4,4500.0,18000.0
ITEM0005874,PUR003334,P0009,5,1900.0,9500.0
ITEM0005875,PUR003335,P0006,2,2800.0,5600.0
ITEM0005876,PUR003335,P0005,2,4500.0,9000.0
ITEM0005877,PUR003335,P0004,1,12500.0,12500.0
ITEM0005878,PUR003336,P0014,2,650.0,1300.0
ITEM0005879,PUR003337,P0017,1,18500.0,18500.0
ITEM0005880,PUR003338,P0005,2,4500.0,9000.0
ITEM0005881,PUR003339,P0013,1,14500.0,14500.0
ITEM0005882,PUR003339,P0003,3,32000.0,96000.0
ITEM0005883,PUR003340,P0016,2,450.0,900.0
ITEM0005884,PUR003340,P0007,5,1800.0,9000.0
ITEM0005885,PUR003341,P0011,1,4500.0,4500.0
ITEM0005886,PUR003341,P0003,2,32000.0,64000.0
ITEM0005887,PUR003342,P0009,4,1900.0,7600.0
ITEM0005888,PUR003343,P0011,3,4500.0,13500.0
ITEM0005889,PUR003343,P0019,1,1250.0,1250.0
ITEM0005890,PUR003344,P0010,1,2200.0,2200.0
ITEM0005891,PUR003344,P0014,3,650.0,1950.0
ITEM0005892,PUR003345,P0008,4,4200.0,16800.0
ITEM0005893,PUR003345,P0005,4,4500.0,18000.0
ITEM0005894,PUR003346,P0017,1,18500.0,18500.0
ITEM0005895,PUR003346,P0013,2,14500.0,29000.0
ITEM0005896,PUR003346,P0001,2,65000.0,130000.0
ITEM0005897,PUR003347,P0005,4,4500.0,18000.0
ITEM0005898,PUR003347,P0003,2,32000.0,64000.0
ITEM0005899,PUR003348,P0011,3,4500.0,13500.0
ITEM0005900,PUR003348,P0017,2,18500.0,37000.0
ITEM0005901,PUR003349,P0017,2,18500.0,37000.0
ITEM0005902,PUR003349,P0001,2,65000.0,130000.0
ITEM0005903,PUR003350,P0006,4,2800.0,11200.0
ITEM0005904,PUR003350,P0008,1,4200.0,4200.0
ITEM0005905,PUR003350,P0017,1,18500.0,18500.0
ITEM0005906,PUR003351,P0011,1,4500.0,4500.0
ITEM0005907,PUR003351,P0006,4,2800.0,11200.0
ITEM0005908,PUR003351,P0008,4,4200.0,16800.0
ITEM0005909,PUR003352,P0008,3,4200.0,12600.0
ITEM0005910,PUR003353,P0007,3,1800.0,5400.0
ITEM0005911,PUR003353,P0005,3,4500.0,13500.0
ITEM0005912,PUR003353,P0010,1,2200.0,2200.0
ITEM0005913,PUR003354,P0007,3,1800.0,5400.0
ITEM0005914,PUR003354,P0004,2,12500.0,25000.0
ITEM0005915,PUR003354,P0008,3,4200.0,12600.0
ITEM0005916,PUR003354,P0014,8,650.0,5200.0
ITEM0005917,PUR003355,P0014,5,650.0,3250.0
ITEM0005918,PUR003356,P0015,2,1200.0,2400.0
ITEM0005919,PUR003356,P0011,2,4500.0,9000.0
ITEM0005920,PUR003357,P0009,3,1900.0,5700.0
ITEM0005921,PUR003357,P0008,5,4200.0,21000.0
ITEM0005922,PUR003358,P0008,5,4200.0,21000.0
ITEM0005923,PUR003358,P0019,2,1250.0,2500.0
ITEM0005924,PUR003359,P0003,2,32000.0,64000.0
ITEM0005925,PUR003360,P0001,1,65000.0,65000.0
ITEM0005926,PUR003361,P0013,1,14500.0,14500.0
ITEM0005927,PUR003361,P0001,1,65000.0,65000.0
ITEM0005928,PUR003362,P0013,1,14500.0,14500.0
ITEM0005929,PUR003362,P0003,3,32000.0,96000.0
ITEM0005930,PUR003363,P0005,1,4500.0,4500.0
ITEM0005931,PUR003363,P0013,1,14500.0,14500.0
ITEM0005932,PUR003364,P0019,2,1250.0,2500.0
ITEM0005933,PUR003365,P0004,3,12500.0,37500.0
ITEM0005934,PUR003365,P0019,3,1250.0,3750.0
ITEM0005935,PUR003365,P0005,3,4500.0,13500.0
ITEM0005936,PUR003366,P0006,3,2800.0,8400.0
ITEM0005937,PUR003367,P0014,5,650.0,3250.0
ITEM0005938,PUR003367,P0020,3,499.0,1497.0
ITEM0005939,PUR003368,P0010,4,2200.0,8800.0
ITEM0005940,PUR003368,P0014,4,650.0,2600.0
ITEM0005941,PUR003369,P0011,2,4500.0,9000.0
ITEM0005942,PUR003369,P0013,1,14500.0,14500.0
ITEM0005943,PUR003370,P0013,2,14500.0,29000.0
ITEM0005944,PUR003371,P0004,2,12500.0,25000.0
ITEM0005945,PUR003372,P0003,1,32000.0,32000.0
ITEM0005946,PUR003373,P0018,8,550.0,4400.0
ITEM0005947,PUR003374,P0013,1,14500.0,14500.0
ITEM0005948,PUR003375,P0006,3,2800.0,8400.0
ITEM0005949,PUR003376,P0014,2,650.0,1300.0
ITEM0005950,PUR003377,P0010,2,2200.0,4400.0
ITEM0005951,PUR003378,P0019,1,1250.0,1250.0
ITEM0005952,PUR003379,P0019,1,1250.0,1250.0
ITEM0005953,PUR003379,P0009,3,1900.0,5700.0
ITEM0005954,PUR003379,P0005,4,4500.0,18000.0
ITEM0005955,PUR003380,P0017,2,18500.0,37000.0
ITEM0005956,PUR003380,P0013,1,14500.0,14500.0
ITEM0005957,PUR003381,P0010,4,2200.0,8800.0
ITEM0005958,PUR003382,P0001,2,65000.0,130000.0
ITEM0005959,PUR003382,P0003,1,32000.0,32000.0
ITEM0005960,PUR003382,P0013,2,14500.0,29000.0
ITEM0005961,PUR003382,P0002,2,85000.0,170000.0
ITEM0005962,PUR003383,P0016,7,450.0,3150.0
ITEM0005963,PUR003384,P0017,2,18500.0,37000.0
ITEM0005964,PUR003384,P0003,2,32000.0,64000.0
ITEM0005965,PUR003384,P0011,2,4500.0,9000.0
ITEM0005966,PUR003385,P0004,1,12500.0,12500.0
ITEM0005967,PUR003386,P0007,1,1800.0,1800.0
ITEM0005968,PUR003386,P0019,2,1250.0,2500.0
ITEM0005969,PUR003386,P0018,1,550.0,550.0
ITEM0005970,PUR003387,P0008,2,4200.0,8400.0
ITEM0005971,PUR003387,P0004,3,12500.0,37500.0
ITEM0005972,PUR003388,P0004,1,12500.0,12500.0
ITEM0005973,PUR003388,P0005,4,4500.0,18000.0
ITEM0005974,PUR003388,P0013,2,14500.0,29000.0
ITEM0005975,PUR003389,P0008,1,4200.0,4200.0
ITEM0005976,PUR003390,P0004,1,12500.0,12500.0
ITEM0005977,PUR003391,P0014,5,650.0,3250.0
ITEM0005978,PUR003391,P0011,2,4500.0,9000.0
ITEM0005979,PUR003391,P0019,2,1250.0,2500.0
ITEM0005980,PUR003392,P0011,3,4500.0,13500.0
ITEM0005981,PUR003393,P0006,2,2800.0,5600.0
ITEM0005982,PUR003394,P0011,2,4500.0,9000.0
ITEM0005983,PUR003394,P0004,1,12500.0,12500.0
ITEM0005984,PUR003394,P0006,2,2800.0,5600.0
ITEM0005985,PUR003395,P0004,2,12500.0,25000.0
ITEM0005986,PUR003396,P0019,1,1250.0,1250.0
ITEM0005987,PUR003396,P0011,3,4500.0,13500.0
ITEM0005988,PUR003397,P0017,1,18500.0,18500.0
ITEM0005989,PUR003397,P0013,2,14500.0,29000.0
ITEM0005990,PUR003398,P0002,1,85000.0,85000.0
ITEM0005991,PUR003399,P0006,1,2800.0,2800.0
ITEM0005992,PUR003400,P0005,2,4500.0,9000.0
ITEM0005993,PUR003400,P0004,3,12500.0,37500.0
ITEM0005994,PUR003401,P0011,3,4500.0,13500.0
ITEM0005995,PUR003402,P0005,1,4500.0,4500.0
ITEM0005996,PUR003403,P0013,1,14500.0,14500.0
ITEM0005997,PUR003403,P0003,1,32000.0,32000.0
ITEM0005998,PUR003404,P0007,2,1800.0,3600.0
ITEM0005999,PUR003404,P0020,4,499.0,1996.0
ITEM0006000,PUR003404,P0011,3,4500.0,13500.0
ITEM0006001,PUR003404,P0015,4,1200.0,4800.0
ITEM0006002,PUR003405,P0003,1,32000.0,32000.0
ITEM0006003,PUR003405,P0002,2,85000.0,170000.0
ITEM0006004,PUR003406,P0003,3,32000.0,96000.0
ITEM0006005,PUR003406,P0001,2,65000.0,130000.0
ITEM0006006,PUR003406,P0013,1,14500.0,14500.0
ITEM0006007,PUR003406,P0002,2,85000.0,170000.0
ITEM0006008,PUR003407,P0006,1,2800.0,2800.0
ITEM0006009,PUR003407,P0019,1,1250.0,1250.0
ITEM0006010,PUR003408,P0019,5,1250.0,6250.0
ITEM0006011,PUR003408,P0005,4,4500.0,18000.0
ITEM0006012,PUR003408,P0004,3,12500.0,37500.0
ITEM0006013,PUR003409,P0008,3,4200.0,12600.0
ITEM0006014,PUR003409,P0019,2,1250.0,2500.0
ITEM0006015,PUR003409,P0006,2,2800.0,5600.0
ITEM0006016,PUR003410,P0008,2,4200.0,8400.0
ITEM0006017,PUR003411,P0006,1,2800.0,2800.0
ITEM0006018,PUR003412,P0008,5,4200.0,21000.0
ITEM0006019,PUR003413,P0011,2,4500.0,9000.0
ITEM0006020,PUR003413,P0005,2,4500.0,9000.0
ITEM0006021,PUR003413,P0018,2,550.0,1100.0
ITEM0006022,PUR003414,P0015,2,1200.0,2400.0
ITEM0006023,PUR003415,P0005,2,4500.0,9000.0
ITEM0006024,PUR003416,P0006,4,2800.0,11200.0
ITEM0006025,PUR003417,P0017,2,18500.0,37000.0
ITEM0006026,PUR003417,P0005,4,4500.0,18000.0
ITEM0006027,PUR003418,P0012,1,850.0,850.0
ITEM0006028,PUR003419,P0006,2,2800.0,5600.0
ITEM0006029,PUR003419,P0003,2,32000.0,64000.0
ITEM0006030,PUR003419,P0004,1,12500.0,12500.0
ITEM0006031,PUR003419,P0008,5,4200.0,21000.0
ITEM0006032,PUR003420,P0013,2,14500.0,29000.0
ITEM0006033,PUR003421,P0011,1,4500.0,4500.0
ITEM0006034,PUR003421,P0010,5,2200.0,11000.0
ITEM0006035,PUR003422,P0013,1,14500.0,14500.0
ITEM0006036,PUR003422,P0008,3,4200.0,12600.0
ITEM0006037,PUR003423,P0008,5,4200.0,21000.0
ITEM0006038,PUR003423,P0017,2,18500.0,37000.0
ITEM0006039,PUR003424,P0015,3,1200.0,3600.0
ITEM0006040,PUR003424,P0018,4,550.0,2200.0
ITEM0006041,PUR003425,P0012,4,850.0,3400.0
ITEM0006042,PUR003425,P0006,2,2800.0,5600.0
ITEM0006043,PUR003425,P0005,4,4500.0,18000.0
ITEM0006044,PUR003426,P0018,5,550.0,2750.0
ITEM0006045,PUR003427,P0007,5,1800.0,9000.0
ITEM0006046,PUR003427,P0014,2,650.0,1300.0
ITEM0006047,PUR003427,P0009,5,1900.0,9500.0
ITEM0006048,PUR003427,P0006,4,2800.0,11200.0
ITEM0006049,PUR003428,P0005,2,4500.0,9000.0
ITEM0006050,PUR003429,P0001,1,65000.0,65000.0
ITEM0006051,PUR003430,P0002,2,85000.0,170000.0
ITEM0006052,PUR003431,P0012,6,850.0,5100.0
ITEM0006053,PUR003432,P0011,3,4500.0,13500.0
ITEM0006054,PUR003433,P0019,3,1250.0,3750.0
ITEM0006055,PUR003433,P0014,3,650.0,1950.0
ITEM0006056,PUR003434,P0019,5,1250.0,6250.0
ITEM0006057,PUR003434,P0007,4,1800.0,7200.0
ITEM0006058,PUR003434,P0015,4,1200.0,4800.0
ITEM0006059,PUR003435,P0019,3,1250.0,3750.0
ITEM0006060,PUR003436,P0020,2,499.0,998.0
ITEM0006061,PUR003437,P0006,3,2800.0,8400.0
ITEM0006062,PUR003438,P0017,2,18500.0,37000.0
ITEM0006063,PUR003438,P0002,2,85000.0,170000.0
ITEM0006064,PUR003438,P0013,1,14500.0,14500.0
ITEM0006065,PUR003438,P0001,1,65000.0,65000.0
ITEM0006066,PUR003439,P0018,7,550.0,3850.0
ITEM0006067,PUR003440,P0009,1,1900.0,1900.0
ITEM0006068,PUR003440,P0004,2,12500.0,25000.0
ITEM0006069,PUR003440,P0011,3,4500.0,13500.0
ITEM0006070,PUR003441,P0019,3,1250.0,3750.0
ITEM0006071,PUR003442,P0007,5,1800.0,9000.0
ITEM0006072,PUR003442,P0019,4,1250.0,5000.0
ITEM0006073,PUR003443,P0015,5,1200.0,6000.0
ITEM0006074,PUR003444,P0012,2,850.0,1700.0
ITEM0006075,PUR003444,P0016,8,450.0,3600.0
ITEM0006076,PUR003444,P0010,3,2200.0,6600.0
ITEM0006077,PUR003445,P0014,3,650.0,1950.0
ITEM0006078,PUR003445,P0009,5,1900.0,9500.0
ITEM0006079,PUR003446,P0013,1,14500.0,14500.0
ITEM0006080,PUR003447,P0002,1,85000.0,85000.0
ITEM0006081,PUR003448,P0013,1,14500.0,14500.0
ITEM0006082,PUR003448,P0017,1,18500.0,18500.0
ITEM0006083,PUR003449,P0011,2,4500.0,9000.0
ITEM0006084,PUR003450,P0013,1,14500.0,14500.0
ITEM0006085,PUR003451,P0003,1,32000.0,32000.0
ITEM0006086,PUR003452,P0005,2,4500.0,9000.0
ITEM0006087,PUR003452,P0014,2,650.0,1300.0
ITEM0006088,PUR003453,P0011,1,4500.0,4500.0
ITEM0006089,PUR003453,P0010,1,2200.0,2200.0
ITEM0006090,PUR003453,P0007,1,1800.0,1800.0
ITEM0006091,PUR003454,P0008,4,4200.0,16800.0
ITEM0006092,PUR003455,P0018,1,550.0,550.0
ITEM0006093,PUR003455,P0019,3,1250.0,3750.0
ITEM0006094,PUR003455,P0012,1,850.0,850.0
ITEM0006095,PUR003456,P0015,3,1200.0,3600.0
ITEM0006096,PUR003456,P0005,4,4500.0,18000.0
ITEM0006097,PUR003456,P0006,4,2800.0,11200.0
ITEM0006098,PUR003457,P0005,2,4500.0,9000.0
ITEM0006099,PUR003457,P0013,2,14500.0,29000.0
ITEM0006100,PUR003458,P0009,3,1900.0,5700.0
ITEM0006101,PUR003458,P0015,5,1200.0,6000.0
ITEM0006102,PUR003459,P0019,1,1250.0,1250.0
ITEM0006103,PUR003460,P0011,2,4500.0,9000.0
ITEM0006104,PUR003461,P0018,3,550.0,1650.0
ITEM0006105,PUR003461,P0012,1,850.0,850.0
ITEM0006106,PUR003461,P0014,8,650.0,5200.0
ITEM0006107,PUR003462,P0016,1,450.0,450.0
ITEM0006108,PUR003463,P0013,1,14500.0,14500.0
ITEM0006109,PUR003463,P0017,1,18500.0,18500.0
ITEM0006110,PUR003464,P0009,4,1900.0,7600.0
ITEM0006111,PUR003464,P0014,4,650.0,2600.0
ITEM0006112,PUR003465,P0003,3,32000.0,96000.0
ITEM0006113,PUR003465,P0004,2,12500.0,25000.0
ITEM0006114,PUR003466,P0001,1,65000.0,65000.0
ITEM0006115,PUR003467,P0016,2,450.0,900.0
ITEM0006116,PUR003467,P0009,4,1900.0,7600.0
ITEM0006117,PUR003468,P0019,2,1250.0,2500.0
ITEM0006118,PUR003469,P0006,1,2800.0,2800.0
ITEM0006119,PUR003470,P0007,4,1800.0,7200.0
ITEM0006120,PUR003470,P0019,2,1250.0,2500.0
ITEM0006121,PUR003471,P0007,5,1800.0,9000.0
ITEM0006122,PUR003471,P0019,3,1250.0,3750.0
ITEM0006123,PUR003472,P0008,5,4200.0,21000.0
ITEM0006124,PUR003472,P0005,1,4500.0,4500.0
ITEM0006125,PUR003473,P0005,1,4500.0,4500.0
ITEM0006126,PUR003474,P0008,4,4200.0,16800.0
ITEM0006127,PUR003474,P0006,4,2800.0,11200.0
ITEM0006128,PUR003474,P0014,2,650.0,1300.0
ITEM0006129,PUR003475,P0017,2,18500.0,37000.0
ITEM0006130,PUR003476,P0020,4,499.0,1996.0
ITEM0006131,PUR003477,P0005,4,4500.0,18000.0
ITEM0006132,PUR003477,P0013,2,14500.0,29000.0
ITEM0006133,PUR003477,P0006,3,2800.0,8400.0
ITEM0006134,PUR003478,P0011,1,4500.0,4500.0
ITEM0006135,PUR003479,P0014,7,650.0,4550.0
ITEM0006136,PUR003480,P0005,4,4500.0,18000.0
ITEM0006137,PUR003481,P0014,1,650.0,650.0
ITEM0006138,PUR003482,P0017,2,18500.0,37000.0
ITEM0006139,PUR003482,P0014,5,650.0,3250.0
ITEM0006140,PUR003483,P0011,3,4500.0,13500.0
ITEM0006141,PUR003484,P0004,2,12500.0,25000.0
ITEM0006142,PUR003484,P0011,3,4500.0,13500.0
ITEM0006143,PUR003485,P0006,3,2800.0,8400.0
ITEM0006144,PUR003486,P0005,3,4500.0,13500.0
ITEM0006145,PUR003487,P0010,3,2200.0,6600.0
ITEM0006146,PUR003487,P0014,3,650.0,1950.0
ITEM0006147,PUR003488,P0004,2,12500.0,25000.0
ITEM0006148,PUR003489,P0003,2,32000.0,64000.0
ITEM0006149,PUR003490,P0002,1,85000.0,85000.0
ITEM0006150,PUR003490,P0003,2,32000.0,64000.0
ITEM0006151,PUR003490,P0013,2,14500.0,29000.0
ITEM0006152,PUR003491,P0017,2,18500.0,37000.0
ITEM0006153,PUR003492,P0009,3,1900.0,5700.0
ITEM0006154,PUR003492,P0019,2,1250.0,2500.0
ITEM0006155,PUR003493,P0006,4,2800.0,11200.0
ITEM0006156,PUR003494,P0008,5,4200.0,21000.0
ITEM0006157,PUR003495,P0001,2,65000.0,130000.0
ITEM0006158,PUR003496,P0016,6,450.0,2700.0
ITEM0006159,PUR003496,P0007,1,1800.0,1800.0
ITEM0006160,PUR003497,P0017,1,18500.0,18500.0
ITEM0006161,PUR003498,P0015,4,1200.0,4800.0
ITEM0006162,PUR003499,P0005,3,4500.0,13500.0
ITEM0006163,PUR003499,P0004,1,12500.0,12500.0
ITEM0006164,PUR003499,P0019,4,1250.0,5000.0
ITEM0006165,PUR003499,P0017,2,18500.0,37000.0
ITEM0006166,PUR003500,P0018,7,550.0,3850.0
ITEM0006167,PUR003500,P0011,2,4500.0,9000.0
ITEM0006168,PUR003501,P0013,1,14500.0,14500.0
ITEM0006169,PUR003501,P0006,1,2800.0,2800.0
ITEM0006170,PUR003502,P0017,2,18500.0,37000.0
ITEM0006171,PUR003503,P0006,3,2800.0,8400.0
ITEM0006172,PUR003503,P0007,2,1800.0,3600.0
ITEM0006173,PUR003503,P0008,3,4200.0,12600.0
ITEM0006174,PUR003504,P0018,5,550.0,2750.0
ITEM0006175,PUR003504,P0008,1,4200.0,4200.0
ITEM0006176,PUR003504,P0019,4,1250.0,5000.0
ITEM0006177,PUR003505,P0007,5,1800.0,9000.0
ITEM0006178,PUR003506,P0012,2,850.0,1700.0
ITEM0006179,PUR003507,P0017,1,18500.0,18500.0
ITEM0006180,PUR003507,P0004,1,12500.0,12500.0
ITEM0006181,PUR003508,P0019,1,1250.0,1250.0
ITEM0006182,PUR003508,P0018,3,550.0,1650.0
ITEM0006183,PUR003509,P0011,2,4500.0,9000.0
ITEM0006184,PUR003509,P0017,1,18500.0,18500.0
ITEM0006185,PUR003509,P0008,5,4200.0,21000.0
ITEM0006186,PUR003509,P0006,4,2800.0,11200.0
ITEM0006187,PUR003510,P0010,5,2200.0,11000.0
ITEM0006188,PUR003511,P0011,2,4500.0,9000.0
ITEM0006189,PUR003511,P0008,1,4200.0,4200.0
ITEM0006190,PUR003511,P0006,4,2800.0,11200.0
ITEM0006191,PUR003512,P0007,2,1800.0,3600.0
ITEM0006192,PUR003512,P0014,5,650.0,3250.0
ITEM0006193,PUR003513,P0003,2,32000.0,64000.0
ITEM0006194,PUR003514,P0004,3,12500.0,37500.0
ITEM0006195,PUR003514,P0017,2,18500.0,37000.0
ITEM0006196,PUR003515,P0012,4,850.0,3400.0
ITEM0006197,PUR003515,P0011,3,4500.0,13500.0
ITEM0006198,PUR003515,P0020,5,499.0,2495.0
ITEM0006199,PUR003516,P0005,4,4500.0,18000.0
ITEM0006200,PUR003517,P0018,8,550.0,4400.0
ITEM0006201,PUR003517,P0005,1,4500.0,4500.0
ITEM0006202,PUR003517,P0007,1,1800.0,1800.0
ITEM0006203,PUR003518,P0019,3,1250.0,3750.0
ITEM0006204,PUR003519,P0012,3,850.0,2550.0
ITEM0006205,PUR003519,P0018,7,550.0,3850.0
ITEM0006206,PUR003520,P0005,2,4500.0,9000.0
ITEM0006207,PUR003520,P0009,4,1900.0,7600.0
ITEM0006208,PUR003520,P0010,2,2200.0,4400.0
ITEM0006209,PUR003521,P0008,3,4200.0,12600.0
ITEM0006210,PUR003521,P0014,3,650.0,1950.0
ITEM0006211,PUR003521,P0018,5,550.0,2750.0
ITEM0006212,PUR003521,P0006,2,2800.0,5600.0
ITEM0006213,PUR003522,P0003,1,32000.0,32000.0
ITEM0006214,PUR003522,P0011,2,4500.0,9000.0
ITEM0006215,PUR003522,P0013,1,14500.0,14500.0
ITEM0006216,PUR003522,P0005,4,4500.0,18000.0
ITEM0006217,PUR003523,P0006,1,2800.0,2800.0
ITEM0006218,PUR003523,P0008,1,4200.0,4200.0
ITEM0006219,PUR003524,P0003,2,32000.0,64000.0
ITEM0006220,PUR003525,P0011,1,4500.0,4500.0
ITEM0006221,PUR003526,P0011,2,4500.0,9000.0
ITEM0006222,PUR003526,P0014,2,650.0,1300.0
ITEM0006223,PUR003527,P0004,1,12500.0,12500.0
ITEM0006224,PUR003528,P0003,2,32000.0,64000.0
ITEM0006225,PUR003529,P0019,2,1250.0,2500.0
ITEM0006226,PUR003529,P0008,4,4200.0,16800.0
ITEM0006227,PUR003529,P0013,1,14500.0,14500.0
ITEM0006228,PUR003530,P0016,6,450.0,2700.0
ITEM0006229,PUR003530,P0004,3,12500.0,37500.0
ITEM0006230,PUR003530,P0014,7,650.0,4550.0
ITEM0006231,PUR003531,P0013,1,14500.0,14500.0
ITEM0006232,PUR003532,P0003,3,32000.0,96000.0
ITEM0006233,PUR003532,P0013,1,14500.0,14500.0
ITEM0006234,PUR003532,P0017,1,18500.0,18500.0
ITEM0006235,PUR003533,P0008,1,4200.0,4200.0
ITEM0006236,PUR003533,P0005,3,4500.0,13500.0
ITEM0006237,PUR003534,P0018,1,550.0,550.0
ITEM0006238,PUR003534,P0019,5,1250.0,6250.0
ITEM0006239,PUR003535,P0008,3,4200.0,12600.0
ITEM0006240,PUR003536,P0019,5,1250.0,6250.0
ITEM0006241,PUR003537,P0007,4,1800.0,7200.0
ITEM0006242,PUR003538,P0011,2,4500.0,9000.0
ITEM0006243,PUR003539,P0019,2,1250.0,2500.0
ITEM0006244,PUR003540,P0015,4,1200.0,4800.0
ITEM0006245,PUR003541,P0011,1,4500.0,4500.0
ITEM0006246,PUR003542,P0003,2,32000.0,64000.0
ITEM0006247,PUR003542,P0017,2,18500.0,37000.0
ITEM0006248,PUR003543,P0012,4,850.0,3400.0
ITEM0006249,PUR003544,P0008,1,4200.0,4200.0
ITEM0006250,PUR003545,P0002,1,85000.0,85000.0
ITEM0006251,PUR003546,P0008,1,4200.0,4200.0
ITEM0006252,PUR003547,P0005,4,4500.0,18000.0
ITEM0006253,PUR003547,P0016,3,450.0,1350.0
ITEM0006254,PUR003547,P0007,4,1800.0,7200.0
ITEM0006255,PUR003548,P0005,3,4500.0,13500.0
ITEM0006256,PUR003549,P0009,4,1900.0,7600.0
ITEM0006257,PUR003549,P0007,2,1800.0,3600.0
ITEM0006258,PUR003549,P0018,4,550.0,2200.0
ITEM0006259,PUR003550,P0009,2,1900.0,3800.0
ITEM0006260,PUR003550,P0015,1,1200.0,1200.0
ITEM0006261,PUR003550,P0019,1,1250.0,1250.0
ITEM0006262,PUR003550,P0010,4,2200.0,8800.0
ITEM0006263,PUR003551,P0019,1,1250.0,1250.0
ITEM0006264,PUR003551,P0017,1,18500.0,18500.0
ITEM0006265,PUR003551,P0005,2,4500.0,9000.0
ITEM0006266,PUR003552,P0008,4,4200.0,16800.0
ITEM0006267,PUR003552,P0017,2,18500.0,37000.0
ITEM0006268,PUR003552,P0019,2,1250.0,2500.0
ITEM0006269,PUR003553,P0014,8,650.0,5200.0
ITEM0006270,PUR003554,P0003,2,32000.0,64000.0
ITEM0006271,PUR003554,P0013,1,14500.0,14500.0
ITEM0006272,PUR003554,P0002,1,85000.0,85000.0
ITEM0006273,PUR003555,P0005,2,4500.0,9000.0
ITEM0006274,PUR003555,P0019,2,1250.0,2500.0
ITEM0006275,PUR003555,P0008,3,4200.0,12600.0
ITEM0006276,PUR003555,P0004,1,12500.0,12500.0
ITEM0006277,PUR003556,P0013,1,14500.0,14500.0
ITEM0006278,PUR003556,P0001,2,65000.0,130000.0
ITEM0006279,PUR003556,P0017,2,18500.0,37000.0
ITEM0006280,PUR003557,P0005,3,4500.0,13500.0
ITEM0006281,PUR003557,P0006,4,2800.0,11200.0
ITEM0006282,PUR003557,P0007,2,1800.0,3600.0
ITEM0006283,PUR003558,P0005,2,4500.0,9000.0
ITEM0006284,PUR003558,P0006,3,2800.0,8400.0
ITEM0006285,PUR003559,P0017,2,18500.0,37000.0
ITEM0006286,PUR003559,P0004,1,12500.0,12500.0
ITEM0006287,PUR003560,P0019,4,1250.0,5000.0
ITEM0006288,PUR003561,P0018,5,550.0,2750.0
ITEM0006289,PUR003562,P0001,1,65000.0,65000.0
ITEM0006290,PUR003563,P0005,4,4500.0,18000.0
ITEM0006291,PUR003563,P0009,5,1900.0,9500.0
ITEM0006292,PUR003564,P0004,3,12500.0,37500.0
ITEM0006293,PUR003565,P0005,1,4500.0,4500.0
ITEM0006294,PUR003565,P0008,3,4200.0,12600.0
ITEM0006295,PUR003566,P0006,3,2800.0,8400.0
ITEM0006296,PUR003567,P0008,3,4200.0,12600.0
ITEM0006297,PUR003568,P0019,4,1250.0,5000.0
ITEM0006298,PUR003569,P0010,1,2200.0,2200.0
ITEM0006299,PUR003570,P0006,2,2800.0,5600.0
ITEM0006300,PUR003570,P0016,10,450.0,4500.0
ITEM0006301,PUR003571,P0019,4,1250.0,5000.0
ITEM0006302,PUR003571,P0013,1,14500.0,14500.0
ITEM0006303,PUR003572,P0016,5,450.0,2250.0
ITEM0006304,PUR003573,P0006,4,2800.0,11200.0
ITEM0006305,PUR003573,P0016,6,450.0,2700.0
ITEM0006306,PUR003574,P0019,1,1250.0,1250.0
ITEM0006307,PUR003575,P0003,3,32000.0,96000.0
ITEM0006308,PUR003575,P0005,1,4500.0,4500.0
ITEM0006309,PUR003576,P0004,2,12500.0,25000.0
ITEM0006310,PUR003576,P0014,3,650.0,1950.0
ITEM0006311,PUR003577,P0017,2,18500.0,37000.0
ITEM0006312,PUR003578,P0013,1,14500.0,14500.0
ITEM0006313,PUR003578,P0017,2,18500.0,37000.0
ITEM0006314,PUR003578,P0005,3,4500.0,13500.0
ITEM0006315,PUR003579,P0002,2,85000.0,170000.0
ITEM0006316,PUR003579,P0003,2,32000.0,64000.0
ITEM0006317,PUR003579,P0017,1,18500.0,18500.0
ITEM0006318,PUR003580,P0019,2,1250.0,2500.0
ITEM0006319,PUR003581,P0012,2,850.0,1700.0
ITEM0006320,PUR003581,P0015,3,1200.0,3600.0
ITEM0006321,PUR003581,P0014,8,650.0,5200.0
ITEM0006322,PUR003582,P0002,1,85000.0,85000.0
ITEM0006323,PUR003582,P0012,4,850.0,3400.0
ITEM0006324,PUR003583,P0001,2,65000.0,130000.0
ITEM0006325,PUR003583,P0003,3,32000.0,96000.0
ITEM0006326,PUR003584,P0008,3,4200.0,12600.0
ITEM0006327,PUR003585,P0015,2,1200.0,2400.0
ITEM0006328,PUR003586,P0016,9,450.0,4050.0
ITEM0006329,PUR003586,P0008,3,4200.0,12600.0
ITEM0006330,PUR003587,P0007,5,1800.0,9000.0
ITEM0006331,PUR003588,P0008,5,4200.0,21000.0
ITEM0006332,PUR003588,P0016,5,450.0,2250.0
ITEM0006333,PUR003589,P0016,1,450.0,450.0
ITEM0006334,PUR003589,P0007,5,1800.0,9000.0
ITEM0006335,PUR003590,P0014,5,650.0,3250.0
ITEM0006336,PUR003590,P0012,6,850.0,5100.0
ITEM0006337,PUR003591,P0011,2,4500.0,9000.0
ITEM0006338,PUR003592,P0004,2,12500.0,25000.0
ITEM0006339,PUR003592,P0003,1,32000.0,32000.0
ITEM0006340,PUR003592,P0013,2,14500.0,29000.0
ITEM0006341,PUR003592,P0008,5,4200.0,21000.0
ITEM0006342,PUR003593,P0019,4,1250.0,5000.0
ITEM0006343,PUR003593,P0003,1,32000.0,32000.0
ITEM0006344,PUR003593,P0006,1,2800.0,2800.0
ITEM0006345,PUR003593,P0013,1,14500.0,14500.0
ITEM0006346,PUR003594,P0007,4,1800.0,7200.0
ITEM0006347,PUR003594,P0004,2,12500.0,25000.0
ITEM0006348,PUR003595,P0013,1,14500.0,14500.0
ITEM0006349,PUR003595,P0017,2,18500.0,37000.0
ITEM0006350,PUR003595,P0002,1,85000.0,85000.0
ITEM0006351,PUR003596,P0017,1,18500.0,18500.0
ITEM0006352,PUR003596,P0001,2,65000.0,130000.0
ITEM0006353,PUR003597,P0018,7,550.0,3850.0
ITEM0006354,PUR003598,P0006,3,2800.0,8400.0
ITEM0006355,PUR003599,P0019,1,1250.0,1250.0
ITEM0006356,PUR003600,P0016,9,450.0,4050.0
ITEM0006357,PUR003601,P0012,4,850.0,3400.0
ITEM0006358,PUR003602,P0009,5,1900.0,9500.0
ITEM0006359,PUR003603,P0003,3,32000.0,96000.0
ITEM0006360,PUR003603,P0002,1,85000.0,85000.0
ITEM0006361,PUR003603,P0001,2,65000.0,130000.0
ITEM0006362,PUR003604,P0013,1,14500.0,14500.0
ITEM0006363,PUR003605,P0001,2,65000.0,130000.0
ITEM0006364,PUR003605,P0003,1,32000.0,32000.0
ITEM0006365,PUR003605,P0002,2,85000.0,170000.0
ITEM0006366,PUR003606,P0017,2,18500.0,37000.0
ITEM0006367,PUR003606,P0013,2,14500.0,29000.0
ITEM0006368,PUR003606,P0003,1,32000.0,32000.0
ITEM0006369,PUR003606,P0002,2,85000.0,170000.0
ITEM0006370,PUR003607,P0019,3,1250.0,3750.0
ITEM0006371,PUR003607,P0008,2,4200.0,8400.0
ITEM0006372,PUR003608,P0006,1,2800.0,2800.0
ITEM0006373,PUR003608,P0005,4,4500.0,18000.0
ITEM0006374,PUR003608,P0013,2,14500.0,29000.0
ITEM0006375,PUR003609,P0006,2,2800.0,5600.0
ITEM0006376,PUR003609,P0004,3,12500.0,37500.0
ITEM0006377,PUR003610,P0004,1,12500.0,12500.0
ITEM0006378,PUR003611,P0011,3,4500.0,13500.0
ITEM0006379,PUR003612,P0011,1,4500.0,4500.0
ITEM0006380,PUR003612,P0004,1,12500.0,12500.0
ITEM0006381,PUR003612,P0019,5,1250.0,6250.0
ITEM0006382,PUR003612,P0006,1,2800.0,2800.0
ITEM0006383,PUR003613,P0013,1,14500.0,14500.0
ITEM0006384,PUR003614,P0019,5,1250.0,6250.0
ITEM0006385,PUR003615,P0011,2,4500.0,9000.0
ITEM0006386,PUR003616,P0016,5,450.0,2250.0
ITEM0006387,PUR003616,P0015,5,1200.0,6000.0
ITEM0006388,PUR003616,P0019,3,1250.0,3750.0
ITEM0006389,PUR003617,P0006,2,2800.0,5600.0
ITEM0006390,PUR003617,P0019,1,1250.0,1250.0
ITEM0006391,PUR003617,P0005,1,4500.0,4500.0
ITEM0006392,PUR003618,P0008,2,4200.0,8400.0
ITEM0006393,PUR003618,P0011,1,4500.0,4500.0
ITEM0006394,PUR003619,P0005,3,4500.0,13500.0
ITEM0006395,PUR003619,P0004,3,12500.0,37500.0
ITEM0006396,PUR003620,P0019,3,1250.0,3750.0
ITEM0006397,PUR003620,P0010,4,2200.0,8800.0
ITEM0006398,PUR003621,P0015,2,1200.0,2400.0
ITEM0006399,PUR003622,P0006,2,2800.0,5600.0
ITEM0006400,PUR003623,P0008,2,4200.0,8400.0
ITEM0006401,PUR003623,P0013,1,14500.0,14500.0
ITEM0006402,PUR003623,P0017,2,18500.0,37000.0
ITEM0006403,PUR003624,P0017,2,18500.0,37000.0
ITEM0006404,PUR003625,P0015,2,1200.0,2400.0
ITEM0006405,PUR003625,P0007,4,1800.0,7200.0
ITEM0006406,PUR003626,P0011,2,4500.0,9000.0
ITEM0006407,PUR003627,P0009,5,1900.0,9500.0
ITEM0006408,PUR003627,P0015,1,1200.0,1200.0
ITEM0006409,PUR003627,P0012,1,850.0,850.0
ITEM0006410,PUR003628,P0018,8,550.0,4400.0
ITEM0006411,PUR003629,P0003,2,32000.0,64000.0
ITEM0006412,PUR003630,P0005,1,4500.0,4500.0
ITEM0006413,PUR003631,P0015,4,1200.0,4800.0
ITEM0006414,PUR003631,P0005,1,4500.0,4500.0
ITEM0006415,PUR003631,P0018,6,550.0,3300.0
ITEM0006416,PUR003632,P0003,1,32000.0,32000.0
ITEM0006417,PUR003633,P0011,1,4500.0,4500.0
ITEM0006418,PUR003633,P0006,4,2800.0,11200.0
ITEM0006419,PUR003633,P0003,1,32000.0,32000.0
ITEM0006420,PUR003634,P0019,1,1250.0,1250.0
ITEM0006421,PUR003634,P0010,5,2200.0,11000.0
ITEM0006422,PUR003634,P0012,6,850.0,5100.0
ITEM0006423,PUR003635,P0018,4,550.0,2200.0
ITEM0006424,PUR003636,P0006,4,2800.0,11200.0
ITEM0006425,PUR003637,P0018,4,550.0,2200.0
ITEM0006426,PUR003637,P0014,7,650.0,4550.0
ITEM0006427,PUR003638,P0006,3,2800.0,8400.0
ITEM0006428,PUR003638,P0009,1,1900.0,1900.0
ITEM0006429,PUR003639,P0019,3,1250.0,3750.0
ITEM0006430,PUR003639,P0005,2,4500.0,9000.0
ITEM0006431,PUR003639,P0012,4,850.0,3400.0
ITEM0006432,PUR003640,P0008,3,4200.0,12600.0
ITEM0006433,PUR003640,P0006,4,2800.0,11200.0
ITEM0006434,PUR003641,P0013,1,14500.0,14500.0
ITEM0006435,PUR003642,P0017,2,18500.0,37000.0
ITEM0006436,PUR003643,P0013,1,14500.0,14500.0
ITEM0006437,PUR003643,P0008,3,4200.0,12600.0
ITEM0006438,PUR003644,P0003,2,32000.0,64000.0
ITEM0006439,PUR003644,P0001,2,65000.0,130000.0
ITEM0006440,PUR003645,P0003,1,32000.0,32000.0
ITEM0006441,PUR003645,P0008,1,4200.0,4200.0
ITEM0006442,PUR003645,P0017,1,18500.0,18500.0
ITEM0006443,PUR003646,P0008,5,4200.0,21000.0
ITEM0006444,PUR003647,P0002,1,85000.0,85000.0
ITEM0006445,PUR003647,P0003,2,32000.0,64000.0
ITEM0006446,PUR003648,P0007,4,1800.0,7200.0
ITEM0006447,PUR003649,P0013,1,14500.0,14500.0
ITEM0006448,PUR003650,P0013,1,14500.0,14500.0
ITEM0006449,PUR003651,P0019,3,1250.0,3750.0
ITEM0006450,PUR003651,P0004,3,12500.0,37500.0
ITEM0006451,PUR003651,P0012,3,850.0,2550.0
ITEM0006452,PUR003652,P0011,1,4500.0,4500.0
ITEM0006453,PUR003653,P0012,3,850.0,2550.0
ITEM0006454,PUR003653,P0005,4,4500.0,18000.0
ITEM0006455,PUR003653,P0014,7,650.0,4550.0
ITEM0006456,PUR003654,P0008,1,4200.0,4200.0
ITEM0006457,PUR003654,P0014,4,650.0,2600.0
ITEM0006458,PUR003655,P0017,1,18500.0,18500.0
ITEM0006459,PUR003655,P0001,2,65000.0,130000.0
ITEM0006460,PUR003656,P0011,1,4500.0,4500.0
ITEM0006461,PUR003657,P0005,3,4500.0,13500.0
ITEM0006462,PUR003658,P0010,3,2200.0,6600.0
ITEM0006463,PUR003658,P0004,2,12500.0,25000.0
ITEM0006464,PUR003659,P0012,1,850.0,850.0
ITEM0006465,PUR003659,P0020,1,499.0,499.0
ITEM0006466,PUR003660,P0013,2,14500.0,29000.0
ITEM0006467,PUR003660,P0011,3,4500.0,13500.0
ITEM0006468,PUR003661,P0008,4,4200.0,16800.0
ITEM0006469,PUR003662,P0019,3,1250.0,3750.0
ITEM0006470,PUR003662,P0005,1,4500.0,4500.0
ITEM0006471,PUR003663,P0004,3,12500.0,37500.0
ITEM0006472,PUR003664,P0011,2,4500.0,9000.0
ITEM0006473,PUR003665,P0013,2,14500.0,29000.0
ITEM0006474,PUR003665,P0004,3,12500.0,37500.0
ITEM0006475,PUR003666,P0008,3,4200.0,12600.0
ITEM0006476,PUR003667,P0004,2,12500.0,25000.0
ITEM0006477,PUR003668,P0006,3,2800.0,8400.0
ITEM0006478,PUR003669,P0002,2,85000.0,170000.0
ITEM0006479,PUR003670,P0018,3,550.0,1650.0
ITEM0006480,PUR003670,P0007,3,1800.0,5400.0
ITEM0006481,PUR003671,P0017,2,18500.0,37000.0
ITEM0006482,PUR003671,P0006,2,2800.0,5600.0
ITEM0006483,PUR003671,P0019,2,1250.0,2500.0
ITEM0006484,PUR003672,P0004,2,12500.0,25000.0
ITEM0006485,PUR003672,P0019,5,1250.0,6250.0
ITEM0006486,PUR003673,P0013,2,14500.0,29000.0
ITEM0006487,PUR003673,P0008,5,4200.0,21000.0
ITEM0006488,PUR003673,P0017,2,18500.0,37000.0
ITEM0006489,PUR003674,P0004,2,12500.0,25000.0
ITEM0006490,PUR003675,P0016,7,450.0,3150.0
ITEM0006491,PUR003675,P0018,1,550.0,550.0
ITEM0006492,PUR003676,P0009,1,1900.0,1900.0
ITEM0006493,PUR003677,P0007,2,1800.0,3600.0
ITEM0006494,PUR003677,P0006,2,2800.0,5600.0
ITEM0006495,PUR003678,P0014,1,650.0,650.0
ITEM0006496,PUR003679,P0003,3,32000.0,96000.0
ITEM0006497,PUR003680,P0012,5,850.0,4250.0
ITEM0006498,PUR003680,P0018,8,550.0,4400.0
ITEM0006499,PUR003681,P0013,2,14500.0,29000.0
ITEM0006500,PUR003681,P0011,2,4500.0,9000.0
ITEM0006501,PUR003682,P0002,2,85000.0,170000.0
ITEM0006502,PUR003682,P0013,2,14500.0,29000.0
ITEM0006503,PUR003683,P0017,1,18500.0,18500.0
ITEM0006504,PUR003684,P0019,1,1250.0,1250.0
ITEM0006505,PUR003685,P0013,2,14500.0,29000.0
ITEM0006506,PUR003685,P0002,2,85000.0,170000.0
ITEM0006507,PUR003685,P0017,2,18500.0,37000.0
ITEM0006508,PUR003686,P0007,5,1800.0,9000.0
ITEM0006509,PUR003686,P0018,7,550.0,3850.0
ITEM0006510,PUR003687,P0010,2,2200.0,4400.0
ITEM0006511,PUR003687,P0012,6,850.0,5100.0
ITEM0006512,PUR003688,P0013,2,14500.0,29000.0
ITEM0006513,PUR003688,P0001,2,65000.0,130000.0
ITEM0006514,PUR003688,P0003,1,32000.0,32000.0
ITEM0006515,PUR003689,P0002,1,85000.0,85000.0
ITEM0006516,PUR003689,P0001,1,65000.0,65000.0
ITEM0006517,PUR003690,P0017,2,18500.0,37000.0
ITEM0006518,PUR003690,P0011,3,4500.0,13500.0
ITEM0006519,PUR003691,P0018,2,550.0,1100.0
ITEM0006520,PUR003691,P0020,2,499.0,998.0
ITEM0006521,PUR003691,P0012,5,850.0,4250.0
ITEM0006522,PUR003692,P0002,1,85000.0,85000.0
ITEM0006523,PUR003692,P0017,2,18500.0,37000.0
ITEM0006524,PUR003693,P0005,2,4500.0,9000.0
ITEM0006525,PUR003694,P0013,2,14500.0,29000.0
ITEM0006526,PUR003695,P0001,1,65000.0,65000.0
ITEM0006527,PUR003696,P0017,1,18500.0,18500.0
ITEM0006528,PUR003697,P0009,4,1900.0,7600.0
ITEM0006529,PUR003698,P0013,2,14500.0,29000.0
ITEM0006530,PUR003698,P0011,1,4500.0,4500.0
ITEM0006531,PUR003698,P0006,4,2800.0,11200.0
ITEM0006532,PUR003698,P0003,3,32000.0,96000.0
ITEM0006533,PUR003699,P0009,4,1900.0,7600.0
ITEM0006534,PUR003699,P0010,5,2200.0,11000.0
ITEM0006535,PUR003700,P0003,2,32000.0,64000.0
ITEM0006536,PUR003701,P0011,2,4500.0,9000.0
ITEM0006537,PUR003702,P0014,6,650.0,3900.0
ITEM0006538,PUR003702,P0015,2,1200.0,2400.0
ITEM0006539,PUR003703,P0005,1,4500.0,4500.0
ITEM0006540,PUR003703,P0011,2,4500.0,9000.0
ITEM0006541,PUR003704,P0020,5,499.0,2495.0
ITEM0006542,PUR003704,P0012,1,850.0,850.0
ITEM0006543,PUR003705,P0017,1,18500.0,18500.0
ITEM0006544,PUR003705,P0006,3,2800.0,8400.0
ITEM0006545,PUR003706,P0005,4,4500.0,18000.0
ITEM0006546,PUR003707,P0004,3,12500.0,37500.0
ITEM0006547,PUR003708,P0019,5,1250.0,6250.0
ITEM0006548,PUR003708,P0020,2,499.0,998.0
ITEM0006549,PUR003708,P0008,2,4200.0,8400.0
ITEM0006550,PUR003708,P0006,2,2800.0,5600.0
ITEM0006551,PUR003709,P0013,2,14500.0,29000.0
ITEM0006552,PUR003709,P0006,4,2800.0,11200.0
ITEM0006553,PUR003710,P0005,4,4500.0,18000.0
ITEM0006554,PUR003710,P0011,1,4500.0,4500.0
ITEM0006555,PUR003711,P0013,2,14500.0,29000.0
ITEM0006556,PUR003711,P0003,1,32000.0,32000.0
ITEM0006557,PUR003712,P0005,3,4500.0,13500.0
ITEM0006558,PUR003712,P0011,3,4500.0,13500.0
ITEM0006559,PUR003713,P0007,1,1800.0,1800.0
ITEM0006560,PUR003713,P0009,1,1900.0,1900.0
ITEM0006561,PUR003714,P0012,4,850.0,3400.0
ITEM0006562,PUR003714,P0010,2,2200.0,4400.0
ITEM0006563,PUR003715,P0013,1,14500.0,14500.0
ITEM0006564,PUR003716,P0004,2,12500.0,25000.0
ITEM0006565,PUR003717,P0001,1,65000.0,65000.0
ITEM0006566,PUR003717,P0017,1,18500.0,18500.0
ITEM0006567,PUR003718,P0009,3,1900.0,5700.0
ITEM0006568,PUR003719,P0006,4,2800.0,11200.0
ITEM0006569,PUR003719,P0008,3,4200.0,12600.0
ITEM0006570,PUR003720,P0013,1,14500.0,14500.0
ITEM0006571,PUR003721,P0006,3,2800.0,8400.0
ITEM0006572,PUR003721,P0005,2,4500.0,9000.0
ITEM0006573,PUR003722,P0003,1,32000.0,32000.0
ITEM0006574,PUR003723,P0018,5,550.0,2750.0
ITEM0006575,PUR003724,P0004,2,12500.0,25000.0
ITEM0006576,PUR003725,P0017,1,18500.0,18500.0
ITEM0006577,PUR003725,P0006,4,2800.0,11200.0
ITEM0006578,PUR003726,P0002,1,85000.0,85000.0
ITEM0006579,PUR003727,P0017,1,18500.0,18500.0
ITEM0006580,PUR003728,P0010,5,2200.0,11000.0
ITEM0006581,PUR003728,P0008,1,4200.0,4200.0
ITEM0006582,PUR003729,P0017,2,18500.0,37000.0
ITEM0006583,PUR003729,P0011,2,4500.0,9000.0
ITEM0006584,PUR003730,P0017,2,18500.0,37000.0
ITEM0006585,PUR003731,P0016,3,450.0,1350.0
ITEM0006586,PUR003732,P0005,1,4500.0,4500.0
ITEM0006587,PUR003732,P0004,2,12500.0,25000.0
ITEM0006588,PUR003733,P0018,1,550.0,550.0
ITEM0006589,PUR003733,P0010,5,2200.0,11000.0
ITEM0006590,PUR003733,P0004,3,12500.0,37500.0
ITEM0006591,PUR003733,P0009,5,1900.0,9500.0
ITEM0006592,PUR003734,P0003,3,32000.0,96000.0
ITEM0006593,PUR003735,P0015,2,1200.0,2400.0
ITEM0006594,PUR003735,P0010,5,2200.0,11000.0
ITEM0006595,PUR003736,P0003,3,32000.0,96000.0
ITEM0006596,PUR003736,P0011,2,4500.0,9000.0
ITEM0006597,PUR003737,P0008,1,4200.0,4200.0
ITEM0006598,PUR003738,P0017,1,18500.0,18500.0
ITEM0006599,PUR003738,P0013,2,14500.0,29000.0
ITEM0006600,PUR003738,P0003,3,32000.0,96000.0
ITEM0006601,PUR003739,P0009,5,1900.0,9500.0
ITEM0006602,PUR003740,P0006,3,2800.0,8400.0
ITEM0006603,PUR003741,P0011,3,4500.0,13500.0
ITEM0006604,PUR003742,P0002,1,85000.0,85000.0
ITEM0006605,PUR003742,P0003,2,32000.0,64000.0
ITEM0006606,PUR003742,P0013,1,14500.0,14500.0
ITEM0006607,PUR003742,P0017,2,18500.0,37000.0
ITEM0006608,PUR003743,P0013,1,14500.0,14500.0
ITEM0006609,PUR003744,P0019,4,1250.0,5000.0
ITEM0006610,PUR003745,P0002,2,85000.0,170000.0
ITEM0006611,PUR003745,P0013,1,14500.0,14500.0
ITEM0006612,PUR003746,P0019,2,1250.0,2500.0
ITEM0006613,PUR003747,P0010,5,2200.0,11000.0
ITEM0006614,PUR003747,P0011,1,4500.0,4500.0
ITEM0006615,PUR003748,P0002,1,85000.0,85000.0
ITEM0006616,PUR003749,P0017,2,18500.0,37000.0
ITEM0006617,PUR003749,P0002,2,85000.0,170000.0
ITEM0006618,PUR003749,P0003,1,32000.0,32000.0
ITEM0006619,PUR003750,P0012,1,850.0,850.0
ITEM0006620,PUR003751,P0011,1,4500.0,4500.0
ITEM0006621,PUR003751,P0017,2,18500.0,37000.0
ITEM0006622,PUR003751,P0013,2,14500.0,29000.0
ITEM0006623,PUR003752,P0010,3,2200.0,6600.0
ITEM0006624,PUR003752,P0009,4,1900.0,7600.0
ITEM0006625,PUR003753,P0013,2,14500.0,29000.0
ITEM0006626,PUR003754,P0004,3,12500.0,37500.0
ITEM0006627,PUR003755,P0013,1,14500.0,14500.0
ITEM0006628,PUR003756,P0003,1,32000.0,32000.0
ITEM0006629,PUR003757,P0013,1,14500.0,14500.0
ITEM0006630,PUR003757,P0003,1,32000.0,32000.0
ITEM0006631,PUR003758,P0011,1,4500.0,4500.0
ITEM0006632,PUR003759,P0006,2,2800.0,5600.0
ITEM0006633,PUR003760,P0005,2,4500.0,9000.0
ITEM0006634,PUR003760,P0015,3,1200.0,3600.0
ITEM0006635,PUR003760,P0011,1,4500.0,4500.0
ITEM0006636,PUR003761,P0008,1,4200.0,4200.0
ITEM0006637,PUR003761,P0020,4,499.0,1996.0
ITEM0006638,PUR003762,P0016,4,450.0,1800.0
ITEM0006639,PUR003762,P0004,3,12500.0,37500.0
ITEM0006640,PUR003762,P0012,2,850.0,1700.0
ITEM0006641,PUR003762,P0007,5,1800.0,9000.0
ITEM0006642,PUR003763,P0010,1,2200.0,2200.0
ITEM0006643,PUR003763,P0005,3,4500.0,13500.0
ITEM0006644,PUR003764,P0017,2,18500.0,37000.0
ITEM0006645,PUR003764,P0003,3,32000.0,96000.0
ITEM0006646,PUR003765,P0004,2,12500.0,25000.0
ITEM0006647,PUR003765,P0006,2,2800.0,5600.0
ITEM0006648,PUR003765,P0017,1,18500.0,18500.0
ITEM0006649,PUR003766,P0003,1,32000.0,32000.0
ITEM0006650,PUR003766,P0002,2,85000.0,170000.0
ITEM0006651,PUR003767,P0005,4,4500.0,18000.0
ITEM0006652,PUR003768,P0004,2,12500.0,25000.0
ITEM0006653,PUR003769,P0005,3,4500.0,13500.0
ITEM0006654,PUR003769,P0012,1,850.0,850.0
ITEM0006655,PUR003769,P0015,1,1200.0,1200.0
ITEM0006656,PUR003770,P0019,5,1250.0,6250.0
ITEM0006657,PUR003771,P0007,3,1800.0,5400.0
ITEM0006658,PUR003771,P0004,1,12500.0,12500.0
ITEM0006659,PUR003771,P0008,3,4200.0,12600.0
ITEM0006660,PUR003772,P0012,2,850.0,1700.0
ITEM0006661,PUR003773,P0005,4,4500.0,18000.0
ITEM0006662,PUR003774,P0009,5,1900.0,9500.0
ITEM0006663,PUR003774,P0007,1,1800.0,1800.0
ITEM0006664,PUR003774,P0018,5,550.0,2750.0
ITEM0006665,PUR003775,P0004,1,12500.0,12500.0
ITEM0006666,PUR003776,P0003,1,32000.0,32000.0
ITEM0006667,PUR003777,P0005,3,4500.0,13500.0
ITEM0006668,PUR003777,P0008,5,4200.0,21000.0
ITEM0006669,PUR003778,P0005,4,4500.0,18000.0
ITEM0006670,PUR003779,P0003,3,32000.0,96000.0
ITEM0006671,PUR003779,P0013,1,14500.0,14500.0
ITEM0006672,PUR003780,P0008,4,4200.0,16800.0
ITEM0006673,PUR003780,P0005,1,4500.0,4500.0
ITEM0006674,PUR003780,P0017,2,18500.0,37000.0
ITEM0006675,PUR003781,P0006,2,2800.0,5600.0
ITEM0006676,PUR003782,P0011,2,4500.0,9000.0
ITEM0006677,PUR003782,P0013,1,14500.0,14500.0
ITEM0006678,PUR003783,P0007,3,1800.0,5400.0
ITEM0006679,PUR003783,P0012,1,850.0,850.0
ITEM0006680,PUR003784,P0017,1,18500.0,18500.0
ITEM0006681,PUR003785,P0019,1,1250.0,1250.0
ITEM0006682,PUR003786,P0008,1,4200.0,4200.0
ITEM0006683,PUR003787,P0017,2,18500.0,37000.0
ITEM0006684,PUR003787,P0003,2,32000.0,64000.0
ITEM0006685,PUR003788,P0005,2,4500.0,9000.0
ITEM0006686,PUR003788,P0019,2,1250.0,2500.0
ITEM0006687,PUR003789,P0008,5,4200.0,21000.0
ITEM0006688,PUR003789,P0004,2,12500.0,25000.0
ITEM0006689,PUR003790,P0015,2,1200.0,2400.0
ITEM0006690,PUR003790,P0008,2,4200.0,8400.0
ITEM0006691,PUR003791,P0009,4,1900.0,7600.0
ITEM0006692,PUR003792,P0019,5,1250.0,6250.0
ITEM0006693,PUR003792,P0017,1,18500.0,18500.0
ITEM0006694,PUR003792,P0005,2,4500.0,9000.0
ITEM0006695,PUR003793,P0002,1,85000.0,85000.0
ITEM0006696,PUR003793,P0017,1,18500.0,18500.0
ITEM0006697,PUR003794,P0008,1,4200.0,4200.0
ITEM0006698,PUR003795,P0019,4,1250.0,5000.0
ITEM0006699,PUR003796,P0011,2,4500.0,9000.0
ITEM0006700,PUR003796,P0019,1,1250.0,1250.0
ITEM0006701,PUR003796,P0003,2,32000.0,64000.0
ITEM0006702,PUR003797,P0013,1,14500.0,14500.0
ITEM0006703,PUR003798,P0003,3,32000.0,96000.0
ITEM0006704,PUR003799,P0017,2,18500.0,37000.0
ITEM0006705,PUR003799,P0013,1,14500.0,14500.0
ITEM0006706,PUR003800,P0003,3,32000.0,96000.0
ITEM0006707,PUR003800,P0006,4,2800.0,11200.0
ITEM0006708,PUR003801,P0020,3,499.0,1497.0
ITEM0006709,PUR003801,P0011,2,4500.0,9000.0
ITEM0006710,PUR003801,P0009,5,1900.0,9500.0
ITEM0006711,PUR003802,P0004,1,12500.0,12500.0
ITEM0006712,PUR003803,P0017,2,18500.0,37000.0
ITEM0006713,PUR003804,P0020,3,499.0,1497.0
ITEM0006714,PUR003805,P0005,2,4500.0,9000.0
ITEM0006715,PUR003806,P0007,2,1800.0,3600.0
ITEM0006716,PUR003806,P0008,2,4200.0,8400.0
ITEM0006717,PUR003807,P0016,6,450.0,2700.0
ITEM0006718,PUR003807,P0015,2,1200.0,2400.0
ITEM0006719,PUR003807,P0009,1,1900.0,1900.0
ITEM0006720,PUR003808,P0006,3,2800.0,8400.0
ITEM0006721,PUR003808,P0019,4,1250.0,5000.0
ITEM0006722,PUR003809,P0001,1,65000.0,65000.0
ITEM0006723,PUR003809,P0013,1,14500.0,14500.0
ITEM0006724,PUR003810,P0002,1,85000.0,85000.0
ITEM0006725,PUR003810,P0013,1,14500.0,14500.0
ITEM0006726,PUR003810,P0017,2,18500.0,37000.0
ITEM0006727,PUR003811,P0005,4,4500.0,18000.0
ITEM0006728,PUR003812,P0005,3,4500.0,13500.0
ITEM0006729,PUR003813,P0015,4,1200.0,4800.0
ITEM0006730,PUR003813,P0009,5,1900.0,9500.0
ITEM0006731,PUR003814,P0003,2,32000.0,64000.0
ITEM0006732,PUR003814,P0019,5,1250.0,6250.0
ITEM0006733,PUR003814,P0013,1,14500.0,14500.0
ITEM0006734,PUR003815,P0013,2,14500.0,29000.0
ITEM0006735,PUR003815,P0003,1,32000.0,32000.0
ITEM0006736,PUR003816,P0007,5,1800.0,9000.0
ITEM0006737,PUR003816,P0020,3,499.0,1497.0
ITEM0006738,PUR003817,P0003,2,32000.0,64000.0
ITEM0006739,PUR003818,P0008,1,4200.0,4200.0
ITEM0006740,PUR003818,P0015,2,1200.0,2400.0
ITEM0006741,PUR003819,P0013,2,14500.0,29000.0
ITEM0006742,PUR003820,P0017,1,18500.0,18500.0
ITEM0006743,PUR003821,P0003,1,32000.0,32000.0
ITEM0006744,PUR003821,P0013,2,14500.0,29000.0
ITEM0006745,PUR003822,P0003,3,32000.0,96000.0
ITEM0006746,PUR003823,P0016,10,450.0,4500.0
ITEM0006747,PUR003824,P0011,2,4500.0,9000.0
ITEM0006748,PUR003825,P0015,5,1200.0,6000.0
ITEM0006749,PUR003825,P0014,8,650.0,5200.0
ITEM0006750,PUR003825,P0020,5,499.0,2495.0
ITEM0006751,PUR003826,P0017,1,18500.0,18500.0
ITEM0006752,PUR003827,P0004,3,12500.0,37500.0
ITEM0006753,PUR003827,P0018,8,550.0,4400.0
ITEM0006754,PUR003828,P0010,5,2200.0,11000.0
ITEM0006755,PUR003829,P0006,3,2800.0,8400.0
ITEM0006756,PUR003830,P0010,1,2200.0,2200.0
ITEM0006757,PUR003830,P0019,4,1250.0,5000.0
ITEM0006758,PUR003831,P0004,3,12500.0,37500.0
ITEM0006759,PUR003831,P0017,2,18500.0,37000.0
ITEM0006760,PUR003832,P0004,2,12500.0,25000.0
ITEM0006761,PUR003833,P0008,5,4200.0,21000.0
ITEM0006762,PUR003833,P0005,2,4500.0,9000.0
ITEM0006763,PUR003834,P0017,1,18500.0,18500.0
ITEM0006764,PUR003835,P0015,4,1200.0,4800.0
ITEM0006765,PUR003835,P0014,4,650.0,2600.0
ITEM0006766,PUR003835,P0019,5,1250.0,6250.0
ITEM0006767,PUR003835,P0008,3,4200.0,12600.0
ITEM0006768,PUR003836,P0003,3,32000.0,96000.0
ITEM0006769,PUR003837,P0015,5,1200.0,6000.0
ITEM0006770,PUR003838,P0017,2,18500.0,37000.0
ITEM0006771,PUR003838,P0001,2,65000.0,130000.0
ITEM0006772,PUR003839,P0019,2,1250.0,2500.0
ITEM0006773,PUR003840,P0005,1,4500.0,4500.0
ITEM0006774,PUR003840,P0006,2,2800.0,5600.0
ITEM0006775,PUR003840,P0011,1,4500.0,4500.0
ITEM0006776,PUR003841,P0004,1,12500.0,12500.0
ITEM0006777,PUR003841,P0019,3,1250.0,3750.0
ITEM0006778,PUR003842,P0008,2,4200.0,8400.0
ITEM0006779,PUR003843,P0013,1,14500.0,14500.0
ITEM0006780,PUR003843,P0004,1,12500.0,12500.0
ITEM0006781,PUR003844,P0019,3,1250.0,3750.0
ITEM0006782,PUR003845,P0004,3,12500.0,37500.0
ITEM0006783,PUR003846,P0004,1,12500.0,12500.0
ITEM0006784,PUR003847,P0006,1,2800.0,2800.0
ITEM0006785,PUR003847,P0018,5,550.0,2750.0
ITEM0006786,PUR003848,P0017,2,18500.0,37000.0
ITEM0006787,PUR003848,P0001,1,65000.0,65000.0
ITEM0006788,PUR003849,P0017,1,18500.0,18500.0
ITEM0006789,PUR003849,P0006,2,2800.0,5600.0
ITEM0006790,PUR003850,P0004,1,12500.0,12500.0
ITEM0006791,PUR003850,P0017,1,18500.0,18500.0
ITEM0006792,PUR003851,P0003,1,32000.0,32000.0
ITEM0006793,PUR003852,P0020,5,499.0,2495.0
ITEM0006794,PUR003853,P0005,4,4500.0,18000.0
ITEM0006795,PUR003853,P0019,2,1250.0,2500.0
ITEM0006796,PUR003854,P0008,3,4200.0,12600.0
ITEM0006797,PUR003854,P0020,5,499.0,2495.0
ITEM0006798,PUR003855,P0007,2,1800.0,3600.0
ITEM0006799,PUR003856,P0001,1,65000.0,65000.0
ITEM0006800,PUR003856,P0003,2,32000.0,64000.0
ITEM0006801,PUR003857,P0004,3,12500.0,37500.0
ITEM0006802,PUR003857,P0013,1,14500.0,14500.0
ITEM0006803,PUR003857,P0011,3,4500.0,13500.0
ITEM0006804,PUR003857,P0017,2,18500.0,37000.0
ITEM0006805,PUR003858,P0014,4,650.0,2600.0
ITEM0006806,PUR003858,P0019,4,1250.0,5000.0
ITEM0006807,PUR003859,P0003,3,32000.0,96000.0
ITEM0006808,PUR003859,P0005,1,4500.0,4500.0
ITEM0006809,PUR003860,P0004,1,12500.0,12500.0
ITEM0006810,PUR003860,P0006,3,2800.0,8400.0
ITEM0006811,PUR003861,P0011,1,4500.0,4500.0
ITEM0006812,PUR003861,P0006,4,2800.0,11200.0
ITEM0006813,PUR003862,P0001,2,65000.0,130000.0
ITEM0006814,PUR003862,P0002,1,85000.0,85000.0
ITEM0006815,PUR003862,P0003,3,32000.0,96000.0
ITEM0006816,PUR003862,P0017,2,18500.0,37000.0
ITEM0006817,PUR003863,P0008,1,4200.0,4200.0
ITEM0006818,PUR003864,P0008,1,4200.0,4200.0
ITEM0006819,PUR003864,P0013,1,14500.0,14500.0
ITEM0006820,PUR003865,P0019,1,1250.0,1250.0
ITEM0006821,PUR003865,P0003,1,32000.0,32000.0
ITEM0006822,PUR003865,P0005,4,4500.0,18000.0
ITEM0006823,PUR003866,P0019,3,1250.0,3750.0
ITEM0006824,PUR003866,P0012,1,850.0,850.0
ITEM0006825,PUR003866,P0014,5,650.0,3250.0
ITEM0006826,PUR003867,P0005,1,4500.0,4500.0
ITEM0006827,PUR003868,P0018,4,550.0,2200.0
ITEM0006828,PUR003868,P0015,5,1200.0,6000.0
ITEM0006829,PUR003868,P0019,4,1250.0,5000.0
ITEM0006830,PUR003869,P0012,6,850.0,5100.0
ITEM0006831,PUR003869,P0011,2,4500.0,9000.0
ITEM0006832,PUR003870,P0004,1,12500.0,12500.0
ITEM0006833,PUR003871,P0007,1,1800.0,1800.0
ITEM0006834,PUR003871,P0006,1,2800.0,2800.0
ITEM0006835,PUR003872,P0019,5,1250.0,6250.0
ITEM0006836,PUR003873,P0005,1,4500.0,4500.0
ITEM0006837,PUR003874,P0013,2,14500.0,29000.0
ITEM0006838,PUR003875,P0005,1,4500.0,4500.0
ITEM0006839,PUR003875,P0013,2,14500.0,29000.0
ITEM0006840,PUR003876,P0016,4,450.0,1800.0
ITEM0006841,PUR003877,P0011,3,4500.0,13500.0
ITEM0006842,PUR003878,P0017,1,18500.0,18500.0
ITEM0006843,PUR003878,P0003,1,32000.0,32000.0
ITEM0006844,PUR003879,P0017,2,18500.0,37000.0
ITEM0006845,PUR003880,P0002,1,85000.0,85000.0
ITEM0006846,PUR003880,P0003,1,32000.0,32000.0
ITEM0006847,PUR003881,P0017,1,18500.0,18500.0
ITEM0006848,PUR003882,P0018,3,550.0,1650.0
ITEM0006849,PUR003883,P0005,1,4500.0,4500.0
ITEM0006850,PUR003883,P0014,7,650.0,4550.0
ITEM0006851,PUR003884,P0011,1,4500.0,4500.0
ITEM0006852,PUR003885,P0017,2,18500.0,37000.0
ITEM0006853,PUR003885,P0003,2,32000.0,64000.0
ITEM0006854,PUR003885,P0002,1,85000.0,85000.0
ITEM0006855,PUR003886,P0006,3,2800.0,8400.0
ITEM0006856,PUR003887,P0005,1,4500.0,4500.0
ITEM0006857,PUR003887,P0006,1,2800.0,2800.0
ITEM0006858,PUR003887,P0007,4,1800.0,7200.0
ITEM0006859,PUR003888,P0010,4,2200.0,8800.0
ITEM0006860,PUR003889,P0003,3,32000.0,96000.0
ITEM0006861,PUR003889,P0001,2,65000.0,130000.0
ITEM0006862,PUR003889,P0013,1,14500.0,14500.0
ITEM0006863,PUR003890,P0003,2,32000.0,64000.0
ITEM0006864,PUR003891,P0006,1,2800.0,2800.0
ITEM0006865,PUR003891,P0019,5,1250.0,6250.0
ITEM0006866,PUR003891,P0008,5,4200.0,21000.0
ITEM0006867,PUR003892,P0011,2,4500.0,9000.0
ITEM0006868,PUR003892,P0003,2,32000.0,64000.0
ITEM0006869,PUR003892,P0017,2,18500.0,37000.0
ITEM0006870,PUR003892,P0005,4,4500.0,18000.0
ITEM0006871,PUR003893,P0011,3,4500.0,13500.0
ITEM0006872,PUR003893,P0008,1,4200.0,4200.0
ITEM0006873,PUR003893,P0017,1,18500.0,18500.0
ITEM0006874,PUR003894,P0004,3,12500.0,37500.0
ITEM0006875,PUR003894,P0007,2,1800.0,3600.0
ITEM0006876,PUR003895,P0011,2,4500.0,9000.0
ITEM0006877,PUR003896,P0015,2,1200.0,2400.0
ITEM0006878,PUR003897,P0011,1,4500.0,4500.0
ITEM0006879,PUR003898,P0005,3,4500.0,13500.0
ITEM0006880,PUR003899,P0011,1,4500.0,4500.0
ITEM0006881,PUR003899,P0005,2,4500.0,9000.0
ITEM0006882,PUR003900,P0020,5,499.0,2495.0
ITEM0006883,PUR003901,P0003,1,32000.0,32000.0
ITEM0006884,PUR003902,P0006,1,2800.0,2800.0
ITEM0006885,PUR003903,P0004,2,12500.0,25000.0
ITEM0006886,PUR003903,P0014,4,650.0,2600.0
ITEM0006887,PUR003903,P0019,5,1250.0,6250.0
ITEM0006888,PUR003904,P0019,2,1250.0,2500.0
ITEM0006889,PUR003904,P0016,9,450.0,4050.0
ITEM0006890,PUR003904,P0012,6,850.0,5100.0
ITEM0006891,PUR003905,P0015,2,1200.0,2400.0
ITEM0006892,PUR003905,P0007,2,1800.0,3600.0
ITEM0006893,PUR003906,P0016,4,450.0,1800.0
ITEM0006894,PUR003906,P0006,3,2800.0,8400.0
ITEM0006895,PUR003906,P0018,7,550.0,3850.0
ITEM0006896,PUR003907,P0019,2,1250.0,2500.0
ITEM0006897,PUR003908,P0013,2,14500.0,29000.0
ITEM0006898,PUR003909,P0019,4,1250.0,5000.0
ITEM0006899,PUR003909,P0020,2,499.0,998.0
ITEM0006900,PUR003909,P0007,4,1800.0,7200.0
ITEM0006901,PUR003910,P0017,1,18500.0,18500.0
ITEM0006902,PUR003911,P0007,3,1800.0,5400.0
ITEM0006903,PUR003911,P0009,4,1900.0,7600.0
ITEM0006904,PUR003912,P0011,1,4500.0,4500.0
ITEM0006905,PUR003913,P0014,4,650.0,2600.0
ITEM0006906,PUR003913,P0006,1,2800.0,2800.0
ITEM0006907,PUR003914,P0011,2,4500.0,9000.0
ITEM0006908,PUR003914,P0017,2,18500.0,37000.0
ITEM0006909,PUR003914,P0013,1,14500.0,14500.0
ITEM0006910,PUR003914,P0019,4,1250.0,5000.0
ITEM0006911,PUR003915,P0014,8,650.0,5200.0
ITEM0006912,PUR003915,P0015,2,1200.0,2400.0
ITEM0006913,PUR003916,P0013,1,14500.0,14500.0
ITEM0006914,PUR003916,P0008,5,4200.0,21000.0
ITEM0006915,PUR003917,P0016,8,450.0,3600.0
ITEM0006916,PUR003917,P0010,2,2200.0,4400.0
ITEM0006917,PUR003918,P0014,5,650.0,3250.0
ITEM0006918,PUR003919,P0017,1,18500.0,18500.0
ITEM0006919,PUR003919,P0004,1,12500.0,12500.0
ITEM0006920,PUR003919,P0005,4,4500.0,18000.0
ITEM0006921,PUR003920,P0005,3,4500.0,13500.0
ITEM0006922,PUR003920,P0018,1,550.0,550.0
ITEM0006923,PUR003921,P0015,1,1200.0,1200.0
ITEM0006924,PUR003922,P0008,2,4200.0,8400.0
ITEM0006925,PUR003923,P0004,3,12500.0,37500.0
ITEM0006926,PUR003924,P0019,3,1250.0,3750.0
ITEM0006927,PUR003924,P0017,2,18500.0,37000.0
ITEM0006928,PUR003924,P0013,1,14500.0,14500.0
ITEM0006929,PUR003925,P0020,4,499.0,1996.0
ITEM0006930,PUR003926,P0001,2,65000.0,130000.0
ITEM0006931,PUR003927,P0013,2,14500.0,29000.0
ITEM0006932,PUR003928,P0020,4,499.0,1996.0
ITEM0006933,PUR003929,P0012,4,850.0,3400.0
ITEM0006934,PUR003930,P0017,2,18500.0,37000.0
ITEM0006935,PUR003931,P0006,1,2800.0,2800.0
ITEM0006936,PUR003932,P0013,2,14500.0,29000.0
ITEM0006937,PUR003933,P0004,1,12500.0,12500.0
ITEM0006938,PUR003934,P0005,4,4500.0,18000.0
ITEM0006939,PUR003934,P0018,8,550.0,4400.0
ITEM0006940,PUR003935,P0014,6,650.0,3900.0
ITEM0006941,PUR003936,P0012,2,850.0,1700.0
ITEM0006942,PUR003937,P0014,3,650.0,1950.0
ITEM0006943,PUR003938,P0012,5,850.0,4250.0
ITEM0006944,PUR003939,P0011,1,4500.0,4500.0
ITEM0006945,PUR003939,P0003,1,32000.0,32000.0
ITEM0006946,PUR003940,P0011,1,4500.0,4500.0
ITEM0006947,PUR003941,P0007,4,1800.0,7200.0
ITEM0006948,PUR003942,P0013,2,14500.0,29000.0
ITEM0006949,PUR003942,P0001,2,65000.0,130000.0
ITEM0006950,PUR003942,P0002,2,85000.0,170000.0
ITEM0006951,PUR003943,P0017,2,18500.0,37000.0
ITEM0006952,PUR003943,P0008,3,4200.0,12600.0
ITEM0006953,PUR003944,P0020,1,499.0,499.0
ITEM0006954,PUR003944,P0009,3,1900.0,5700.0
ITEM0006955,PUR003945,P0007,5,1800.0,9000.0
ITEM0006956,PUR003946,P0002,1,85000.0,85000.0
ITEM0006957,PUR003947,P0019,1,1250.0,1250.0
ITEM0006958,PUR003947,P0018,1,550.0,550.0
ITEM0006959,PUR003948,P0014,2,650.0,1300.0
ITEM0006960,PUR003948,P0015,3,1200.0,3600.0
ITEM0006961,PUR003949,P0010,5,2200.0,11000.0
ITEM0006962,PUR003949,P0012,1,850.0,850.0
ITEM0006963,PUR003949,P0006,2,2800.0,5600.0
ITEM0006964,PUR003950,P0019,5,1250.0,6250.0
ITEM0006965,PUR003951,P0004,1,12500.0,12500.0
ITEM0006966,PUR003951,P0006,3,2800.0,8400.0
ITEM0006967,PUR003951,P0017,1,18500.0,18500.0
ITEM0006968,PUR003951,P0013,1,14500.0,14500.0
ITEM0006969,PUR003952,P0011,1,4500.0,4500.0
ITEM0006970,PUR003953,P0009,5,1900.0,9500.0
ITEM0006971,PUR003953,P0005,2,4500.0,9000.0
ITEM0006972,PUR003954,P0003,1,32000.0,32000.0
ITEM0006973,PUR003955,P0009,5,1900.0,9500.0
ITEM0006974,PUR003955,P0005,2,4500.0,9000.0
ITEM0006975,PUR003956,P0001,2,65000.0,130000.0
ITEM0006976,PUR003956,P0003,1,32000.0,32000.0
ITEM0006977,PUR003957,P0013,2,14500.0,29000.0
ITEM0006978,PUR003958,P0011,2,4500.0,9000.0
ITEM0006979,PUR003958,P0003,2,32000.0,64000.0
ITEM0006980,PUR003959,P0009,3,1900.0,5700.0
ITEM0006981,PUR003959,P0006,4,2800.0,11200.0
ITEM0006982,PUR003959,P0020,4,499.0,1996.0
ITEM0006983,PUR003960,P0005,2,4500.0,9000.0
ITEM0006984,PUR003960,P0011,1,4500.0,4500.0
ITEM0006985,PUR003961,P0017,1,18500.0,18500.0
ITEM0006986,PUR003962,P0005,4,4500.0,18000.0
ITEM0006987,PUR003963,P0004,2,12500.0,25000.0
ITEM0006988,PUR003963,P0017,2,18500.0,37000.0
ITEM0006989,PUR003963,P0019,5,1250.0,6250.0
ITEM0006990,PUR003964,P0009,1,1900.0,1900.0
ITEM0006991,PUR003965,P0008,3,4200.0,12600.0
ITEM0006992,PUR003966,P0004,3,12500.0,37500.0
ITEM0006993,PUR003966,P0003,2,32000.0,64000.0
ITEM0006994,PUR003967,P0001,1,65000.0,65000.0
ITEM0006995,PUR003967,P0017,2,18500.0,37000.0
ITEM0006996,PUR003968,P0019,4,1250.0,5000.0
ITEM0006997,PUR003968,P0011,2,4500.0,9000.0
ITEM0006998,PUR003968,P0008,3,4200.0,12600.0
ITEM0006999,PUR003968,P0005,4,4500.0,18000.0
ITEM0007000,PUR003969,P0007,3,1800.0,5400.0
ITEM0007001,PUR003970,P0006,1,2800.0,2800.0
ITEM0007002,PUR003971,P0020,3,499.0,1497.0
ITEM0007003,PUR003971,P0012,4,850.0,3400.0
ITEM0007004,PUR003971,P0015,1,1200.0,1200.0
ITEM0007005,PUR003971,P0010,4,2200.0,8800.0
ITEM0007006,PUR003972,P0017,1,18500.0,18500.0
ITEM0007007,PUR003972,P0005,2,4500.0,9000.0
ITEM0007008,PUR003973,P0013,1,14500.0,14500.0
ITEM0007009,PUR003973,P0019,1,1250.0,1250.0
ITEM0007010,PUR003974,P0011,1,4500.0,4500.0
ITEM0007011,PUR003975,P0017,1,18500.0,18500.0
ITEM0007012,PUR003976,P0002,2,85000.0,170000.0
ITEM0007013,PUR003976,P0001,1,65000.0,65000.0
ITEM0007014,PUR003977,P0004,3,12500.0,37500.0
ITEM0007015,PUR003977,P0019,3,1250.0,3750.0
ITEM0007016,PUR003977,P0005,3,4500.0,13500.0
ITEM0007017,PUR003978,P0004,2,12500.0,25000.0
ITEM0007018,PUR003978,P0018,6,550.0,3300.0
ITEM0007019,PUR003978,P0015,1,1200.0,1200.0
ITEM0007020,PUR003979,P0013,2,14500.0,29000.0
ITEM0007021,PUR003979,P0005,3,4500.0,13500.0
ITEM0007022,PUR003979,P0019,2,1250.0,2500.0
ITEM0007023,PUR003980,P0006,2,2800.0,5600.0
ITEM0007024,PUR003980,P0004,3,12500.0,37500.0
ITEM0007025,PUR003981,P0017,1,18500.0,18500.0
ITEM0007026,PUR003981,P0013,1,14500.0,14500.0
ITEM0007027,PUR003982,P0016,8,450.0,3600.0
ITEM0007028,PUR003983,P0010,5,2200.0,11000.0
ITEM0007029,PUR003984,P0017,2,18500.0,37000.0
ITEM0007030,PUR003984,P0013,2,14500.0,29000.0
ITEM0007031,PUR003985,P0003,1,32000.0,32000.0
ITEM0007032,PUR003986,P0008,1,4200.0,4200.0
ITEM0007033,PUR003986,P0005,1,4500.0,4500.0
ITEM0007034,PUR003986,P0013,1,14500.0,14500.0
ITEM0007035,PUR003987,P0013,1,14500.0,14500.0
ITEM0007036,PUR003987,P0003,2,32000.0,64000.0
ITEM0007037,PUR003988,P0007,4,1800.0,7200.0
ITEM0007038,PUR003988,P0008,5,4200.0,21000.0
ITEM0007039,PUR003989,P0017,2,18500.0,37000.0
ITEM0007040,PUR003990,P0006,4,2800.0,11200.0
ITEM0007041,PUR003990,P0010,5,2200.0,11000.0
ITEM0007042,PUR003990,P0016,1,450.0,450.0
ITEM0007043,PUR003991,P0001,1,65000.0,65000.0
ITEM0007044,PUR003992,P0003,3,32000.0,96000.0
ITEM0007045,PUR003992,P0013,2,14500.0,29000.0
ITEM0007046,PUR003993,P0018,5,550.0,2750.0
ITEM0007047,PUR003994,P0019,5,1250.0,6250.0
ITEM0007048,PUR003994,P0005,4,4500.0,18000.0
ITEM0007049,PUR003994,P0011,2,4500.0,9000.0
ITEM0007050,PUR003995,P0002,2,85000.0,170000.0
ITEM0007051,PUR003996,P0018,3,550.0,1650.0
ITEM0007052,PUR003997,P0017,1,18500.0,18500.0
ITEM0007053,PUR003998,P0017,1,18500.0,18500.0
ITEM0007054,PUR003999,P0017,2,18500.0,37000.0
ITEM0007055,PUR004000,P0011,3,4500.0,13500.0
ITEM0007056,PUR004001,P0002,2,85000.0,170000.0
ITEM0007057,PUR004001,P0001,1,65000.0,65000.0
ITEM0007058,PUR004001,P0013,2,14500.0,29000.0
ITEM0007059,PUR004002,P0019,5,1250.0,6250.0
ITEM0007060,PUR004003,P0013,2,14500.0,29000.0
ITEM0007061,PUR004003,P0001,2,65000.0,130000.0
ITEM0007062,PUR004004,P0003,3,32000.0,96000.0
ITEM0007063,PUR004004,P0019,2,1250.0,2500.0
ITEM0007064,PUR004005,P0013,2,14500.0,29000.0
ITEM0007065,PUR004005,P0001,2,65000.0,130000.0
ITEM0007066,PUR004006,P0004,3,12500.0,37500.0
ITEM0007067,PUR004006,P0011,2,4500.0,9000.0
ITEM0007068,PUR004007,P0007,2,1800.0,3600.0
ITEM0007069,PUR004008,P0008,3,4200.0,12600.0
ITEM0007070,PUR004008,P0003,2,32000.0,64000.0
ITEM0007071,PUR004009,P0005,2,4500.0,9000.0
ITEM0007072,PUR004010,P0002,1,85000.0,85000.0
ITEM0007073,PUR004011,P0019,2,1250.0,2500.0
ITEM0007074,PUR004011,P0004,3,12500.0,37500.0
ITEM0007075,PUR004012,P0006,1,2800.0,2800.0
ITEM0007076,PUR004012,P0019,3,1250.0,3750.0
ITEM0007077,PUR004012,P0005,2,4500.0,9000.0
ITEM0007078,PUR004012,P0013,2,14500.0,29000.0
ITEM0007079,PUR004013,P0003,1,32000.0,32000.0
ITEM0007080,PUR004014,P0011,2,4500.0,9000.0
ITEM0007081,PUR004014,P0017,2,18500.0,37000.0
ITEM0007082,PUR004014,P0003,3,32000.0,96000.0
ITEM0007083,PUR004015,P0003,2,32000.0,64000.0
ITEM0007084,PUR004015,P0002,1,85000.0,85000.0
ITEM0007085,PUR004015,P0017,2,18500.0,37000.0
ITEM0007086,PUR004016,P0011,2,4500.0,9000.0
ITEM0007087,PUR004017,P0017,2,18500.0,37000.0
ITEM0007088,PUR004018,P0002,1,85000.0,85000.0
ITEM0007089,PUR004018,P0003,1,32000.0,32000.0
ITEM0007090,PUR004018,P0013,1,14500.0,14500.0
ITEM0007091,PUR004019,P0004,1,12500.0,12500.0
ITEM0007092,PUR004019,P0006,3,2800.0,8400.0
ITEM0007093,PUR004019,P0005,3,4500.0,13500.0
ITEM0007094,PUR004020,P0015,3,1200.0,3600.0
ITEM0007095,PUR004020,P0007,4,1800.0,7200.0
ITEM0007096,PUR004020,P0008,3,4200.0,12600.0
ITEM0007097,PUR004020,P0016,2,450.0,900.0
ITEM0007098,PUR004021,P0009,2,1900.0,3800.0
ITEM0007099,PUR004022,P0013,2,14500.0,29000.0
ITEM0007100,PUR004023,P0011,2,4500.0,9000.0
ITEM0007101,PUR004023,P0019,4,1250.0,5000.0
ITEM0007102,PUR004023,P0016,4,450.0,1800.0
ITEM0007103,PUR004024,P0005,4,4500.0,18000.0
ITEM0007104,PUR004024,P0015,5,1200.0,6000.0
ITEM0007105,PUR004024,P0016,9,450.0,4050.0
ITEM0007106,PUR004025,P0016,5,450.0,2250.0
ITEM0007107,PUR004025,P0008,5,4200.0,21000.0
ITEM0007108,PUR004026,P0019,1,1250.0,1250.0
ITEM0007109,PUR004027,P0013,1,14500.0,14500.0
ITEM0007110,PUR004027,P0006,2,2800.0,5600.0
ITEM0007111,PUR004028,P0004,1,12500.0,12500.0
ITEM0007112,PUR004029,P0006,2,2800.0,5600.0
ITEM0007113,PUR004029,P0005,2,4500.0,9000.0
ITEM0007114,PUR004029,P0011,3,4500.0,13500.0
ITEM0007115,PUR004030,P0014,8,650.0,5200.0
ITEM0007116,PUR004031,P0005,1,4500.0,4500.0
ITEM0007117,PUR004031,P0004,2,12500.0,25000.0
ITEM0007118,PUR004031,P0003,3,32000.0,96000.0
ITEM0007119,PUR004032,P0015,5,1200.0,6000.0
ITEM0007120,PUR004032,P0012,4,850.0,3400.0
ITEM0007121,PUR004032,P0010,1,2200.0,2200.0
ITEM0007122,PUR004033,P0020,4,499.0,1996.0
ITEM0007123,PUR004033,P0016,9,450.0,4050.0
ITEM0007124,PUR004034,P0013,1,14500.0,14500.0
ITEM0007125,PUR004034,P0004,1,12500.0,12500.0
ITEM0007126,PUR004035,P0012,6,850.0,5100.0
ITEM0007127,PUR004035,P0020,2,499.0,998.0
ITEM0007128,PUR004036,P0018,6,550.0,3300.0
ITEM0007129,PUR004037,P0019,1,1250.0,1250.0
ITEM0007130,PUR004037,P0006,1,2800.0,2800.0
ITEM0007131,PUR004038,P0008,3,4200.0,12600.0
ITEM0007132,PUR004038,P0005,3,4500.0,13500.0
ITEM0007133,PUR004039,P0005,4,4500.0,18000.0
ITEM0007134,PUR004039,P0019,2,1250.0,2500.0
ITEM0007135,PUR004040,P0008,2,4200.0,8400.0
ITEM0007136,PUR004041,P0013,1,14500.0,14500.0
ITEM0007137,PUR004041,P0003,1,32000.0,32000.0
ITEM0007138,PUR004042,P0008,2,4200.0,8400.0
ITEM0007139,PUR004042,P0017,1,18500.0,18500.0
ITEM0007140,PUR004042,P0013,1,14500.0,14500.0
ITEM0007141,PUR004043,P0020,4,499.0,1996.0
ITEM0007142,PUR004043,P0007,1,1800.0,1800.0
ITEM0007143,PUR004044,P0020,1,499.0,499.0
ITEM0007144,PUR004045,P0019,4,1250.0,5000.0
ITEM0007145,PUR004045,P0008,3,4200.0,12600.0
ITEM0007146,PUR004045,P0018,5,550.0,2750.0
ITEM0007147,PUR004046,P0004,1,12500.0,12500.0
ITEM0007148,PUR004047,P0005,4,4500.0,18000.0
ITEM0007149,PUR004047,P0003,3,32000.0,96000.0
ITEM0007150,PUR004048,P0017,1,18500.0,18500.0
ITEM0007151,PUR004048,P0005,2,4500.0,9000.0
ITEM0007152,PUR004049,P0013,1,14500.0,14500.0
ITEM0007153,PUR004050,P0005,1,4500.0,4500.0
ITEM0007154,PUR004050,P0011,1,4500.0,4500.0
ITEM0007155,PUR004051,P0012,3,850.0,2550.0
ITEM0007156,PUR004051,P0014,3,650.0,1950.0
ITEM0007157,PUR004051,P0019,2,1250.0,2500.0
ITEM0007158,PUR004051,P0006,3,2800.0,8400.0
ITEM0007159,PUR004052,P0019,5,1250.0,6250.0
ITEM0007160,PUR004052,P0018,4,550.0,2200.0
ITEM0007161,PUR004053,P0009,5,1900.0,9500.0
ITEM0007162,PUR004053,P0015,1,1200.0,1200.0
ITEM0007163,PUR004054,P0018,7,550.0,3850.0
ITEM0007164,PUR004054,P0007,1,1800.0,1800.0
ITEM0007165,PUR004055,P0005,3,4500.0,13500.0
ITEM0007166,PUR004055,P0013,2,14500.0,29000.0
ITEM0007167,PUR004056,P0008,4,4200.0,16800.0
ITEM0007168,PUR004056,P0012,6,850.0,5100.0
ITEM0007169,PUR004056,P0016,8,450.0,3600.0
ITEM0007170,PUR004056,P0007,2,1800.0,3600.0
ITEM0007171,PUR004057,P0011,2,4500.0,9000.0
ITEM0007172,PUR004057,P0006,3,2800.0,8400.0
ITEM0007173,PUR004058,P0006,4,2800.0,11200.0
ITEM0007174,PUR004059,P0003,1,32000.0,32000.0
ITEM0007175,PUR004060,P0013,1,14500.0,14500.0
ITEM0007176,PUR004060,P0002,1,85000.0,85000.0
ITEM0007177,PUR004061,P0003,3,32000.0,96000.0
ITEM0007178,PUR004062,P0004,3,12500.0,37500.0
ITEM0007179,PUR004063,P0017,1,18500.0,18500.0
ITEM0007180,PUR004063,P0003,3,32000.0,96000.0
ITEM0007181,PUR004063,P0002,2,85000.0,170000.0
ITEM0007182,PUR004064,P0009,5,1900.0,9500.0
ITEM0007183,PUR004064,P0010,3,2200.0,6600.0
ITEM0007184,PUR004065,P0020,4,499.0,1996.0
ITEM0007185,PUR004065,P0015,4,1200.0,4800.0
ITEM0007186,PUR004065,P0008,1,4200.0,4200.0
ITEM0007187,PUR004066,P0008,3,4200.0,12600.0
ITEM0007188,PUR004066,P0011,2,4500.0,9000.0
ITEM0007189,PUR004066,P0003,2,32000.0,64000.0
ITEM0007190,PUR004067,P0004,1,12500.0,12500.0
ITEM0007191,PUR004067,P0011,1,4500.0,4500.0
ITEM0007192,PUR004068,P0011,3,4500.0,13500.0
ITEM0007193,PUR004069,P0014,1,650.0,650.0
ITEM0007194,PUR004070,P0002,1,85000.0,85000.0
ITEM0007195,PUR004070,P0001,1,65000.0,65000.0
ITEM0007196,PUR004070,P0013,1,14500.0,14500.0
ITEM0007197,PUR004071,P0003,3,32000.0,96000.0
ITEM0007198,PUR004072,P0020,4,499.0,1996.0
ITEM0007199,PUR004072,P0008,1,4200.0,4200.0
ITEM0007200,PUR004072,P0019,1,1250.0,1250.0
ITEM0007201,PUR004073,P0003,3,32000.0,96000.0
ITEM0007202,PUR004074,P0015,2,1200.0,2400.0
ITEM0007203,PUR004074,P0006,2,2800.0,5600.0
ITEM0007204,PUR004074,P0016,8,450.0,3600.0
ITEM0007205,PUR004075,P0006,3,2800.0,8400.0
ITEM0007206,PUR004076,P0008,1,4200.0,4200.0
ITEM0007207,PUR004077,P0019,2,1250.0,2500.0
ITEM0007208,PUR004077,P0013,1,14500.0,14500.0
ITEM0007209,PUR004078,P0011,2,4500.0,9000.0
ITEM0007210,PUR004078,P0004,3,12500.0,37500.0
ITEM0007211,PUR004078,P0008,3,4200.0,12600.0
ITEM0007212,PUR004078,P0005,4,4500.0,18000.0
ITEM0007213,PUR004079,P0005,3,4500.0,13500.0
ITEM0007214,PUR004079,P0017,1,18500.0,18500.0
ITEM0007215,PUR004080,P0001,2,65000.0,130000.0
ITEM0007216,PUR004080,P0002,1,85000.0,85000.0
ITEM0007217,PUR004080,P0017,1,18500.0,18500.0
ITEM0007218,PUR004080,P0013,2,14500.0,29000.0
ITEM0007219,PUR004081,P0004,3,12500.0,37500.0
ITEM0007220,PUR004082,P0019,4,1250.0,5000.0
ITEM0007221,PUR004083,P0013,2,14500.0,29000.0
ITEM0007222,PUR004084,P0012,6,850.0,5100.0
ITEM0007223,PUR004085,P0004,2,12500.0,25000.0
ITEM0007224,PUR004086,P0009,1,1900.0,1900.0
ITEM0007225,PUR004086,P0018,6,550.0,3300.0
ITEM0007226,PUR004086,P0010,1,2200.0,2200.0
ITEM0007227,PUR004087,P0011,1,4500.0,4500.0
ITEM0007228,PUR004087,P0009,1,1900.0,1900.0
ITEM0007229,PUR004088,P0012,5,850.0,4250.0
ITEM0007230,PUR004088,P0011,2,4500.0,9000.0
ITEM0007231,PUR004089,P0008,3,4200.0,12600.0
ITEM0007232,PUR004089,P0004,2,12500.0,25000.0
ITEM0007233,PUR004090,P0006,2,2800.0,5600.0
ITEM0007234,PUR004090,P0008,1,4200.0,4200.0
ITEM0007235,PUR004091,P0008,5,4200.0,21000.0
ITEM0007236,PUR004091,P0005,3,4500.0,13500.0
ITEM0007237,PUR004091,P0013,1,14500.0,14500.0
ITEM0007238,PUR004091,P0017,2,18500.0,37000.0
ITEM0007239,PUR004092,P0003,1,32000.0,32000.0
ITEM0007240,PUR004092,P0006,4,2800.0,11200.0
ITEM0007241,PUR004092,P0019,4,1250.0,5000.0
ITEM0007242,PUR004093,P0019,2,1250.0,2500.0
ITEM0007243,PUR004093,P0006,4,2800.0,11200.0
ITEM0007244,PUR004094,P0018,2,550.0,1100.0
ITEM0007245,PUR004094,P0016,9,450.0,4050.0
ITEM0007246,PUR004095,P0013,1,14500.0,14500.0
ITEM0007247,PUR004096,P0004,3,12500.0,37500.0
ITEM0007248,PUR004096,P0008,3,4200.0,12600.0
ITEM0007249,PUR004097,P0004,2,12500.0,25000.0
ITEM0007250,PUR004098,P0005,1,4500.0,4500.0
ITEM0007251,PUR004099,P0016,4,450.0,1800.0
ITEM0007252,PUR004100,P0017,1,18500.0,18500.0
ITEM0007253,PUR004101,P0002,1,85000.0,85000.0
ITEM0007254,PUR004102,P0018,3,550.0,1650.0
ITEM0007255,PUR004102,P0006,3,2800.0,8400.0
ITEM0007256,PUR004103,P0004,1,12500.0,12500.0
ITEM0007257,PUR004103,P0008,3,4200.0,12600.0
ITEM0007258,PUR004104,P0004,2,12500.0,25000.0
ITEM0007259,PUR004105,P0006,3,2800.0,8400.0
ITEM0007260,PUR004106,P0017,2,18500.0,37000.0
ITEM0007261,PUR004107,P0005,2,4500.0,9000.0
ITEM0007262,PUR004108,P0003,3,32000.0,96000.0
ITEM0007263,PUR004109,P0011,2,4500.0,9000.0
ITEM0007264,PUR004109,P0013,1,14500.0,14500.0
ITEM0007265,PUR004109,P0006,1,2800.0,2800.0
ITEM0007266,PUR004109,P0017,2,18500.0,37000.0
ITEM0007267,PUR004110,P0012,4,850.0,3400.0
ITEM0007268,PUR004111,P0004,1,12500.0,12500.0
ITEM0007269,PUR004111,P0011,1,4500.0,4500.0
ITEM0007270,PUR004112,P0003,3,32000.0,96000.0
ITEM0007271,PUR004112,P0017,2,18500.0,37000.0
ITEM0007272,PUR004112,P0008,3,4200.0,12600.0
ITEM0007273,PUR004112,P0011,1,4500.0,4500.0
ITEM0007274,PUR004113,P0015,1,1200.0,1200.0
ITEM0007275,PUR004114,P0011,3,4500.0,13500.0
ITEM0007276,PUR004114,P0005,2,4500.0,9000.0
ITEM0007277,PUR004114,P0019,2,1250.0,2500.0
ITEM0007278,PUR004115,P0017,2,18500.0,37000.0
ITEM0007279,PUR004116,P0004,3,12500.0,37500.0
ITEM0007280,PUR004117,P0011,2,4500.0,9000.0
ITEM0007281,PUR004118,P0010,2,2200.0,4400.0
ITEM0007282,PUR004119,P0013,2,14500.0,29000.0
ITEM0007283,PUR004120,P0002,2,85000.0,170000.0
ITEM0007284,PUR004121,P0005,1,4500.0,4500.0
ITEM0007285,PUR004122,P0011,2,4500.0,9000.0
ITEM0007286,PUR004122,P0010,1,2200.0,2200.0
ITEM0007287,PUR004123,P0010,1,2200.0,2200.0
ITEM0007288,PUR004124,P0003,2,32000.0,64000.0
ITEM0007289,PUR004125,P0018,1,550.0,550.0
ITEM0007290,PUR004125,P0008,1,4200.0,4200.0
ITEM0007291,PUR004126,P0015,1,1200.0,1200.0
ITEM0007292,PUR004126,P0004,3,12500.0,37500.0
ITEM0007293,PUR004126,P0019,2,1250.0,2500.0
ITEM0007294,PUR004127,P0020,1,499.0,499.0
ITEM0007295,PUR004128,P0014,4,650.0,2600.0
ITEM0007296,PUR004128,P0018,3,550.0,1650.0
ITEM0007297,PUR004128,P0005,2,4500.0,9000.0
ITEM0007298,PUR004129,P0011,1,4500.0,4500.0
ITEM0007299,PUR004130,P0002,1,85000.0,85000.0
ITEM0007300,PUR004131,P0019,2,1250.0,2500.0
ITEM0007301,PUR004132,P0003,2,32000.0,64000.0
ITEM0007302,PUR004132,P0017,2,18500.0,37000.0
ITEM0007303,PUR004133,P0002,1,85000.0,85000.0
ITEM0007304,PUR004133,P0001,1,65000.0,65000.0
ITEM0007305,PUR004134,P0015,4,1200.0,4800.0
ITEM0007306,PUR004135,P0017,2,18500.0,37000.0
ITEM0007307,PUR004136,P0001,2,65000.0,130000.0
ITEM0007308,PUR004136,P0017,1,18500.0,18500.0
ITEM0007309,PUR004137,P0003,2,32000.0,64000.0
ITEM0007310,PUR004138,P0004,3,12500.0,37500.0
ITEM0007311,PUR004139,P0008,3,4200.0,12600.0
ITEM0007312,PUR004140,P0004,2,12500.0,25000.0
ITEM0007313,PUR004141,P0019,1,1250.0,1250.0
ITEM0007314,PUR004141,P0008,2,4200.0,8400.0
ITEM0007315,PUR004142,P0007,4,1800.0,7200.0
ITEM0007316,PUR004142,P0004,2,12500.0,25000.0
ITEM0007317,PUR004143,P0009,3,1900.0,5700.0
ITEM0007318,PUR004144,P0012,1,850.0,850.0
ITEM0007319,PUR004144,P0007,2,1800.0,3600.0
ITEM0007320,PUR004144,P0010,1,2200.0,2200.0
ITEM0007321,PUR004144,P0005,4,4500.0,18000.0
ITEM0007322,PUR004145,P0019,2,1250.0,2500.0
ITEM0007323,PUR004145,P0008,5,4200.0,21000.0
ITEM0007324,PUR004146,P0006,2,2800.0,5600.0
ITEM0007325,PUR004146,P0019,3,1250.0,3750.0
ITEM0007326,PUR004147,P0004,2,12500.0,25000.0
ITEM0007327,PUR004148,P0012,5,850.0,4250.0
ITEM0007328,PUR004149,P0003,2,32000.0,64000.0
ITEM0007329,PUR004150,P0005,2,4500.0,9000.0
ITEM0007330,PUR004151,P0009,2,1900.0,3800.0
ITEM0007331,PUR004151,P0016,4,450.0,1800.0
ITEM0007332,PUR004152,P0005,4,4500.0,18000.0
ITEM0007333,PUR004153,P0009,2,1900.0,3800.0
ITEM0007334,PUR004153,P0020,3,499.0,1497.0
ITEM0007335,PUR004153,P0016,9,450.0,4050.0
ITEM0007336,PUR004154,P0011,2,4500.0,9000.0
ITEM0007337,PUR004154,P0020,2,499.0,998.0
ITEM0007338,PUR004154,P0006,4,2800.0,11200.0
ITEM0007339,PUR004155,P0019,1,1250.0,1250.0
ITEM0007340,PUR004155,P0004,3,12500.0,37500.0
ITEM0007341,PUR004155,P0008,5,4200.0,21000.0
ITEM0007342,PUR004156,P0012,4,850.0,3400.0
ITEM0007343,PUR004156,P0007,1,1800.0,1800.0
ITEM0007344,PUR004157,P0013,2,14500.0,29000.0
ITEM0007345,PUR004158,P0008,5,4200.0,21000.0
ITEM0007346,PUR004159,P0003,1,32000.0,32000.0
ITEM0007347,PUR004159,P0006,1,2800.0,2800.0
ITEM0007348,PUR004159,P0013,1,14500.0,14500.0
ITEM0007349,PUR004159,P0008,3,4200.0,12600.0
ITEM0007350,PUR004160,P0005,1,4500.0,4500.0
ITEM0007351,PUR004160,P0011,2,4500.0,9000.0
ITEM0007352,PUR004160,P0013,1,14500.0,14500.0
ITEM0007353,PUR004160,P0017,2,18500.0,37000.0
ITEM0007354,PUR004161,P0004,1,12500.0,12500.0
ITEM0007355,PUR004161,P0019,1,1250.0,1250.0
ITEM0007356,PUR004161,P0012,5,850.0,4250.0
ITEM0007357,PUR004161,P0015,1,1200.0,1200.0
ITEM0007358,PUR004162,P0019,4,1250.0,5000.0
ITEM0007359,PUR004162,P0020,3,499.0,1497.0
ITEM0007360,PUR004162,P0014,4,650.0,2600.0
ITEM0007361,PUR004163,P0004,3,12500.0,37500.0
ITEM0007362,PUR004163,P0014,6,650.0,3900.0
ITEM0007363,PUR004164,P0020,5,499.0,2495.0
ITEM0007364,PUR004165,P0011,3,4500.0,13500.0
ITEM0007365,PUR004166,P0005,3,4500.0,13500.0
ITEM0007366,PUR004166,P0004,3,12500.0,37500.0
ITEM0007367,PUR004166,P0003,3,32000.0,96000.0
ITEM0007368,PUR004166,P0013,1,14500.0,14500.0
ITEM0007369,PUR004167,P0011,2,4500.0,9000.0
ITEM0007370,PUR004167,P0006,2,2800.0,5600.0
ITEM0007371,PUR004168,P0004,3,12500.0,37500.0
ITEM0007372,PUR004168,P0011,1,4500.0,4500.0
ITEM0007373,PUR004168,P0006,1,2800.0,2800.0
ITEM0007374,PUR004169,P0020,5,499.0,2495.0
ITEM0007375,PUR004169,P0005,2,4500.0,9000.0
ITEM0007376,PUR004169,P0012,5,850.0,4250.0
ITEM0007377,PUR004170,P0019,2,1250.0,2500.0
ITEM0007378,PUR004170,P0013,2,14500.0,29000.0
ITEM0007379,PUR004171,P0001,1,65000.0,65000.0
ITEM0007380,PUR004172,P0009,3,1900.0,5700.0
ITEM0007381,PUR004172,P0008,2,4200.0,8400.0
ITEM0007382,PUR004172,P0005,3,4500.0,13500.0
ITEM0007383,PUR004172,P0002,2,85000.0,170000.0
ITEM0007384,PUR004173,P0013,1,14500.0,14500.0
ITEM0007385,PUR004173,P0008,1,4200.0,4200.0
ITEM0007386,PUR004173,P0019,3,1250.0,3750.0
ITEM0007387,PUR004173,P0006,2,2800.0,5600.0
ITEM0007388,PUR004174,P0005,1,4500.0,4500.0
ITEM0007389,PUR004175,P0005,1,4500.0,4500.0
ITEM0007390,PUR004175,P0015,4,1200.0,4800.0
ITEM0007391,PUR004176,P0003,2,32000.0,64000.0
ITEM0007392,PUR004176,P0011,3,4500.0,13500.0
ITEM0007393,PUR004176,P0017,2,18500.0,37000.0
ITEM0007394,PUR004177,P0003,1,32000.0,32000.0
ITEM0007395,PUR004177,P0013,2,14500.0,29000.0
ITEM0007396,PUR004177,P0002,2,85000.0,170000.0
ITEM0007397,PUR004178,P0015,4,1200.0,4800.0
ITEM0007398,PUR004179,P0003,3,32000.0,96000.0
ITEM0007399,PUR004179,P0013,1,14500.0,14500.0
ITEM0007400,PUR004180,P0019,2,1250.0,2500.0
ITEM0007401,PUR004180,P0003,2,32000.0,64000.0
ITEM0007402,PUR004181,P0008,4,4200.0,16800.0
ITEM0007403,PUR004182,P0010,5,2200.0,11000.0
ITEM0007404,PUR004183,P0012,6,850.0,5100.0
ITEM0007405,PUR004184,P0005,4,4500.0,18000.0
ITEM0007406,PUR004184,P0004,3,12500.0,37500.0
ITEM0007407,PUR004184,P0017,2,18500.0,37000.0
ITEM0007408,PUR004185,P0011,3,4500.0,13500.0
ITEM0007409,PUR004185,P0008,2,4200.0,8400.0
ITEM0007410,PUR004185,P0004,3,12500.0,37500.0
ITEM0007411,PUR004185,P0003,3,32000.0,96000.0
ITEM0007412,PUR004186,P0004,2,12500.0,25000.0
ITEM0007413,PUR004186,P0003,1,32000.0,32000.0
ITEM0007414,PUR004187,P0007,5,1800.0,9000.0
ITEM0007415,PUR004188,P0011,3,4500.0,13500.0
ITEM0007416,PUR004189,P0004,3,12500.0,37500.0
ITEM0007417,PUR004190,P0016,10,450.0,4500.0
ITEM0007418,PUR004191,P0019,5,1250.0,6250.0
ITEM0007419,PUR004192,P0003,2,32000.0,64000.0
ITEM0007420,PUR004193,P0017,1,18500.0,18500.0
ITEM0007421,PUR004194,P0009,1,1900.0,1900.0
ITEM0007422,PUR004195,P0019,2,1250.0,2500.0
ITEM0007423,PUR004196,P0019,4,1250.0,5000.0
ITEM0007424,PUR004196,P0012,4,850.0,3400.0
ITEM0007425,PUR004197,P0018,4,550.0,2200.0
ITEM0007426,PUR004197,P0020,1,499.0,499.0
ITEM0007427,PUR004197,P0007,1,1800.0,1800.0
ITEM0007428,PUR004198,P0014,6,650.0,3900.0
ITEM0007429,PUR004199,P0014,5,650.0,3250.0
ITEM0007430,PUR004199,P0016,8,450.0,3600.0
ITEM0007431,PUR004200,P0008,4,4200.0,16800.0
ITEM0007432,PUR004201,P0002,2,85000.0,170000.0
ITEM0007433,PUR004201,P0013,1,14500.0,14500.0
ITEM0007434,PUR004202,P0015,3,1200.0,3600.0
ITEM0007435,PUR004202,P0005,3,4500.0,13500.0
ITEM0007436,PUR004203,P0013,2,14500.0,29000.0
ITEM0007437,PUR004204,P0004,1,12500.0,12500.0
ITEM0007438,PUR004204,P0014,3,650.0,1950.0
ITEM0007439,PUR004205,P0002,1,85000.0,85000.0
ITEM0007440,PUR004206,P0013,1,14500.0,14500.0
ITEM0007441,PUR004206,P0017,1,18500.0,18500.0
ITEM0007442,PUR004207,P0004,2,12500.0,25000.0
ITEM0007443,PUR004207,P0003,2,32000.0,64000.0
ITEM0007444,PUR004208,P0013,1,14500.0,14500.0
ITEM0007445,PUR004208,P0004,1,12500.0,12500.0
ITEM0007446,PUR004208,P0011,2,4500.0,9000.0
ITEM0007447,PUR004209,P0009,4,1900.0,7600.0
ITEM0007448,PUR004209,P0018,2,550.0,1100.0
ITEM0007449,PUR004209,P0007,4,1800.0,7200.0
ITEM0007450,PUR004210,P0019,5,1250.0,6250.0
ITEM0007451,PUR004211,P0009,2,1900.0,3800.0
ITEM0007452,PUR004211,P0006,4,2800.0,11200.0
ITEM0007453,PUR004212,P0003,1,32000.0,32000.0
ITEM0007454,PUR004213,P0005,4,4500.0,18000.0
ITEM0007455,PUR004214,P0019,2,1250.0,2500.0
ITEM0007456,PUR004214,P0017,1,18500.0,18500.0
ITEM0007457,PUR004214,P0003,1,32000.0,32000.0
ITEM0007458,PUR004215,P0006,4,2800.0,11200.0
ITEM0007459,PUR004215,P0005,1,4500.0,4500.0
ITEM0007460,PUR004216,P0016,9,450.0,4050.0
ITEM0007461,PUR004217,P0005,4,4500.0,18000.0
ITEM0007462,PUR004217,P0007,4,1800.0,7200.0
ITEM0007463,PUR004217,P0019,1,1250.0,1250.0
ITEM0007464,PUR004218,P0004,1,12500.0,12500.0
ITEM0007465,PUR004218,P0002,1,85000.0,85000.0
ITEM0007466,PUR004218,P0014,7,650.0,4550.0
ITEM0007467,PUR004219,P0004,1,12500.0,12500.0
ITEM0007468,PUR004219,P0005,1,4500.0,4500.0
ITEM0007469,PUR004219,P0017,2,18500.0,37000.0
ITEM0007470,PUR004220,P0013,2,14500.0,29000.0
ITEM0007471,PUR004220,P0002,1,85000.0,85000.0
ITEM0007472,PUR004220,P0017,1,18500.0,18500.0
ITEM0007473,PUR004221,P0012,6,850.0,5100.0
ITEM0007474,PUR004221,P0005,2,4500.0,9000.0
ITEM0007475,PUR004221,P0015,3,1200.0,3600.0
ITEM0007476,PUR004222,P0005,1,4500.0,4500.0
ITEM0007477,PUR004223,P0012,3,850.0,2550.0
ITEM0007478,PUR004224,P0019,1,1250.0,1250.0
ITEM0007479,PUR004224,P0012,6,850.0,5100.0
ITEM0007480,PUR004224,P0005,2,4500.0,9000.0
ITEM0007481,PUR004224,P0007,3,1800.0,5400.0
ITEM0007482,PUR004225,P0005,1,4500.0,4500.0
ITEM0007483,PUR004226,P0015,4,1200.0,4800.0
ITEM0007484,PUR004227,P0004,2,12500.0,25000.0
ITEM0007485,PUR004227,P0011,1,4500.0,4500.0
ITEM0007486,PUR004227,P0018,8,550.0,4400.0
ITEM0007487,PUR004228,P0015,1,1200.0,1200.0
ITEM0007488,PUR004229,P0005,2,4500.0,9000.0
ITEM0007489,PUR004230,P0019,4,1250.0,5000.0
ITEM0007490,PUR004231,P0013,2,14500.0,29000.0
ITEM0007491,PUR004232,P0017,2,18500.0,37000.0
ITEM0007492,PUR004232,P0005,2,4500.0,9000.0
ITEM0007493,PUR004232,P0004,3,12500.0,37500.0
ITEM0007494,PUR004232,P0003,2,32000.0,64000.0
ITEM0007495,PUR004233,P0016,5,450.0,2250.0
ITEM0007496,PUR004233,P0011,1,4500.0,4500.0
ITEM0007497,PUR004233,P0008,3,4200.0,12600.0
ITEM0007498,PUR004234,P0006,4,2800.0,11200.0
ITEM0007499,PUR004235,P0019,1,1250.0,1250.0
ITEM0007500,PUR004235,P0011,2,4500.0,9000.0
ITEM0007501,PUR004235,P0005,2,4500.0,9000.0
ITEM0007502,PUR004236,P0020,1,499.0,499.0
ITEM0007503,PUR004236,P0014,7,650.0,4550.0
ITEM0007504,PUR004237,P0009,4,1900.0,7600.0
ITEM0007505,PUR004238,P0008,3,4200.0,12600.0
ITEM0007506,PUR004238,P0011,2,4500.0,9000.0
ITEM0007507,PUR004239,P0010,5,2200.0,11000.0
ITEM0007508,PUR004240,P0003,2,32000.0,64000.0
ITEM0007509,PUR004240,P0017,1,18500.0,18500.0
ITEM0007510,PUR004241,P0006,3,2800.0,8400.0
ITEM0007511,PUR004242,P0008,5,4200.0,21000.0
ITEM0007512,PUR004243,P0020,3,499.0,1497.0
ITEM0007513,PUR004243,P0014,4,650.0,2600.0
ITEM0007514,PUR004244,P0008,1,4200.0,4200.0
ITEM0007515,PUR004244,P0017,1,18500.0,18500.0
ITEM0007516,PUR004244,P0004,1,12500.0,12500.0
ITEM0007517,PUR004245,P0009,2,1900.0,3800.0
ITEM0007518,PUR004246,P0009,4,1900.0,7600.0
ITEM0007519,PUR004246,P0018,5,550.0,2750.0
ITEM0007520,PUR004246,P0020,1,499.0,499.0
ITEM0007521,PUR004247,P0006,3,2800.0,8400.0
ITEM0007522,PUR004247,P0019,2,1250.0,2500.0
ITEM0007523,PUR004247,P0003,3,32000.0,96000.0
ITEM0007524,PUR004247,P0011,2,4500.0,9000.0
ITEM0007525,PUR004248,P0008,3,4200.0,12600.0
ITEM0007526,PUR004248,P0014,4,650.0,2600.0
ITEM0007527,PUR004248,P0015,1,1200.0,1200.0
ITEM0007528,PUR004249,P0013,2,14500.0,29000.0
ITEM0007529,PUR004250,P0005,1,4500.0,4500.0
ITEM0007530,PUR004250,P0017,2,18500.0,37000.0
ITEM0007531,PUR004251,P0014,1,650.0,650.0
ITEM0007532,PUR004252,P0003,3,32000.0,96000.0
ITEM0007533,PUR004252,P0013,1,14500.0,14500.0
ITEM0007534,PUR004253,P0001,1,65000.0,65000.0
ITEM0007535,PUR004254,P0017,1,18500.0,18500.0
ITEM0007536,PUR004254,P0005,4,4500.0,18000.0
ITEM0007537,PUR004255,P0014,3,650.0,1950.0
ITEM0007538,PUR004256,P0013,2,14500.0,29000.0
ITEM0007539,PUR004257,P0001,1,65000.0,65000.0
ITEM0007540,PUR004257,P0017,1,18500.0,18500.0
ITEM0007541,PUR004257,P0013,1,14500.0,14500.0
ITEM0007542,PUR004258,P0020,3,499.0,1497.0
ITEM0007543,PUR004258,P0009,1,1900.0,1900.0
ITEM0007544,PUR004258,P0012,6,850.0,5100.0
ITEM0007545,PUR004259,P0010,5,2200.0,11000.0
ITEM0007546,PUR004259,P0007,3,1800.0,5400.0
ITEM0007547,PUR004260,P0010,1,2200.0,2200.0
ITEM0007548,PUR004260,P0005,4,4500.0,18000.0
ITEM0007549,PUR004260,P0018,5,550.0,2750.0
ITEM0007550,PUR004260,P0009,5,1900.0,9500.0
ITEM0007551,PUR004261,P0002,1,85000.0,85000.0
ITEM0007552,PUR004262,P0006,2,2800.0,5600.0
ITEM0007553,PUR004262,P0019,3,1250.0,3750.0
ITEM0007554,PUR004263,P0005,1,4500.0,4500.0
ITEM0007555,PUR004264,P0005,4,4500.0,18000.0
ITEM0007556,PUR004265,P0013,1,14500.0,14500.0
ITEM0007557,PUR004266,P0019,2,1250.0,2500.0
ITEM0007558,PUR004266,P0017,1,18500.0,18500.0
ITEM0007559,PUR004267,P0003,2,32000.0,64000.0
ITEM0007560,PUR004268,P0006,2,2800.0,5600.0
ITEM0007561,PUR004269,P0019,5,1250.0,6250.0
ITEM0007562,PUR004269,P0008,4,4200.0,16800.0
ITEM0007563,PUR004269,P0005,3,4500.0,13500.0
ITEM0007564,PUR004270,P0019,3,1250.0,3750.0
ITEM0007565,PUR004271,P0019,1,1250.0,1250.0
ITEM0007566,PUR004272,P0016,3,450.0,1350.0
ITEM0007567,PUR004273,P0003,3,32000.0,96000.0
ITEM0007568,PUR004274,P0016,2,450.0,900.0
ITEM0007569,PUR004275,P0004,1,12500.0,12500.0
ITEM0007570,PUR004276,P0002,1,85000.0,85000.0
ITEM0007571,PUR004276,P0003,1,32000.0,32000.0
ITEM0007572,PUR004276,P0017,1,18500.0,18500.0
ITEM0007573,PUR004277,P0003,2,32000.0,64000.0
ITEM0007574,PUR004277,P0004,2,12500.0,25000.0
ITEM0007575,PUR004278,P0001,1,65000.0,65000.0
ITEM0007576,PUR004278,P0002,1,85000.0,85000.0
ITEM0007577,PUR004279,P0014,3,650.0,1950.0
ITEM0007578,PUR004280,P0005,1,4500.0,4500.0
ITEM0007579,PUR004280,P0019,5,1250.0,6250.0
ITEM0007580,PUR004281,P0006,1,2800.0,2800.0
ITEM0007581,PUR004281,P0005,4,4500.0,18000.0
ITEM0007582,PUR004282,P0020,3,499.0,1497.0
ITEM0007583,PUR004282,P0011,3,4500.0,13500.0
ITEM0007584,PUR004282,P0016,1,450.0,450.0
ITEM0007585,PUR004283,P0019,4,1250.0,5000.0
ITEM0007586,PUR004284,P0005,3,4500.0,13500.0
ITEM0007587,PUR004284,P0009,2,1900.0,3800.0
ITEM0007588,PUR004285,P0001,2,65000.0,130000.0
ITEM0007589,PUR004286,P0019,3,1250.0,3750.0
ITEM0007590,PUR004287,P0002,1,85000.0,85000.0
ITEM0007591,PUR004287,P0001,1,65000.0,65000.0
ITEM0007592,PUR004288,P0008,5,4200.0,21000.0
ITEM0007593,PUR004288,P0012,5,850.0,4250.0
ITEM0007594,PUR004288,P0011,3,4500.0,13500.0
ITEM0007595,PUR004289,P0004,2,12500.0,25000.0
ITEM0007596,PUR004289,P0003,2,32000.0,64000.0
ITEM0007597,PUR004290,P0016,4,450.0,1800.0
ITEM0007598,PUR004291,P0003,1,32000.0,32000.0
ITEM0007599,PUR004291,P0011,3,4500.0,13500.0
ITEM0007600,PUR004292,P0014,1,650.0,650.0
ITEM0007601,PUR004292,P0009,3,1900.0,5700.0
ITEM0007602,PUR004292,P0011,3,4500.0,13500.0
ITEM0007603,PUR004292,P0015,2,1200.0,2400.0
ITEM0007604,PUR004293,P0007,1,1800.0,1800.0
ITEM0007605,PUR004294,P0020,5,499.0,2495.0
ITEM0007606,PUR004294,P0007,4,1800.0,7200.0
ITEM0007607,PUR004295,P0003,2,32000.0,64000.0
ITEM0007608,PUR004295,P0013,1,14500.0,14500.0
ITEM0007609,PUR004296,P0015,3,1200.0,3600.0
ITEM0007610,PUR004296,P0007,4,1800.0,7200.0
ITEM0007611,PUR004297,P0009,2,1900.0,3800.0
ITEM0007612,PUR004297,P0019,3,1250.0,3750.0
ITEM0007613,PUR004298,P0019,1,1250.0,1250.0
ITEM0007614,PUR004298,P0006,4,2800.0,11200.0
ITEM0007615,PUR004299,P0001,2,65000.0,130000.0
ITEM0007616,PUR004299,P0003,1,32000.0,32000.0
ITEM0007617,PUR004300,P0018,2,550.0,1100.0
ITEM0007618,PUR004301,P0005,3,4500.0,13500.0
ITEM0007619,PUR004301,P0008,5,4200.0,21000.0
ITEM0007620,PUR004302,P0014,4,650.0,2600.0
ITEM0007621,PUR004303,P0013,2,14500.0,29000.0
ITEM0007622,PUR004304,P0006,4,2800.0,11200.0
ITEM0007623,PUR004304,P0004,2,12500.0,25000.0
ITEM0007624,PUR004305,P0003,1,32000.0,32000.0
ITEM0007625,PUR004305,P0006,2,2800.0,5600.0
ITEM0007626,PUR004306,P0018,6,550.0,3300.0
ITEM0007627,PUR004307,P0013,2,14500.0,29000.0
ITEM0007628,PUR004307,P0002,1,85000.0,85000.0
ITEM0007629,PUR004308,P0016,10,450.0,4500.0
ITEM0007630,PUR004308,P0015,3,1200.0,3600.0
ITEM0007631,PUR004309,P0010,2,2200.0,4400.0
ITEM0007632,PUR004309,P0007,2,1800.0,3600.0
ITEM0007633,PUR004309,P0005,2,4500.0,9000.0
ITEM0007634,PUR004310,P0004,3,12500.0,37500.0
ITEM0007635,PUR004310,P0019,3,1250.0,3750.0
ITEM0007636,PUR004311,P0006,2,2800.0,5600.0
ITEM0007637,PUR004312,P0002,1,85000.0,85000.0
ITEM0007638,PUR004313,P0006,3,2800.0,8400.0
ITEM0007639,PUR004313,P0005,1,4500.0,4500.0
ITEM0007640,PUR004314,P0005,4,4500.0,18000.0
ITEM0007641,PUR004315,P0015,5,1200.0,6000.0
ITEM0007642,PUR004316,P0008,5,4200.0,21000.0
ITEM0007643,PUR004316,P0015,3,1200.0,3600.0
ITEM0007644,PUR004317,P0011,2,4500.0,9000.0
ITEM0007645,PUR004318,P0017,1,18500.0,18500.0
ITEM0007646,PUR004318,P0003,1,32000.0,32000.0
ITEM0007647,PUR004319,P0008,5,4200.0,21000.0
ITEM0007648,PUR004319,P0003,3,32000.0,96000.0
ITEM0007649,PUR004319,P0013,1,14500.0,14500.0
ITEM0007650,PUR004320,P0008,2,4200.0,8400.0
ITEM0007651,PUR004320,P0020,3,499.0,1497.0
ITEM0007652,PUR004321,P0005,3,4500.0,13500.0
ITEM0007653,PUR004321,P0011,2,4500.0,9000.0
ITEM0007654,PUR004322,P0004,3,12500.0,37500.0
ITEM0007655,PUR004323,P0017,1,18500.0,18500.0
ITEM0007656,PUR004323,P0019,2,1250.0,2500.0
ITEM0007657,PUR004323,P0008,4,4200.0,16800.0
ITEM0007658,PUR004323,P0005,1,4500.0,4500.0
ITEM0007659,PUR004324,P0006,4,2800.0,11200.0
ITEM0007660,PUR004325,P0011,2,4500.0,9000.0
ITEM0007661,PUR004326,P0018,5,550.0,2750.0
ITEM0007662,PUR004327,P0019,3,1250.0,3750.0
ITEM0007663,PUR004328,P0008,5,4200.0,21000.0
ITEM0007664,PUR004329,P0004,2,12500.0,25000.0
ITEM0007665,PUR004330,P0017,2,18500.0,37000.0
ITEM0007666,PUR004331,P0001,2,65000.0,130000.0
ITEM0007667,PUR004332,P0018,7,550.0,3850.0
ITEM0007668,PUR004333,P0008,5,4200.0,21000.0
ITEM0007669,PUR004333,P0006,2,2800.0,5600.0
ITEM0007670,PUR004333,P0011,2,4500.0,9000.0
ITEM0007671,PUR004333,P0005,3,4500.0,13500.0
ITEM0007672,PUR004334,P0014,6,650.0,3900.0
ITEM0007673,PUR004335,P0006,1,2800.0,2800.0
ITEM0007674,PUR004336,P0011,1,4500.0,4500.0
ITEM0007675,PUR004337,P0013,2,14500.0,29000.0
ITEM0007676,PUR004337,P0003,1,32000.0,32000.0
ITEM0007677,PUR004338,P0017,1,18500.0,18500.0
ITEM0007678,PUR004339,P0005,1,4500.0,4500.0
ITEM0007679,PUR004339,P0006,2,2800.0,5600.0
ITEM0007680,PUR004339,P0019,4,1250.0,5000.0
ITEM0007681,PUR004340,P0020,1,499.0,499.0
ITEM0007682,PUR004341,P0019,4,1250.0,5000.0
ITEM0007683,PUR004342,P0017,1,18500.0,18500.0
ITEM0007684,PUR004343,P0019,4,1250.0,5000.0
ITEM0007685,PUR004344,P0003,1,32000.0,32000.0
ITEM0007686,PUR004344,P0011,3,4500.0,13500.0
ITEM0007687,PUR004344,P0006,3,2800.0,8400.0
ITEM0007688,PUR004345,P0013,2,14500.0,29000.0
ITEM0007689,PUR004346,P0006,3,2800.0,8400.0
ITEM0007690,PUR004346,P0013,2,14500.0,29000.0
ITEM0007691,PUR004346,P0008,4,4200.0,16800.0
ITEM0007692,PUR004347,P0003,3,32000.0,96000.0
ITEM0007693,PUR004348,P0013,2,14500.0,29000.0
ITEM0007694,PUR004349,P0013,1,14500.0,14500.0
ITEM0007695,PUR004350,P0013,2,14500.0,29000.0
ITEM0007696,PUR004350,P0008,3,4200.0,12600.0
ITEM0007697,PUR004351,P0014,2,650.0,1300.0
ITEM0007698,PUR004352,P0019,3,1250.0,3750.0
ITEM0007699,PUR004353,P0006,2,2800.0,5600.0
ITEM0007700,PUR004354,P0006,2,2800.0,5600.0
ITEM0007701,PUR004354,P0008,5,4200.0,21000.0
ITEM0007702,PUR004354,P0004,2,12500.0,25000.0
ITEM0007703,PUR004355,P0005,1,4500.0,4500.0
ITEM0007704,PUR004356,P0002,2,85000.0,170000.0
ITEM0007705,PUR004357,P0008,3,4200.0,12600.0
ITEM0007706,PUR004358,P0010,1,2200.0,2200.0
ITEM0007707,PUR004358,P0009,5,1900.0,9500.0
ITEM0007708,PUR004358,P0014,5,650.0,3250.0
ITEM0007709,PUR004358,P0011,1,4500.0,4500.0
ITEM0007710,PUR004359,P0011,1,4500.0,4500.0
ITEM0007711,PUR004360,P0005,2,4500.0,9000.0
ITEM0007712,PUR004360,P0015,2,1200.0,2400.0
ITEM0007713,PUR004361,P0018,6,550.0,3300.0
ITEM0007714,PUR004362,P0013,1,14500.0,14500.0
ITEM0007715,PUR004363,P0017,2,18500.0,37000.0
ITEM0007716,PUR004364,P0001,1,65000.0,65000.0
ITEM0007717,PUR004365,P0005,1,4500.0,4500.0
ITEM0007718,PUR004366,P0013,1,14500.0,14500.0
ITEM0007719,PUR004366,P0003,1,32000.0,32000.0
ITEM0007720,PUR004367,P0002,1,85000.0,85000.0
ITEM0007721,PUR004368,P0020,5,499.0,2495.0
ITEM0007722,PUR004369,P0003,1,32000.0,32000.0
ITEM0007723,PUR004370,P0010,3,2200.0,6600.0
ITEM0007724,PUR004370,P0018,1,550.0,550.0
ITEM0007725,PUR004371,P0017,2,18500.0,37000.0
ITEM0007726,PUR004372,P0006,3,2800.0,8400.0
ITEM0007727,PUR004372,P0005,2,4500.0,9000.0
ITEM0007728,PUR004373,P0012,6,850.0,5100.0
ITEM0007729,PUR004373,P0007,5,1800.0,9000.0
ITEM0007730,PUR004374,P0003,1,32000.0,32000.0
ITEM0007731,PUR004375,P0003,2,32000.0,64000.0
ITEM0007732,PUR004375,P0017,2,18500.0,37000.0
ITEM0007733,PUR004376,P0018,6,550.0,3300.0
ITEM0007734,PUR004376,P0019,5,1250.0,6250.0
ITEM0007735,PUR004377,P0005,1,4500.0,4500.0
ITEM0007736,PUR004378,P0010,5,2200.0,11000.0
ITEM0007737,PUR004378,P0008,1,4200.0,4200.0
ITEM0007738,PUR004379,P0005,1,4500.0,4500.0
ITEM0007739,PUR004380,P0016,7,450.0,3150.0
ITEM0007740,PUR004381,P0011,3,4500.0,13500.0
ITEM0007741,PUR004382,P0008,2,4200.0,8400.0
ITEM0007742,PUR004382,P0006,3,2800.0,8400.0
ITEM0007743,PUR004382,P0005,3,4500.0,13500.0
ITEM0007744,PUR004382,P0020,1,499.0,499.0
ITEM0007745,PUR004383,P0016,10,450.0,4500.0
ITEM0007746,PUR004384,P0006,4,2800.0,11200.0
ITEM0007747,PUR004384,P0014,3,650.0,1950.0
ITEM0007748,PUR004385,P0011,2,4500.0,9000.0
ITEM0007749,PUR004386,P0019,2,1250.0,2500.0
ITEM0007750,PUR004386,P0005,3,4500.0,13500.0
ITEM0007751,PUR004387,P0004,3,12500.0,37500.0
ITEM0007752,PUR004387,P0006,3,2800.0,8400.0
ITEM0007753,PUR004388,P0003,2,32000.0,64000.0
ITEM0007754,PUR004388,P0001,2,65000.0,130000.0
ITEM0007755,PUR004389,P0003,2,32000.0,64000.0
ITEM0007756,PUR004390,P0006,3,2800.0,8400.0
ITEM0007757,PUR004391,P0019,5,1250.0,6250.0
ITEM0007758,PUR004392,P0004,1,12500.0,12500.0
ITEM0007759,PUR004393,P0005,3,4500.0,13500.0
ITEM0007760,PUR004394,P0004,2,12500.0,25000.0
ITEM0007761,PUR004395,P0006,4,2800.0,11200.0
ITEM0007762,PUR004395,P0004,3,12500.0,37500.0
ITEM0007763,PUR004396,P0020,2,499.0,998.0
ITEM0007764,PUR004396,P0012,6,850.0,5100.0
ITEM0007765,PUR004397,P0016,6,450.0,2700.0
ITEM0007766,PUR004398,P0003,3,32000.0,96000.0
ITEM0007767,PUR004399,P0002,2,85000.0,170000.0
ITEM0007768,PUR004400,P0009,3,1900.0,5700.0
ITEM0007769,PUR004400,P0011,3,4500.0,13500.0
ITEM0007770,PUR004400,P0008,4,4200.0,16800.0
ITEM0007771,PUR004400,P0004,1,12500.0,12500.0
ITEM0007772,PUR004401,P0006,2,2800.0,5600.0
ITEM0007773,PUR004401,P0011,1,4500.0,4500.0
ITEM0007774,PUR004402,P0019,3,1250.0,3750.0
ITEM0007775,PUR004402,P0013,1,14500.0,14500.0
ITEM0007776,PUR004402,P0006,1,2800.0,2800.0
ITEM0007777,PUR004402,P0008,1,4200.0,4200.0
ITEM0007778,PUR004403,P0001,2,65000.0,130000.0
ITEM0007779,PUR004404,P0005,1,4500.0,4500.0
ITEM0007780,PUR004405,P0017,1,18500.0,18500.0
ITEM0007781,PUR004406,P0010,2,2200.0,4400.0
ITEM0007782,PUR004406,P0015,4,1200.0,4800.0
ITEM0007783,PUR004407,P0003,3,32000.0,96000.0
ITEM0007784,PUR004407,P0006,3,2800.0,8400.0
ITEM0007785,PUR004407,P0011,3,4500.0,13500.0
ITEM0007786,PUR004408,P0008,5,4200.0,21000.0
ITEM0007787,PUR004408,P0007,4,1800.0,7200.0
ITEM0007788,PUR004409,P0005,4,4500.0,18000.0
ITEM0007789,PUR004409,P0003,2,32000.0,64000.0
ITEM0007790,PUR004410,P0017,2,18500.0,37000.0
ITEM0007791,PUR004410,P0003,2,32000.0,64000.0
ITEM0007792,PUR004410,P0001,1,65000.0,65000.0
ITEM0007793,PUR004411,P0017,1,18500.0,18500.0
ITEM0007794,PUR004411,P0008,1,4200.0,4200.0
ITEM0007795,PUR004412,P0003,1,32000.0,32000.0
ITEM0007796,PUR004412,P0001,2,65000.0,130000.0
ITEM0007797,PUR004413,P0006,4,2800.0,11200.0
ITEM0007798,PUR004413,P0009,2,1900.0,3800.0
ITEM0007799,PUR004413,P0008,4,4200.0,16800.0
ITEM0007800,PUR004413,P0012,4,850.0,3400.0
ITEM0007801,PUR004414,P0020,3,499.0,1497.0
ITEM0007802,PUR004415,P0020,3,499.0,1497.0
ITEM0007803,PUR004415,P0006,3,2800.0,8400.0
ITEM0007804,PUR004415,P0016,8,450.0,3600.0
ITEM0007805,PUR004416,P0012,5,850.0,4250.0
ITEM0007806,PUR004417,P0005,3,4500.0,13500.0
ITEM0007807,PUR004417,P0008,2,4200.0,8400.0
ITEM0007808,PUR004418,P0011,1,4500.0,4500.0
ITEM0007809,PUR004418,P0019,5,1250.0,6250.0
ITEM0007810,PUR004419,P0014,4,650.0,2600.0
ITEM0007811,PUR004420,P0016,7,450.0,3150.0
ITEM0007812,PUR004420,P0007,4,1800.0,7200.0
ITEM0007813,PUR004420,P0020,4,499.0,1996.0
ITEM0007814,PUR004421,P0007,1,1800.0,1800.0
ITEM0007815,PUR004422,P0020,1,499.0,499.0
ITEM0007816,PUR004423,P0005,4,4500.0,18000.0
ITEM0007817,PUR004424,P0008,2,4200.0,8400.0
ITEM0007818,PUR004425,P0019,3,1250.0,3750.0
ITEM0007819,PUR004426,P0013,1,14500.0,14500.0
ITEM0007820,PUR004427,P0004,2,12500.0,25000.0
ITEM0007821,PUR004427,P0008,2,4200.0,8400.0
ITEM0007822,PUR004428,P0020,2,499.0,998.0
ITEM0007823,PUR004428,P0007,5,1800.0,9000.0
ITEM0007824,PUR004429,P0013,1,14500.0,14500.0
ITEM0007825,PUR004429,P0003,3,32000.0,96000.0
ITEM0007826,PUR004430,P0008,4,4200.0,16800.0
ITEM0007827,PUR004431,P0014,3,650.0,1950.0
ITEM0007828,PUR004431,P0008,5,4200.0,21000.0
ITEM0007829,PUR004432,P0012,6,850.0,5100.0
ITEM0007830,PUR004432,P0015,1,1200.0,1200.0
ITEM0007831,PUR004433,P0017,2,18500.0,37000.0
ITEM0007832,PUR004433,P0011,3,4500.0,13500.0
ITEM0007833,PUR004434,P0007,5,1800.0,9000.0
ITEM0007834,PUR004435,P0018,4,550.0,2200.0
ITEM0007835,PUR004435,P0010,4,2200.0,8800.0
ITEM0007836,PUR004436,P0008,3,4200.0,12600.0
ITEM0007837,PUR004437,P0005,2,4500.0,9000.0
ITEM0007838,PUR004437,P0006,4,2800.0,11200.0
ITEM0007839,PUR004438,P0011,3,4500.0,13500.0
ITEM0007840,PUR004438,P0006,2,2800.0,5600.0
ITEM0007841,PUR004439,P0006,4,2800.0,11200.0
ITEM0007842,PUR004439,P0018,6,550.0,3300.0
ITEM0007843,PUR004439,P0020,1,499.0,499.0
ITEM0007844,PUR004440,P0002,1,85000.0,85000.0
ITEM0007845,PUR004440,P0003,1,32000.0,32000.0
ITEM0007846,PUR004441,P0006,3,2800.0,8400.0
ITEM0007847,PUR004441,P0016,9,450.0,4050.0
ITEM0007848,PUR004442,P0012,6,850.0,5100.0
ITEM0007849,PUR004442,P0016,7,450.0,3150.0
ITEM0007850,PUR004443,P0018,3,550.0,1650.0
ITEM0007851,PUR004444,P0016,1,450.0,450.0
ITEM0007852,PUR004444,P0006,4,2800.0,11200.0
ITEM0007853,PUR004445,P0011,1,4500.0,4500.0
ITEM0007854,PUR004446,P0004,1,12500.0,12500.0
ITEM0007855,PUR004446,P0003,3,32000.0,96000.0
ITEM0007856,PUR004446,P0017,2,18500.0,37000.0
ITEM0007857,PUR004447,P0011,2,4500.0,9000.0
ITEM0007858,PUR004447,P0012,6,850.0,5100.0
ITEM0007859,PUR004448,P0009,4,1900.0,7600.0
ITEM0007860,PUR004449,P0013,2,14500.0,29000.0
ITEM0007861,PUR004450,P0008,3,4200.0,12600.0
ITEM0007862,PUR004451,P0006,1,2800.0,2800.0
ITEM0007863,PUR004452,P0020,4,499.0,1996.0
ITEM0007864,PUR004452,P0019,5,1250.0,6250.0
ITEM0007865,PUR004453,P0002,2,85000.0,170000.0
ITEM0007866,PUR004454,P0019,3,1250.0,3750.0
ITEM0007867,PUR004455,P0013,1,14500.0,14500.0
ITEM0007868,PUR004455,P0008,5,4200.0,21000.0
ITEM0007869,PUR004456,P0013,1,14500.0,14500.0
ITEM0007870,PUR004456,P0017,2,18500.0,37000.0
ITEM0007871,PUR004457,P0004,1,12500.0,12500.0
ITEM0007872,PUR004457,P0013,1,14500.0,14500.0
ITEM0007873,PUR004458,P0008,2,4200.0,8400.0
ITEM0007874,PUR004458,P0011,1,4500.0,4500.0
ITEM0007875,PUR004458,P0006,4,2800.0,11200.0
ITEM0007876,PUR004459,P0013,2,14500.0,29000.0
ITEM0007877,PUR004460,P0017,2,18500.0,37000.0
ITEM0007878,PUR004460,P0006,2,2800.0,5600.0
ITEM0007879,PUR004461,P0018,6,550.0,3300.0
ITEM0007880,PUR004462,P0008,1,4200.0,4200.0
ITEM0007881,PUR004462,P0003,2,32000.0,64000.0
ITEM0007882,PUR004462,P0006,4,2800.0,11200.0
ITEM0007883,PUR004463,P0006,4,2800.0,11200.0
ITEM0007884,PUR004463,P0005,2,4500.0,9000.0
ITEM0007885,PUR004464,P0001,1,65000.0,65000.0
ITEM0007886,PUR004464,P0003,2,32000.0,64000.0
ITEM0007887,PUR004465,P0006,3,2800.0,8400.0
ITEM0007888,PUR004465,P0013,2,14500.0,29000.0
ITEM0007889,PUR004466,P0016,5,450.0,2250.0
ITEM0007890,PUR004466,P0006,1,2800.0,2800.0
ITEM0007891,PUR004467,P0012,6,850.0,5100.0
ITEM0007892,PUR004468,P0004,2,12500.0,25000.0
ITEM0007893,PUR004469,P0011,2,4500.0,9000.0
ITEM0007894,PUR004469,P0003,3,32000.0,96000.0
ITEM0007895,PUR004469,P0008,1,4200.0,4200.0
ITEM0007896,PUR004469,P0019,2,1250.0,2500.0
ITEM0007897,PUR004470,P0009,4,1900.0,7600.0
ITEM0007898,PUR004471,P0005,3,4500.0,13500.0
ITEM0007899,PUR004472,P0003,1,32000.0,32000.0
ITEM0007900,PUR004473,P0018,2,550.0,1100.0
ITEM0007901,PUR004474,P0011,3,4500.0,13500.0
ITEM0007902,PUR004474,P0008,4,4200.0,16800.0
ITEM0007903,PUR004474,P0006,1,2800.0,2800.0
ITEM0007904,PUR004474,P0005,3,4500.0,13500.0
ITEM0007905,PUR004475,P0018,6,550.0,3300.0
ITEM0007906,PUR004476,P0005,4,4500.0,18000.0
ITEM0007907,PUR004477,P0003,3,32000.0,96000.0
ITEM0007908,PUR004477,P0017,1,18500.0,18500.0
ITEM0007909,PUR004477,P0004,2,12500.0,25000.0
ITEM0007910,PUR004477,P0011,2,4500.0,9000.0
ITEM0007911,PUR004478,P0006,4,2800.0,11200.0
ITEM0007912,PUR004479,P0020,1,499.0,499.0
ITEM0007913,PUR004479,P0018,3,550.0,1650.0
ITEM0007914,PUR004480,P0011,1,4500.0,4500.0
ITEM0007915,PUR004481,P0013,2,14500.0,29000.0
ITEM0007916,PUR004482,P0013,1,14500.0,14500.0
ITEM0007917,PUR004482,P0003,3,32000.0,96000.0
ITEM0007918,PUR004482,P0001,2,65000.0,130000.0
ITEM0007919,PUR004483,P0005,2,4500.0,9000.0
ITEM0007920,PUR004484,P0008,3,4200.0,12600.0
ITEM0007921,PUR004484,P0013,2,14500.0,29000.0
ITEM0007922,PUR004484,P0003,2,32000.0,64000.0
ITEM0007923,PUR004485,P0012,5,850.0,4250.0
ITEM0007924,PUR004486,P0017,2,18500.0,37000.0
ITEM0007925,PUR004487,P0004,2,12500.0,25000.0
ITEM0007926,PUR004487,P0012,3,850.0,2550.0
ITEM0007927,PUR004488,P0017,1,18500.0,18500.0
ITEM0007928,PUR004488,P0019,5,1250.0,6250.0
ITEM0007929,PUR004488,P0006,4,2800.0,11200.0
ITEM0007930,PUR004489,P0019,3,1250.0,3750.0
ITEM0007931,PUR004490,P0004,1,12500.0,12500.0
ITEM0007932,PUR004490,P0003,3,32000.0,96000.0
ITEM0007933,PUR004491,P0020,5,499.0,2495.0
ITEM0007934,PUR004492,P0019,5,1250.0,6250.0
ITEM0007935,PUR004493,P0009,1,1900.0,1900.0
ITEM0007936,PUR004493,P0005,3,4500.0,13500.0
ITEM0007937,PUR004494,P0004,2,12500.0,25000.0
ITEM0007938,PUR004495,P0016,8,450.0,3600.0
ITEM0007939,PUR004495,P0015,1,1200.0,1200.0
ITEM0007940,PUR004496,P0009,4,1900.0,7600.0
ITEM0007941,PUR004497,P0006,4,2800.0,11200.0
ITEM0007942,PUR004497,P0008,3,4200.0,12600.0
ITEM0007943,PUR004498,P0012,6,850.0,5100.0
ITEM0007944,PUR004499,P0014,2,650.0,1300.0
ITEM0007945,PUR004499,P0016,7,450.0,3150.0
ITEM0007946,PUR004500,P0006,4,2800.0,11200.0
ITEM0007947,PUR004501,P0008,4,4200.0,16800.0
ITEM0007948,PUR004501,P0004,2,12500.0,25000.0
ITEM0007949,PUR004502,P0010,3,2200.0,6600.0
ITEM0007950,PUR004503,P0001,2,65000.0,130000.0
ITEM0007951,PUR004504,P0015,1,1200.0,1200.0
ITEM0007952,PUR004504,P0006,3,2800.0,8400.0
ITEM0007953,PUR004505,P0017,1,18500.0,18500.0
ITEM0007954,PUR004505,P0005,4,4500.0,18000.0
ITEM0007955,PUR004506,P0003,1,32000.0,32000.0
ITEM0007956,PUR004506,P0019,1,1250.0,1250.0
ITEM0007957,PUR004507,P0012,5,850.0,4250.0
ITEM0007958,PUR004508,P0001,1,65000.0,65000.0
ITEM0007959,PUR004508,P0017,2,18500.0,37000.0
ITEM0007960,PUR004509,P0019,3,1250.0,3750.0
ITEM0007961,PUR004510,P0003,1,32000.0,32000.0
ITEM0007962,PUR004511,P0016,6,450.0,2700.0
ITEM0007963,PUR004511,P0007,5,1800.0,9000.0
ITEM0007964,PUR004512,P0013,1,14500.0,14500.0
ITEM0007965,PUR004512,P0003,2,32000.0,64000.0
ITEM0007966,PUR004512,P0002,1,85000.0,85000.0
ITEM0007967,PUR004513,P0011,1,4500.0,4500.0
ITEM0007968,PUR004514,P0013,1,14500.0,14500.0
ITEM0007969,PUR004515,P0003,2,32000.0,64000.0
ITEM0007970,PUR004516,P0012,6,850.0,5100.0
ITEM0007971,PUR004516,P0010,4,2200.0,8800.0
ITEM0007972,PUR004517,P0019,1,1250.0,1250.0
ITEM0007973,PUR004518,P0017,2,18500.0,37000.0
ITEM0007974,PUR004518,P0003,3,32000.0,96000.0
ITEM0007975,PUR004519,P0018,7,550.0,3850.0
ITEM0007976,PUR004519,P0014,1,650.0,650.0
ITEM0007977,PUR004519,P0019,2,1250.0,2500.0
ITEM0007978,PUR004520,P0012,6,850.0,5100.0
ITEM0007979,PUR004521,P0006,3,2800.0,8400.0
ITEM0007980,PUR004522,P0003,2,32000.0,64000.0
ITEM0007981,PUR004522,P0006,2,2800.0,5600.0
ITEM0007982,PUR004523,P0001,1,65000.0,65000.0
ITEM0007983,PUR004523,P0017,1,18500.0,18500.0
ITEM0007984,PUR004524,P0013,2,14500.0,29000.0
ITEM0007985,PUR004524,P0017,1,18500.0,18500.0
ITEM0007986,PUR004525,P0011,2,4500.0,9000.0
ITEM0007987,PUR004525,P0010,1,2200.0,2200.0
ITEM0007988,PUR004526,P0017,2,18500.0,37000.0
ITEM0007989,PUR004526,P0003,1,32000.0,32000.0
ITEM0007990,PUR004527,P0016,8,450.0,3600.0
ITEM0007991,PUR004527,P0007,3,1800.0,5400.0
ITEM0007992,PUR004528,P0009,2,1900.0,3800.0
ITEM0007993,PUR004528,P0012,6,850.0,5100.0
ITEM0007994,PUR004528,P0020,1,499.0,499.0
ITEM0007995,PUR004528,P0004,1,12500.0,12500.0
ITEM0007996,PUR004529,P0014,2,650.0,1300.0
ITEM0007997,PUR004530,P0012,2,850.0,1700.0
ITEM0007998,PUR004530,P0011,1,4500.0,4500.0
ITEM0007999,PUR004531,P0004,1,12500.0,12500.0
ITEM0008000,PUR004532,P0005,3,4500.0,13500.0
ITEM0008001,PUR004532,P0011,1,4500.0,4500.0
ITEM0008002,PUR004532,P0017,1,18500.0,18500.0
ITEM0008003,PUR004533,P0006,1,2800.0,2800.0
ITEM0008004,PUR004533,P0019,5,1250.0,6250.0
ITEM0008005,PUR004533,P0013,1,14500.0,14500.0
ITEM0008006,PUR004534,P0002,2,85000.0,170000.0
ITEM0008007,PUR004535,P0014,6,650.0,3900.0
ITEM0008008,PUR004536,P0017,1,18500.0,18500.0
ITEM0008009,PUR004537,P0012,4,850.0,3400.0
ITEM0008010,PUR004538,P0004,2,12500.0,25000.0
ITEM0008011,PUR004539,P0001,1,65000.0,65000.0
ITEM0008012,PUR004540,P0020,2,499.0,998.0
ITEM0008013,PUR004540,P0018,7,550.0,3850.0
ITEM0008014,PUR004540,P0007,1,1800.0,1800.0
ITEM0008015,PUR004541,P0012,1,850.0,850.0
ITEM0008016,PUR004541,P0007,2,1800.0,3600.0
ITEM0008017,PUR004541,P0019,4,1250.0,5000.0
ITEM0008018,PUR004542,P0008,4,4200.0,16800.0
ITEM0008019,PUR004542,P0003,2,32000.0,64000.0
ITEM0008020,PUR004542,P0006,3,2800.0,8400.0
ITEM0008021,PUR004543,P0008,5,4200.0,21000.0
ITEM0008022,PUR004544,P0004,2,12500.0,25000.0
ITEM0008023,PUR004545,P0016,2,450.0,900.0
ITEM0008024,PUR004546,P0005,3,4500.0,13500.0
ITEM0008025,PUR004547,P0013,1,14500.0,14500.0
ITEM0008026,PUR004548,P0014,1,650.0,650.0
ITEM0008027,PUR004548,P0015,4,1200.0,4800.0
ITEM0008028,PUR004549,P0020,2,499.0,998.0
ITEM0008029,PUR004549,P0012,3,850.0,2550.0
ITEM0008030,PUR004550,P0019,5,1250.0,6250.0
ITEM0008031,PUR004551,P0019,5,1250.0,6250.0
ITEM0008032,PUR004552,P0014,8,650.0,5200.0
ITEM0008033,PUR004553,P0012,5,850.0,4250.0
ITEM0008034,PUR004554,P0019,2,1250.0,2500.0
ITEM0008035,PUR004554,P0004,3,12500.0,37500.0
ITEM0008036,PUR004554,P0006,1,2800.0,2800.0
ITEM0008037,PUR004555,P0004,1,12500.0,12500.0
ITEM0008038,PUR004556,P0007,5,1800.0,9000.0
ITEM0008039,PUR004557,P0006,2,2800.0,5600.0
ITEM0008040,PUR004558,P0007,3,1800.0,5400.0
ITEM0008041,PUR004558,P0009,2,1900.0,3800.0
ITEM0008042,PUR004559,P0011,2,4500.0,9000.0
ITEM0008043,PUR004559,P0008,3,4200.0,12600.0
ITEM0008044,PUR004560,P0013,2,14500.0,29000.0
ITEM0008045,PUR004560,P0005,2,4500.0,9000.0
ITEM0008046,PUR004561,P0013,1,14500.0,14500.0
ITEM0008047,PUR004562,P0014,1,650.0,650.0
ITEM0008048,PUR004563,P0003,2,32000.0,64000.0
ITEM0008049,PUR004564,P0017,1,18500.0,18500.0
ITEM0008050,PUR004564,P0013,2,14500.0,29000.0
ITEM0008051,PUR004565,P0002,1,85000.0,85000.0
ITEM0008052,PUR004565,P0013,1,14500.0,14500.0
ITEM0008053,PUR004565,P0001,1,65000.0,65000.0
ITEM0008054,PUR004566,P0011,1,4500.0,4500.0
ITEM0008055,PUR004566,P0017,2,18500.0,37000.0
ITEM0008056,PUR004566,P0008,1,4200.0,4200.0
ITEM0008057,PUR004567,P0013,2,14500.0,29000.0
ITEM0008058,PUR004567,P0001,2,65000.0,130000.0
ITEM0008059,PUR004568,P0019,1,1250.0,1250.0
ITEM0008060,PUR004569,P0002,2,85000.0,170000.0
ITEM0008061,PUR004570,P0018,2,550.0,1100.0
ITEM0008062,PUR004570,P0009,5,1900.0,9500.0
ITEM0008063,PUR004571,P0017,2,18500.0,37000.0
ITEM0008064,PUR004572,P0004,3,12500.0,37500.0
ITEM0008065,PUR004573,P0013,2,14500.0,29000.0
ITEM0008066,PUR004574,P0008,4,4200.0,16800.0
ITEM0008067,PUR004575,P0013,2,14500.0,29000.0
ITEM0008068,PUR004576,P0011,1,4500.0,4500.0
ITEM0008069,PUR004576,P0004,1,12500.0,12500.0
ITEM0008070,PUR004577,P0017,1,18500.0,18500.0
ITEM0008071,PUR004578,P0019,3,1250.0,3750.0
ITEM0008072,PUR004578,P0013,2,14500.0,29000.0
ITEM0008073,PUR004578,P0005,1,4500.0,4500.0
ITEM0008074,PUR004579,P0005,3,4500.0,13500.0
ITEM0008075,PUR004579,P0007,1,1800.0,1800.0
ITEM0008076,PUR004580,P0004,2,12500.0,25000.0
ITEM0008077,PUR004581,P0005,1,4500.0,4500.0
ITEM0008078,PUR004581,P0011,1,4500.0,4500.0
ITEM0008079,PUR004582,P0001,1,65000.0,65000.0
ITEM0008080,PUR004583,P0016,9,450.0,4050.0
ITEM0008081,PUR004583,P0007,2,1800.0,3600.0
ITEM0008082,PUR004584,P0013,2,14500.0,29000.0
ITEM0008083,PUR004584,P0005,1,4500.0,4500.0
ITEM0008084,PUR004584,P0017,2,18500.0,37000.0
ITEM0008085,PUR004585,P0016,7,450.0,3150.0
ITEM0008086,PUR004586,P0019,2,1250.0,2500.0
ITEM0008087,PUR004587,P0016,6,450.0,2700.0
ITEM0008088,PUR004588,P0019,3,1250.0,3750.0
ITEM0008089,PUR004589,P0004,2,12500.0,25000.0
ITEM0008090,PUR004590,P0015,4,1200.0,4800.0
ITEM0008091,PUR004590,P0008,3,4200.0,12600.0
ITEM0008092,PUR004591,P0017,2,18500.0,37000.0
ITEM0008093,PUR004592,P0016,9,450.0,4050.0
ITEM0008094,PUR004593,P0012,6,850.0,5100.0
ITEM0008095,PUR004593,P0015,5,1200.0,6000.0
ITEM0008096,PUR004594,P0013,2,14500.0,29000.0
ITEM0008097,PUR004595,P0002,2,85000.0,170000.0
ITEM0008098,PUR004595,P0001,2,65000.0,130000.0
ITEM0008099,PUR004596,P0008,4,4200.0,16800.0
ITEM0008100,PUR004597,P0011,1,4500.0,4500.0
ITEM0008101,PUR004598,P0011,1,4500.0,4500.0
ITEM0008102,PUR004598,P0006,4,2800.0,11200.0
ITEM0008103,PUR004599,P0017,1,18500.0,18500.0
ITEM0008104,PUR004599,P0003,3,32000.0,96000.0
ITEM0008105,PUR004600,P0010,3,2200.0,6600.0
ITEM0008106,PUR004600,P0015,5,1200.0,6000.0
ITEM0008107,PUR004601,P0006,4,2800.0,11200.0
ITEM0008108,PUR004602,P0001,2,65000.0,130000.0
ITEM0008109,PUR004602,P0002,1,85000.0,85000.0
ITEM0008110,PUR004603,P0013,2,14500.0,29000.0
ITEM0008111,PUR004603,P0006,1,2800.0,2800.0
ITEM0008112,PUR004604,P0017,1,18500.0,18500.0
ITEM0008113,PUR004605,P0019,1,1250.0,1250.0
ITEM0008114,PUR004606,P0012,6,850.0,5100.0
ITEM0008115,PUR004607,P0004,3,12500.0,37500.0
ITEM0008116,PUR004608,P0009,4,1900.0,7600.0
ITEM0008117,PUR004608,P0004,2,12500.0,25000.0
ITEM0008118,PUR004609,P0017,1,18500.0,18500.0
ITEM0008119,PUR004609,P0001,2,65000.0,130000.0
ITEM0008120,PUR004610,P0006,3,2800.0,8400.0
ITEM0008121,PUR004610,P0004,1,12500.0,12500.0
ITEM0008122,PUR004611,P0008,2,4200.0,8400.0
ITEM0008123,PUR004612,P0001,2,65000.0,130000.0
ITEM0008124,PUR004613,P0005,3,4500.0,13500.0
ITEM0008125,PUR004614,P0013,1,14500.0,14500.0
ITEM0008126,PUR004614,P0017,2,18500.0,37000.0
ITEM0008127,PUR004614,P0002,1,85000.0,85000.0
ITEM0008128,PUR004615,P0011,3,4500.0,13500.0
ITEM0008129,PUR004616,P0019,2,1250.0,2500.0
ITEM0008130,PUR004617,P0018,6,550.0,3300.0
ITEM0008131,PUR004618,P0009,3,1900.0,5700.0
ITEM0008132,PUR004618,P0006,1,2800.0,2800.0
ITEM0008133,PUR004619,P0003,2,32000.0,64000.0
ITEM0008134,PUR004620,P0008,3,4200.0,12600.0
ITEM0008135,PUR004620,P0011,3,4500.0,13500.0
ITEM0008136,PUR004620,P0006,3,2800.0,8400.0
ITEM0008137,PUR004621,P0014,1,650.0,650.0
ITEM0008138,PUR004621,P0006,1,2800.0,2800.0
ITEM0008139,PUR004621,P0004,3,12500.0,37500.0
ITEM0008140,PUR004622,P0012,2,850.0,1700.0
ITEM0008141,PUR004623,P0017,1,18500.0,18500.0
ITEM0008142,PUR004624,P0010,5,2200.0,11000.0
ITEM0008143,PUR004625,P0008,1,4200.0,4200.0
ITEM0008144,PUR004626,P0016,1,450.0,450.0
ITEM0008145,PUR004626,P0010,1,2200.0,2200.0
ITEM0008146,PUR004627,P0006,1,2800.0,2800.0
ITEM0008147,PUR004627,P0017,1,18500.0,18500.0
ITEM0008148,PUR004628,P0013,2,14500.0,29000.0
ITEM0008149,PUR004629,P0005,2,4500.0,9000.0
ITEM0008150,PUR004629,P0011,3,4500.0,13500.0
ITEM0008151,PUR004629,P0006,1,2800.0,2800.0
ITEM0008152,PUR004630,P0017,1,18500.0,18500.0
ITEM0008153,PUR004630,P0006,1,2800.0,2800.0
ITEM0008154,PUR004631,P0015,5,1200.0,6000.0
ITEM0008155,PUR004632,P0011,3,4500.0,13500.0
ITEM0008156,PUR004633,P0002,1,85000.0,85000.0
ITEM0008157,PUR004634,P0002,2,85000.0,170000.0
ITEM0008158,PUR004634,P0001,1,65000.0,65000.0
ITEM0008159,PUR004635,P0005,3,4500.0,13500.0
ITEM0008160,PUR004636,P0003,3,32000.0,96000.0
ITEM0008161,PUR004636,P0011,3,4500.0,13500.0
ITEM0008162,PUR004637,P0005,2,4500.0,9000.0
ITEM0008163,PUR004638,P0011,2,4500.0,9000.0
ITEM0008164,PUR004638,P0014,1,650.0,650.0
ITEM0008165,PUR004639,P0015,2,1200.0,2400.0
ITEM0008166,PUR004639,P0020,5,499.0,2495.0
ITEM0008167,PUR004640,P0015,1,1200.0,1200.0
ITEM0008168,PUR004640,P0004,2,12500.0,25000.0
ITEM0008169,PUR004640,P0019,1,1250.0,1250.0
ITEM0008170,PUR004641,P0012,4,850.0,3400.0
ITEM0008171,PUR004641,P0008,4,4200.0,16800.0
ITEM0008172,PUR004642,P0017,1,18500.0,18500.0
ITEM0008173,PUR004642,P0004,3,12500.0,37500.0
ITEM0008174,PUR004642,P0011,2,4500.0,9000.0
ITEM0008175,PUR004643,P0006,2,2800.0,5600.0
ITEM0008176,PUR004644,P0011,3,4500.0,13500.0
ITEM0008177,PUR004645,P0003,2,32000.0,64000.0
ITEM0008178,PUR004646,P0007,1,1800.0,1800.0
ITEM0008179,PUR004646,P0020,2,499.0,998.0
ITEM0008180,PUR004646,P0010,3,2200.0,6600.0
ITEM0008181,PUR004647,P0012,3,850.0,2550.0
ITEM0008182,PUR004648,P0004,1,12500.0,12500.0
ITEM0008183,PUR004649,P0013,2,14500.0,29000.0
ITEM0008184,PUR004650,P0011,3,4500.0,13500.0
ITEM0008185,PUR004651,P0006,2,2800.0,5600.0
ITEM0008186,PUR004651,P0019,1,1250.0,1250.0
ITEM0008187,PUR004651,P0010,2,2200.0,4400.0
ITEM0008188,PUR004651,P0009,3,1900.0,5700.0
ITEM0008189,PUR004652,P0011,2,4500.0,9000.0
ITEM0008190,PUR004653,P0006,4,2800.0,11200.0
ITEM0008191,PUR004654,P0013,2,14500.0,29000.0
ITEM0008192,PUR004654,P0003,3,32000.0,96000.0
ITEM0008193,PUR004654,P0006,2,2800.0,5600.0
ITEM0008194,PUR004655,P0004,3,12500.0,37500.0
ITEM0008195,PUR004656,P0020,4,499.0,1996.0
ITEM0008196,PUR004656,P0018,5,550.0,2750.0
ITEM0008197,PUR004657,P0005,2,4500.0,9000.0
ITEM0008198,PUR004657,P0003,1,32000.0,32000.0
ITEM0008199,PUR004657,P0013,2,14500.0,29000.0
ITEM0008200,PUR004658,P0017,2,18500.0,37000.0
ITEM0008201,PUR004659,P0004,2,12500.0,25000.0
ITEM0008202,PUR004660,P0013,1,14500.0,14500.0
ITEM0008203,PUR004660,P0017,1,18500.0,18500.0
ITEM0008204,PUR004660,P0001,2,65000.0,130000.0
ITEM0008205,PUR004661,P0002,1,85000.0,85000.0
ITEM0008206,PUR004662,P0007,1,1800.0,1800.0
ITEM0008207,PUR004662,P0014,5,650.0,3250.0
ITEM0008208,PUR004663,P0006,3,2800.0,8400.0
ITEM0008209,PUR004663,P0019,2,1250.0,2500.0
ITEM0008210,PUR004663,P0007,5,1800.0,9000.0
ITEM0008211,PUR004664,P0020,2,499.0,998.0
ITEM0008212,PUR004665,P0004,1,12500.0,12500.0
ITEM0008213,PUR004666,P0015,2,1200.0,2400.0
ITEM0008214,PUR004666,P0011,1,4500.0,4500.0
ITEM0008215,PUR004666,P0010,1,2200.0,2200.0
ITEM0008216,PUR004667,P0016,4,450.0,1800.0
ITEM0008217,PUR004667,P0014,1,650.0,650.0
ITEM0008218,PUR004668,P0019,1,1250.0,1250.0
ITEM0008219,PUR004668,P0008,5,4200.0,21000.0
ITEM0008220,PUR004669,P0017,1,18500.0,18500.0
ITEM0008221,PUR004669,P0013,2,14500.0,29000.0
ITEM0008222,PUR004670,P0020,5,499.0,2495.0
ITEM0008223,PUR004670,P0007,2,1800.0,3600.0
ITEM0008224,PUR004670,P0019,2,1250.0,2500.0
ITEM0008225,PUR004671,P0017,2,18500.0,37000.0
ITEM0008226,PUR004671,P0013,2,14500.0,29000.0
ITEM0008227,PUR004671,P0008,2,4200.0,8400.0
ITEM0008228,PUR004671,P0004,1,12500.0,12500.0
ITEM0008229,PUR004672,P0020,3,499.0,1497.0
ITEM0008230,PUR004673,P0010,4,2200.0,8800.0
ITEM0008231,PUR004674,P0017,1,18500.0,18500.0
ITEM0008232,PUR004675,P0005,1,4500.0,4500.0
ITEM0008233,PUR004676,P0006,3,2800.0,8400.0
ITEM0008234,PUR004677,P0006,2,2800.0,5600.0
ITEM0008235,PUR004677,P0005,4,4500.0,18000.0
ITEM0008236,PUR004678,P0017,1,18500.0,18500.0
ITEM0008237,PUR004679,P0014,5,650.0,3250.0
ITEM0008238,PUR004679,P0006,4,2800.0,11200.0
ITEM0008239,PUR004680,P0019,3,1250.0,3750.0
ITEM0008240,PUR004680,P0011,2,4500.0,9000.0
ITEM0008241,PUR004681,P0015,2,1200.0,2400.0
ITEM0008242,PUR004682,P0019,5,1250.0,6250.0
ITEM0008243,PUR004682,P0005,4,4500.0,18000.0
ITEM0008244,PUR004682,P0008,5,4200.0,21000.0
ITEM0008245,PUR004683,P0005,2,4500.0,9000.0
ITEM0008246,PUR004684,P0016,4,450.0,1800.0
ITEM0008247,PUR004684,P0020,3,499.0,1497.0
ITEM0008248,PUR004685,P0015,3,1200.0,3600.0
ITEM0008249,PUR004686,P0017,1,18500.0,18500.0
ITEM0008250,PUR004687,P0004,1,12500.0,12500.0
ITEM0008251,PUR004688,P0020,5,499.0,2495.0
ITEM0008252,PUR004688,P0014,5,650.0,3250.0
ITEM0008253,PUR004689,P0015,3,1200.0,3600.0
ITEM0008254,PUR004690,P0005,3,4500.0,13500.0
ITEM0008255,PUR004691,P0002,2,85000.0,170000.0
ITEM0008256,PUR004692,P0005,1,4500.0,4500.0
ITEM0008257,PUR004692,P0010,3,2200.0,6600.0
ITEM0008258,PUR004693,P0016,9,450.0,4050.0
ITEM0008259,PUR004694,P0011,3,4500.0,13500.0
ITEM0008260,PUR004695,P0005,2,4500.0,9000.0
ITEM0008261,PUR004695,P0014,6,650.0,3900.0
ITEM0008262,PUR004696,P0016,7,450.0,3150.0
ITEM0008263,PUR004696,P0015,2,1200.0,2400.0
ITEM0008264,PUR004696,P0014,5,650.0,3250.0
ITEM0008265,PUR004697,P0007,4,1800.0,7200.0
ITEM0008266,PUR004698,P0004,1,12500.0,12500.0
ITEM0008267,PUR004698,P0019,4,1250.0,5000.0
ITEM0008268,PUR004699,P0004,3,12500.0,37500.0
ITEM0008269,PUR004700,P0017,1,18500.0,18500.0
ITEM0008270,PUR004701,P0004,1,12500.0,12500.0
ITEM0008271,PUR004701,P0019,4,1250.0,5000.0
ITEM0008272,PUR004702,P0013,2,14500.0,29000.0
ITEM0008273,PUR004702,P0004,1,12500.0,12500.0
ITEM0008274,PUR004702,P0019,1,1250.0,1250.0
ITEM0008275,PUR004703,P0017,2,18500.0,37000.0
ITEM0008276,PUR004703,P0013,2,14500.0,29000.0
ITEM0008277,PUR004704,P0006,3,2800.0,8400.0
ITEM0008278,PUR004705,P0003,2,32000.0,64000.0
ITEM0008279,PUR004705,P0011,1,4500.0,4500.0
ITEM0008280,PUR004706,P0007,4,1800.0,7200.0
ITEM0008281,PUR004707,P0018,6,550.0,3300.0
ITEM0008282,PUR004707,P0015,1,1200.0,1200.0
ITEM0008283,PUR004707,P0010,1,2200.0,2200.0
ITEM0008284,PUR004707,P0019,2,1250.0,2500.0
ITEM0008285,PUR004708,P0002,1,85000.0,85000.0
ITEM0008286,PUR004708,P0003,2,32000.0,64000.0
ITEM0008287,PUR004709,P0019,4,1250.0,5000.0
ITEM0008288,PUR004710,P0006,3,2800.0,8400.0
ITEM0008289,PUR004710,P0005,1,4500.0,4500.0
ITEM0008290,PUR004711,P0016,5,450.0,2250.0
ITEM0008291,PUR004711,P0012,1,850.0,850.0
ITEM0008292,PUR004712,P0006,4,2800.0,11200.0
ITEM0008293,PUR004713,P0006,4,2800.0,11200.0
ITEM0008294,PUR004714,P0002,1,85000.0,85000.0
ITEM0008295,PUR004715,P0006,3,2800.0,8400.0
ITEM0008296,PUR004716,P0008,2,4200.0,8400.0
ITEM0008297,PUR004716,P0009,1,1900.0,1900.0
ITEM0008298,PUR004717,P0003,3,32000.0,96000.0
ITEM0008299,PUR004718,P0014,1,650.0,650.0
ITEM0008300,PUR004718,P0012,3,850.0,2550.0
ITEM0008301,PUR004718,P0007,3,1800.0,5400.0
ITEM0008302,PUR004719,P0011,1,4500.0,4500.0
ITEM0008303,PUR004719,P0013,2,14500.0,29000.0
ITEM0008304,PUR004719,P0004,3,12500.0,37500.0
ITEM0008305,PUR004720,P0014,2,650.0,1300.0
ITEM0008306,PUR004721,P0008,2,4200.0,8400.0
ITEM0008307,PUR004722,P0020,4,499.0,1996.0
ITEM0008308,PUR004722,P0009,1,1900.0,1900.0
ITEM0008309,PUR004722,P0019,5,1250.0,6250.0
ITEM0008310,PUR004723,P0008,2,4200.0,8400.0
ITEM0008311,PUR004723,P0016,5,450.0,2250.0
ITEM0008312,PUR004724,P0008,5,4200.0,21000.0
ITEM0008313,PUR004725,P0005,4,4500.0,18000.0
ITEM0008314,PUR004726,P0004,3,12500.0,37500.0
ITEM0008315,PUR004727,P0007,5,1800.0,9000.0
ITEM0008316,PUR004728,P0006,2,2800.0,5600.0
ITEM0008317,PUR004729,P0009,2,1900.0,3800.0
ITEM0008318,PUR004729,P0004,3,12500.0,37500.0
ITEM0008319,PUR004729,P0012,1,850.0,850.0
ITEM0008320,PUR004730,P0015,1,1200.0,1200.0
ITEM0008321,PUR004730,P0009,5,1900.0,9500.0
ITEM0008322,PUR004731,P0019,1,1250.0,1250.0
ITEM0008323,PUR004731,P0008,4,4200.0,16800.0
ITEM0008324,PUR004732,P0011,2,4500.0,9000.0
ITEM0008325,PUR004732,P0017,2,18500.0,37000.0
ITEM0008326,PUR004732,P0003,3,32000.0,96000.0
ITEM0008327,PUR004733,P0005,3,4500.0,13500.0
ITEM0008328,PUR004733,P0008,5,4200.0,21000.0
ITEM0008329,PUR004734,P0003,3,32000.0,96000.0
ITEM0008330,PUR004734,P0004,3,12500.0,37500.0
ITEM0008331,PUR004734,P0017,1,18500.0,18500.0
ITEM0008332,PUR004735,P0004,3,12500.0,37500.0
ITEM0008333,PUR004736,P0017,1,18500.0,18500.0
ITEM0008334,PUR004736,P0013,1,14500.0,14500.0
ITEM0008335,PUR004737,P0008,1,4200.0,4200.0
ITEM0008336,PUR004738,P0005,4,4500.0,18000.0
ITEM0008337,PUR004738,P0012,4,850.0,3400.0
ITEM0008338,PUR004739,P0014,7,650.0,4550.0
ITEM0008339,PUR004740,P0008,1,4200.0,4200.0
ITEM0008340,PUR004741,P0006,2,2800.0,5600.0
ITEM0008341,PUR004742,P0019,5,1250.0,6250.0
ITEM0008342,PUR004743,P0010,2,2200.0,4400.0
ITEM0008343,PUR004744,P0011,2,4500.0,9000.0
ITEM0008344,PUR004745,P0007,4,1800.0,7200.0
ITEM0008345,PUR004746,P0008,5,4200.0,21000.0
ITEM0008346,PUR004747,P0002,2,85000.0,170000.0
ITEM0008347,PUR004747,P0017,1,18500.0,18500.0
ITEM0008348,PUR004748,P0007,4,1800.0,7200.0
ITEM0008349,PUR004749,P0008,3,4200.0,12600.0
ITEM0008350,PUR004750,P0011,2,4500.0,9000.0
ITEM0008351,PUR004750,P0004,1,12500.0,12500.0
ITEM0008352,PUR004751,P0011,3,4500.0,13500.0
ITEM0008353,PUR004752,P0005,4,4500.0,18000.0
ITEM0008354,PUR004753,P0007,1,1800.0,1800.0
ITEM0008355,PUR004754,P0007,3,1800.0,5400.0
ITEM0008356,PUR004754,P0003,3,32000.0,96000.0
ITEM0008357,PUR004755,P0011,3,4500.0,13500.0
ITEM0008358,PUR004755,P0006,1,2800.0,2800.0
ITEM0008359,PUR004756,P0003,1,32000.0,32000.0
ITEM0008360,PUR004756,P0013,2,14500.0,29000.0
ITEM0008361,PUR004757,P0004,1,12500.0,12500.0
ITEM0008362,PUR004757,P0011,2,4500.0,9000.0
ITEM0008363,PUR004758,P0008,1,4200.0,4200.0
ITEM0008364,PUR004759,P0005,2,4500.0,9000.0
ITEM0008365,PUR004760,P0004,2,12500.0,25000.0
ITEM0008366,PUR004761,P0010,1,2200.0,2200.0
ITEM0008367,PUR004761,P0015,5,1200.0,6000.0
ITEM0008368,PUR004761,P0020,1,499.0,499.0
ITEM0008369,PUR004762,P0008,4,4200.0,16800.0
ITEM0008370,PUR004762,P0003,3,32000.0,96000.0
ITEM0008371,PUR004763,P0011,2,4500.0,9000.0
ITEM0008372,PUR004764,P0020,1,499.0,499.0
ITEM0008373,PUR004764,P0015,1,1200.0,1200.0
ITEM0008374,PUR004764,P0019,3,1250.0,3750.0
ITEM0008375,PUR004764,P0018,1,550.0,550.0
ITEM0008376,PUR004765,P0015,4,1200.0,4800.0
ITEM0008377,PUR004766,P0012,4,850.0,3400.0
ITEM0008378,PUR004766,P0014,8,650.0,5200.0
ITEM0008379,PUR004767,P0007,1,1800.0,1800.0
ITEM0008380,PUR004767,P0020,2,499.0,998.0
ITEM0008381,PUR004768,P0016,5,450.0,2250.0
ITEM0008382,PUR004769,P0010,4,2200.0,8800.0
ITEM0008383,PUR004770,P0001,1,65000.0,65000.0
ITEM0008384,PUR004771,P0005,1,4500.0,4500.0
ITEM0008385,PUR004771,P0008,5,4200.0,21000.0
ITEM0008386,PUR004772,P0008,2,4200.0,8400.0
ITEM0008387,PUR004773,P0017,2,18500.0,37000.0
ITEM0008388,PUR004774,P0007,2,1800.0,3600.0
ITEM0008389,PUR004774,P0014,8,650.0,5200.0
ITEM0008390,PUR004775,P0003,2,32000.0,64000.0
ITEM0008391,PUR004775,P0017,2,18500.0,37000.0
ITEM0008392,PUR004776,P0008,3,4200.0,12600.0
ITEM0008393,PUR004777,P0011,2,4500.0,9000.0
ITEM0008394,PUR004777,P0004,1,12500.0,12500.0
ITEM0008395,PUR004778,P0005,2,4500.0,9000.0
ITEM0008396,PUR004778,P0006,3,2800.0,8400.0
ITEM0008397,PUR004779,P0011,1,4500.0,4500.0
ITEM0008398,PUR004780,P0005,4,4500.0,18000.0
ITEM0008399,PUR004781,P0019,3,1250.0,3750.0
ITEM0008400,PUR004781,P0020,4,499.0,1996.0
ITEM0008401,PUR004782,P0006,4,2800.0,11200.0
ITEM0008402,PUR004783,P0018,3,550.0,1650.0
ITEM0008403,PUR004783,P0008,1,4200.0,4200.0
ITEM0008404,PUR004783,P0007,5,1800.0,9000.0
ITEM0008405,PUR004784,P0017,1,18500.0,18500.0
ITEM0008406,PUR004785,P0004,3,12500.0,37500.0
ITEM0008407,PUR004786,P0011,3,4500.0,13500.0
ITEM0008408,PUR004787,P0002,1,85000.0,85000.0
ITEM0008409,PUR004788,P0019,3,1250.0,3750.0
ITEM0008410,PUR004788,P0013,1,14500.0,14500.0
ITEM0008411,PUR004789,P0008,1,4200.0,4200.0
ITEM0008412,PUR004789,P0012,1,850.0,850.0
ITEM0008413,PUR004789,P0014,7,650.0,4550.0
ITEM0008414,PUR004790,P0019,5,1250.0,6250.0
ITEM0008415,PUR004791,P0009,3,1900.0,5700.0
ITEM0008416,PUR004792,P0017,2,18500.0,37000.0
ITEM0008417,PUR004792,P0003,1,32000.0,32000.0
ITEM0008418,PUR004792,P0001,2,65000.0,130000.0
ITEM0008419,PUR004793,P0005,1,4500.0,4500.0
ITEM0008420,PUR004793,P0015,5,1200.0,6000.0
ITEM0008421,PUR004793,P0018,3,550.0,1650.0
ITEM0008422,PUR004794,P0011,2,4500.0,9000.0
ITEM0008423,PUR004794,P0004,2,12500.0,25000.0
ITEM0008424,PUR004794,P0009,3,1900.0,5700.0
ITEM0008425,PUR004795,P0006,1,2800.0,2800.0
ITEM0008426,PUR004796,P0008,1,4200.0,4200.0
ITEM0008427,PUR004797,P0012,4,850.0,3400.0
ITEM0008428,PUR004798,P0012,1,850.0,850.0
ITEM0008429,PUR004798,P0016,5,450.0,2250.0
ITEM0008430,PUR004798,P0014,5,650.0,3250.0
ITEM0008431,PUR004799,P0006,1,2800.0,2800.0
ITEM0008432,PUR004800,P0002,1,85000.0,85000.0
ITEM0008433,PUR004800,P0017,2,18500.0,37000.0
ITEM0008434,PUR004801,P0011,1,4500.0,4500.0
ITEM0008435,PUR004802,P0005,4,4500.0,18000.0
ITEM0008436,PUR004803,P0010,3,2200.0,6600.0
ITEM0008437,PUR004804,P0019,4,1250.0,5000.0
ITEM0008438,PUR004805,P0018,8,550.0,4400.0
ITEM0008439,PUR004806,P0006,2,2800.0,5600.0
ITEM0008440,PUR004807,P0017,1,18500.0,18500.0
ITEM0008441,PUR004807,P0005,1,4500.0,4500.0
ITEM0008442,PUR004807,P0006,1,2800.0,2800.0
ITEM0008443,PUR004807,P0003,1,32000.0,32000.0
ITEM0008444,PUR004808,P0011,2,4500.0,9000.0
ITEM0008445,PUR004809,P0020,4,499.0,1996.0
ITEM0008446,PUR004810,P0002,2,85000.0,170000.0
ITEM0008447,PUR004811,P0017,1,18500.0,18500.0
ITEM0008448,PUR004812,P0004,1,12500.0,12500.0
ITEM0008449,PUR004812,P0010,4,2200.0,8800.0
ITEM0008450,PUR004813,P0012,5,850.0,4250.0
ITEM0008451,PUR004813,P0018,2,550.0,1100.0
ITEM0008452,PUR004814,P0017,1,18500.0,18500.0
ITEM0008453,PUR004814,P0003,2,32000.0,64000.0
ITEM0008454,PUR004815,P0019,1,1250.0,1250.0
ITEM0008455,PUR004815,P0003,2,32000.0,64000.0
ITEM0008456,PUR004816,P0019,3,1250.0,3750.0
ITEM0008457,PUR004816,P0005,1,4500.0,4500.0
ITEM0008458,PUR004816,P0011,3,4500.0,13500.0
ITEM0008459,PUR004817,P0009,5,1900.0,9500.0
ITEM0008460,PUR004817,P0012,6,850.0,5100.0
ITEM0008461,PUR004817,P0014,6,650.0,3900.0
ITEM0008462,PUR004818,P0004,2,12500.0,25000.0
ITEM0008463,PUR004818,P0017,1,18500.0,18500.0
ITEM0008464,PUR004819,P0007,1,1800.0,1800.0
ITEM0008465,PUR004820,P0012,2,850.0,1700.0
ITEM0008466,PUR004821,P0013,1,14500.0,14500.0
ITEM0008467,PUR004822,P0005,3,4500.0,13500.0
ITEM0008468,PUR004823,P0008,5,4200.0,21000.0
ITEM0008469,PUR004824,P0012,1,850.0,850.0
ITEM0008470,PUR004824,P0011,1,4500.0,4500.0
ITEM0008471,PUR004824,P0004,1,12500.0,12500.0
ITEM0008472,PUR004825,P0005,2,4500.0,9000.0
ITEM0008473,PUR004826,P0015,2,1200.0,2400.0
ITEM0008474,PUR004826,P0011,2,4500.0,9000.0
ITEM0008475,PUR004827,P0006,3,2800.0,8400.0
ITEM0008476,PUR004828,P0011,1,4500.0,4500.0
ITEM0008477,PUR004828,P0010,5,2200.0,11000.0
ITEM0008478,PUR004829,P0017,1,18500.0,18500.0
ITEM0008479,PUR004829,P0002,1,85000.0,85000.0
ITEM0008480,PUR004830,P0006,4,2800.0,11200.0
ITEM0008481,PUR004831,P0013,2,14500.0,29000.0
ITEM0008482,PUR004832,P0018,3,550.0,1650.0
ITEM0008483,PUR004833,P0014,3,650.0,1950.0
ITEM0008484,PUR004833,P0020,1,499.0,499.0
ITEM0008485,PUR004834,P0017,2,18500.0,37000.0
ITEM0008486,PUR004835,P0016,6,450.0,2700.0
ITEM0008487,PUR004835,P0009,5,1900.0,9500.0
ITEM0008488,PUR004835,P0004,3,12500.0,37500.0
ITEM0008489,PUR004836,P0007,1,1800.0,1800.0
ITEM0008490,PUR004837,P0007,1,1800.0,1800.0
ITEM0008491,PUR004838,P0002,2,85000.0,170000.0
ITEM0008492,PUR004838,P0017,2,18500.0,37000.0
ITEM0008493,PUR004839,P0017,1,18500.0,18500.0
ITEM0008494,PUR004840,P0001,1,65000.0,65000.0
ITEM0008495,PUR004840,P0003,2,32000.0,64000.0
ITEM0008496,PUR004841,P0003,3,32000.0,96000.0
ITEM0008497,PUR004842,P0003,2,32000.0,64000.0
ITEM0008498,PUR004842,P0002,2,85000.0,170000.0
ITEM0008499,PUR004843,P0014,4,650.0,2600.0
ITEM0008500,PUR004843,P0016,8,450.0,3600.0
ITEM0008501,PUR004843,P0010,5,2200.0,11000.0
ITEM0008502,PUR004844,P0006,2,2800.0,5600.0
ITEM0008503,PUR004844,P0007,5,1800.0,9000.0
ITEM0008504,PUR004845,P0004,1,12500.0,12500.0
ITEM0008505,PUR004845,P0015,4,1200.0,4800.0
ITEM0008506,PUR004845,P0008,2,4200.0,8400.0
ITEM0008507,PUR004846,P0013,2,14500.0,29000.0
ITEM0008508,PUR004847,P0007,5,1800.0,9000.0
ITEM0008509,PUR004848,P0016,3,450.0,1350.0
ITEM0008510,PUR004849,P0015,3,1200.0,3600.0
ITEM0008511,PUR004850,P0017,1,18500.0,18500.0
ITEM0008512,PUR004850,P0002,2,85000.0,170000.0
ITEM0008513,PUR004850,P0003,3,32000.0,96000.0
ITEM0008514,PUR004851,P0012,2,850.0,1700.0
ITEM0008515,PUR004852,P0007,5,1800.0,9000.0
ITEM0008516,PUR004853,P0014,8,650.0,5200.0
ITEM0008517,PUR004854,P0012,1,850.0,850.0
ITEM0008518,PUR004854,P0019,2,1250.0,2500.0
ITEM0008519,PUR004855,P0020,1,499.0,499.0
ITEM0008520,PUR004855,P0006,1,2800.0,2800.0
ITEM0008521,PUR004855,P0011,3,4500.0,13500.0
ITEM0008522,PUR004856,P0011,2,4500.0,9000.0
ITEM0008523,PUR004856,P0017,1,18500.0,18500.0
ITEM0008524,PUR004857,P0007,3,1800.0,5400.0
ITEM0008525,PUR004858,P0007,1,1800.0,1800.0
ITEM0008526,PUR004858,P0008,5,4200.0,21000.0
ITEM0008527,PUR004859,P0010,3,2200.0,6600.0
ITEM0008528,PUR004859,P0009,2,1900.0,3800.0
ITEM0008529,PUR004859,P0006,3,2800.0,8400.0
ITEM0008530,PUR004860,P0004,3,12500.0,37500.0
ITEM0008531,PUR004860,P0011,1,4500.0,4500.0
ITEM0008532,PUR004861,P0018,2,550.0,1100.0
ITEM0008533,PUR004862,P0011,3,4500.0,13500.0
ITEM0008534,PUR004863,P0006,1,2800.0,2800.0
ITEM0008535,PUR004864,P0017,1,18500.0,18500.0
ITEM0008536,PUR004865,P0005,1,4500.0,4500.0
ITEM0008537,PUR004866,P0019,5,1250.0,6250.0
ITEM0008538,PUR004866,P0006,2,2800.0,5600.0
ITEM0008539,PUR004867,P0016,9,450.0,4050.0
ITEM0008540,PUR004868,P0009,5,1900.0,9500.0
ITEM0008541,PUR004868,P0010,2,2200.0,4400.0
ITEM0008542,PUR004868,P0011,3,4500.0,13500.0
ITEM0008543,PUR004869,P0019,1,1250.0,1250.0
ITEM0008544,PUR004869,P0013,2,14500.0,29000.0
ITEM0008545,PUR004870,P0001,2,65000.0,130000.0
ITEM0008546,PUR004871,P0019,3,1250.0,3750.0
ITEM0008547,PUR004872,P0006,4,2800.0,11200.0
ITEM0008548,PUR004872,P0007,1,1800.0,1800.0
ITEM0008549,PUR004873,P0019,3,1250.0,3750.0
ITEM0008550,PUR004873,P0006,3,2800.0,8400.0
ITEM0008551,PUR004873,P0012,2,850.0,1700.0
ITEM0008552,PUR004873,P0015,2,1200.0,2400.0
ITEM0008553,PUR004874,P0009,2,1900.0,3800.0
ITEM0008554,PUR004874,P0008,1,4200.0,4200.0
ITEM0008555,PUR004875,P0015,2,1200.0,2400.0
ITEM0008556,PUR004876,P0012,3,850.0,2550.0
ITEM0008557,PUR004877,P0020,5,499.0,2495.0
ITEM0008558,PUR004877,P0014,6,650.0,3900.0
ITEM0008559,PUR004878,P0003,3,32000.0,96000.0
ITEM0008560,PUR004878,P0013,2,14500.0,29000.0
ITEM0008561,PUR004879,P0007,2,1800.0,3600.0
ITEM0008562,PUR004879,P0011,1,4500.0,4500.0
ITEM0008563,PUR004879,P0014,5,650.0,3250.0
ITEM0008564,PUR004879,P0006,3,2800.0,8400.0
ITEM0008565,PUR004880,P0006,2,2800.0,5600.0
ITEM0008566,PUR004880,P0018,3,550.0,1650.0
ITEM0008567,PUR004881,P0006,2,2800.0,5600.0
ITEM0008568,PUR004881,P0011,1,4500.0,4500.0
ITEM0008569,PUR004882,P0008,4,4200.0,16800.0
ITEM0008570,PUR004883,P0001,1,65000.0,65000.0
ITEM0008571,PUR004883,P0013,1,14500.0,14500.0
ITEM0008572,PUR004883,P0017,2,18500.0,37000.0
ITEM0008573,PUR004884,P0004,3,12500.0,37500.0
ITEM0008574,PUR004884,P0015,1,1200.0,1200.0
ITEM0008575,PUR004884,P0018,5,550.0,2750.0
ITEM0008576,PUR004885,P0005,1,4500.0,4500.0
ITEM0008577,PUR004885,P0019,5,1250.0,6250.0
ITEM0008578,PUR004886,P0009,1,1900.0,1900.0
ITEM0008579,PUR004886,P0012,4,850.0,3400.0
ITEM0008580,PUR004887,P0005,4,4500.0,18000.0
ITEM0008581,PUR004888,P0018,3,550.0,1650.0
ITEM0008582,PUR004888,P0012,2,850.0,1700.0
ITEM0008583,PUR004889,P0011,1,4500.0,4500.0
ITEM0008584,PUR004890,P0008,4,4200.0,16800.0
ITEM0008585,PUR004890,P0004,3,12500.0,37500.0
ITEM0008586,PUR004890,P0015,2,1200.0,2400.0
ITEM0008587,PUR004890,P0009,3,1900.0,5700.0
ITEM0008588,PUR004891,P0004,1,12500.0,12500.0
ITEM0008589,PUR004891,P0015,1,1200.0,1200.0
ITEM0008590,PUR004892,P0018,8,550.0,4400.0
ITEM0008591,PUR004892,P0016,4,450.0,1800.0
ITEM0008592,PUR004892,P0006,3,2800.0,8400.0
ITEM0008593,PUR004893,P0016,2,450.0,900.0
ITEM0008594,PUR004893,P0004,2,12500.0,25000.0
ITEM0008595,PUR004894,P0018,4,550.0,2200.0
ITEM0008596,PUR004895,P0011,2,4500.0,9000.0
ITEM0008597,PUR004895,P0020,2,499.0,998.0
ITEM0008598,PUR004896,P0016,6,450.0,2700.0
ITEM0008599,PUR004897,P0018,7,550.0,3850.0
ITEM0008600,PUR004898,P0007,4,1800.0,7200.0
ITEM0008601,PUR004898,P0004,3,12500.0,37500.0
ITEM0008602,PUR004898,P0006,3,2800.0,8400.0
ITEM0008603,PUR004899,P0017,1,18500.0,18500.0
ITEM0008604,PUR004899,P0013,2,14500.0,29000.0
ITEM0008605,PUR004900,P0008,3,4200.0,12600.0
ITEM0008606,PUR004900,P0019,1,1250.0,1250.0
ITEM0008607,PUR004900,P0011,3,4500.0,13500.0
ITEM0008608,PUR004901,P0017,2,18500.0,37000.0
ITEM0008609,PUR004901,P0003,2,32000.0,64000.0
ITEM0008610,PUR004902,P0017,1,18500.0,18500.0
ITEM0008611,PUR004903,P0013,2,14500.0,29000.0
ITEM0008612,PUR004903,P0003,2,32000.0,64000.0
ITEM0008613,PUR004904,P0006,3,2800.0,8400.0
ITEM0008614,PUR004905,P0003,2,32000.0,64000.0
ITEM0008615,PUR004905,P0005,4,4500.0,18000.0
ITEM0008616,PUR004906,P0007,2,1800.0,3600.0
ITEM0008617,PUR004907,P0016,8,450.0,3600.0
ITEM0008618,PUR004907,P0009,5,1900.0,9500.0
ITEM0008619,PUR004908,P0009,1,1900.0,1900.0
ITEM0008620,PUR004909,P0006,1,2800.0,2800.0
ITEM0008621,PUR004910,P0020,5,499.0,2495.0
ITEM0008622,PUR004910,P0012,4,850.0,3400.0
ITEM0008623,PUR004910,P0016,2,450.0,900.0
ITEM0008624,PUR004911,P0005,3,4500.0,13500.0
ITEM0008625,PUR004911,P0011,1,4500.0,4500.0
ITEM0008626,PUR004912,P0005,2,4500.0,9000.0
ITEM0008627,PUR004912,P0004,1,12500.0,12500.0
ITEM0008628,PUR004913,P0017,1,18500.0,18500.0
ITEM0008629,PUR004913,P0006,4,2800.0,11200.0
ITEM0008630,PUR004913,P0011,1,4500.0,4500.0
ITEM0008631,PUR004914,P0013,2,14500.0,29000.0
ITEM0008632,PUR004915,P0008,1,4200.0,4200.0
ITEM0008633,PUR004916,P0003,3,32000.0,96000.0
ITEM0008634,PUR004917,P0011,2,4500.0,9000.0
ITEM0008635,PUR004918,P0003,1,32000.0,32000.0
ITEM0008636,PUR004919,P0018,3,550.0,1650.0
ITEM0008637,PUR004919,P0011,3,4500.0,13500.0
ITEM0008638,PUR004920,P0009,5,1900.0,9500.0
ITEM0008639,PUR004921,P0019,5,1250.0,6250.0
ITEM0008640,PUR004922,P0011,1,4500.0,4500.0
ITEM0008641,PUR004923,P0001,2,65000.0,130000.0
ITEM0008642,PUR004924,P0007,2,1800.0,3600.0
ITEM0008643,PUR004925,P0005,2,4500.0,9000.0
ITEM0008644,PUR004926,P0017,2,18500.0,37000.0
ITEM0008645,PUR004926,P0006,1,2800.0,2800.0
ITEM0008646,PUR004927,P0005,1,4500.0,4500.0
ITEM0008647,PUR004928,P0005,3,4500.0,13500.0
ITEM0008648,PUR004928,P0010,4,2200.0,8800.0
ITEM0008649,PUR004929,P0018,8,550.0,4400.0
ITEM0008650,PUR004929,P0020,4,499.0,1996.0
ITEM0008651,PUR004929,P0008,4,4200.0,16800.0
ITEM0008652,PUR004929,P0012,3,850.0,2550.0
ITEM0008653,PUR004930,P0011,1,4500.0,4500.0
ITEM0008654,PUR004931,P0013,1,14500.0,14500.0
ITEM0008655,PUR004931,P0015,4,1200.0,4800.0
ITEM0008656,PUR004932,P0008,5,4200.0,21000.0
ITEM0008657,PUR004932,P0011,3,4500.0,13500.0
ITEM0008658,PUR004933,P0013,2,14500.0,29000.0
ITEM0008659,PUR004934,P0007,1,1800.0,1800.0
ITEM0008660,PUR004935,P0006,4,2800.0,11200.0
ITEM0008661,PUR004936,P0012,5,850.0,4250.0
ITEM0008662,PUR004936,P0007,1,1800.0,1800.0
ITEM0008663,PUR004937,P0013,2,14500.0,29000.0
ITEM0008664,PUR004938,P0011,2,4500.0,9000.0
ITEM0008665,PUR004939,P0017,2,18500.0,37000.0
ITEM0008666,PUR004939,P0004,2,12500.0,25000.0
ITEM0008667,PUR004940,P0003,1,32000.0,32000.0
ITEM0008668,PUR004940,P0013,1,14500.0,14500.0
ITEM0008669,PUR004940,P0017,1,18500.0,18500.0
ITEM0008670,PUR004941,P0017,1,18500.0,18500.0
ITEM0008671,PUR004942,P0017,1,18500.0,18500.0
ITEM0008672,PUR004943,P0019,3,1250.0,3750.0
ITEM0008673,PUR004944,P0011,3,4500.0,13500.0
ITEM0008674,PUR004944,P0019,1,1250.0,1250.0
ITEM0008675,PUR004945,P0009,1,1900.0,1900.0
ITEM0008676,PUR004945,P0012,2,850.0,1700.0
ITEM0008677,PUR004946,P0012,2,850.0,1700.0
ITEM0008678,PUR004947,P0011,1,4500.0,4500.0
ITEM0008679,PUR004948,P0004,3,12500.0,37500.0
ITEM0008680,PUR004949,P0002,1,85000.0,85000.0
ITEM0008681,PUR004949,P0003,1,32000.0,32000.0
ITEM0008682,PUR004949,P0001,1,65000.0,65000.0
ITEM0008683,PUR004949,P0013,1,14500.0,14500.0
ITEM0008684,PUR004950,P0004,3,12500.0,37500.0
ITEM0008685,PUR004950,P0017,1,18500.0,18500.0
ITEM0008686,PUR004950,P0008,3,4200.0,12600.0
ITEM0008687,PUR004951,P0013,1,14500.0,14500.0
ITEM0008688,PUR004952,P0001,2,65000.0,130000.0
ITEM0008689,PUR004953,P0013,1,14500.0,14500.0
ITEM0008690,PUR004954,P0013,2,14500.0,29000.0
ITEM0008691,PUR004954,P0017,1,18500.0,18500.0
ITEM0008692,PUR004955,P0013,1,14500.0,14500.0
ITEM0008693,PUR004956,P0017,1,18500.0,18500.0
ITEM0008694,PUR004956,P0003,1,32000.0,32000.0
ITEM0008695,PUR004957,P0014,2,650.0,1300.0
ITEM0008696,PUR004957,P0019,3,1250.0,3750.0
ITEM0008697,PUR004957,P0009,1,1900.0,1900.0
ITEM0008698,PUR004958,P0007,1,1800.0,1800.0
ITEM0008699,PUR004959,P0004,1,12500.0,12500.0
ITEM0008700,PUR004960,P0019,5,1250.0,6250.0
ITEM0008701,PUR004961,P0011,3,4500.0,13500.0
ITEM0008702,PUR004962,P0019,1,1250.0,1250.0
ITEM0008703,PUR004962,P0014,6,650.0,3900.0
ITEM0008704,PUR004963,P0019,1,1250.0,1250.0
ITEM0008705,PUR004963,P0011,2,4500.0,9000.0
ITEM0008706,PUR004964,P0003,2,32000.0,64000.0
ITEM0008707,PUR004965,P0015,3,1200.0,3600.0
ITEM0008708,PUR004966,P0004,3,12500.0,37500.0
ITEM0008709,PUR004966,P0016,4,450.0,1800.0
ITEM0008710,PUR004967,P0019,3,1250.0,3750.0
ITEM0008711,PUR004968,P0011,2,4500.0,9000.0
ITEM0008712,PUR004969,P0010,1,2200.0,2200.0
ITEM0008713,PUR004970,P0004,3,12500.0,37500.0
ITEM0008714,PUR004971,P0017,2,18500.0,37000.0
ITEM0008715,PUR004972,P0016,1,450.0,450.0
ITEM0008716,PUR004973,P0005,1,4500.0,4500.0
ITEM0008717,PUR004974,P0003,3,32000.0,96000.0
ITEM0008718,PUR004974,P0008,1,4200.0,4200.0
ITEM0008719,PUR004974,P0005,3,4500.0,13500.0
ITEM0008720,PUR004975,P0011,3,4500.0,13500.0
ITEM0008721,PUR004976,P0003,2,32000.0,64000.0
ITEM0008722,PUR004977,P0011,1,4500.0,4500.0
ITEM0008723,PUR004977,P0004,3,12500.0,37500.0
ITEM0008724,PUR004977,P0006,4,2800.0,11200.0
ITEM0008725,PUR004977,P0013,1,14500.0,14500.0
ITEM0008726,PUR004978,P0016,7,450.0,3150.0
ITEM0008727,PUR004978,P0008,5,4200.0,21000.0
ITEM0008728,PUR004979,P0014,3,650.0,1950.0
ITEM0008729,PUR004979,P0007,1,1800.0,1800.0
ITEM0008730,PUR004980,P0015,4,1200.0,4800.0
ITEM0008731,PUR004980,P0014,5,650.0,3250.0
ITEM0008732,PUR004981,P0015,3,1200.0,3600.0
ITEM0008733,PUR004982,P0018,8,550.0,4400.0
ITEM0008734,PUR004983,P0018,1,550.0,550.0
ITEM0008735,PUR004983,P0019,4,1250.0,5000.0
ITEM0008736,PUR004984,P0006,3,2800.0,8400.0
ITEM0008737,PUR004985,P0017,2,18500.0,37000.0
ITEM0008738,PUR004985,P0011,1,4500.0,4500.0
ITEM0008739,PUR004986,P0009,2,1900.0,3800.0
ITEM0008740,PUR004987,P0006,3,2800.0,8400.0
ITEM0008741,PUR004987,P0011,3,4500.0,13500.0
ITEM0008742,PUR004987,P0017,2,18500.0,37000.0
ITEM0008743,PUR004988,P0013,2,14500.0,29000.0
ITEM0008744,PUR004989,P0004,2,12500.0,25000.0
ITEM0008745,PUR004990,P0011,1,4500.0,4500.0
ITEM0008746,PUR004990,P0009,5,1900.0,9500.0
ITEM0008747,PUR004991,P0020,1,499.0,499.0
ITEM0008748,PUR004992,P0017,2,18500.0,37000.0
ITEM0008749,PUR004993,P0017,1,18500.0,18500.0
ITEM0008750,PUR004993,P0013,1,14500.0,14500.0
ITEM0008751,PUR004993,P0003,2,32000.0,64000.0
ITEM0008752,PUR004994,P0004,2,12500.0,25000.0
ITEM0008753,PUR004994,P0005,3,4500.0,13500.0
ITEM0008754,PUR004995,P0018,2,550.0,1100.0
ITEM0008755,PUR004996,P0017,2,18500.0,37000.0
ITEM0008756,PUR004996,P0003,2,32000.0,64000.0
ITEM0008757,PUR004996,P0005,4,4500.0,18000.0
ITEM0008758,PUR004997,P0008,1,4200.0,4200.0
ITEM0008759,PUR004997,P0014,2,650.0,1300.0
ITEM0008760,PUR004998,P0013,2,14500.0,29000.0
ITEM0008761,PUR004998,P0003,1,32000.0,32000.0
ITEM0008762,PUR004999,P0020,5,499.0,2495.0
ITEM0008763,PUR004999,P0019,3,1250.0,3750.0
ITEM0008764,PUR004999,P0011,1,4500.0,4500.0
ITEM0008765,PUR005000,P0018,7,550.0,3850.0
ITEM0008766,PUR005000,P0008,2,4200.0,8400.0
ITEM0008767,PUR005000,P0009,3,1900.0,5700.0
ITEM0008768,PUR005001,P0019,3,1250.0,3750.0
ITEM0008769,PUR005001,P0013,1,14500.0,14500.0
ITEM0008770,PUR005001,P0017,2,18500.0,37000.0
ITEM0008771,PUR005001,P0011,2,4500.0,9000.0
ITEM0008772,PUR005002,P0017,2,18500.0,37000.0
ITEM0008773,PUR005003,P0003,1,32000.0,32000.0
ITEM0008774,PUR005003,P0001,1,65000.0,65000.0
ITEM0008775,PUR005004,P0017,2,18500.0,37000.0
ITEM0008776,PUR005005,P0003,2,32000.0,64000.0
ITEM0008777,PUR005005,P0017,2,18500.0,37000.0
ITEM0008778,PUR005006,P0013,2,14500.0,29000.0
ITEM0008779,PUR005007,P0010,4,2200.0,8800.0
ITEM0008780,PUR005008,P0013,2,14500.0,29000.0
ITEM0008781,PUR005009,P0004,3,12500.0,37500.0
ITEM0008782,PUR005009,P0012,5,850.0,4250.0
ITEM0008783,PUR005010,P0014,2,650.0,1300.0
ITEM0008784,PUR005010,P0015,5,1200.0,6000.0
ITEM0008785,PUR005011,P0009,4,1900.0,7600.0
ITEM0008786,PUR005012,P0015,2,1200.0,2400.0
ITEM0008787,PUR005013,P0006,2,2800.0,5600.0
ITEM0008788,PUR005014,P0003,3,32000.0,96000.0
ITEM0008789,PUR005015,P0010,3,2200.0,6600.0
ITEM0008790,PUR005016,P0005,2,4500.0,9000.0
ITEM0008791,PUR005017,P0004,1,12500.0,12500.0
ITEM0008792,PUR005017,P0019,3,1250.0,3750.0
ITEM0008793,PUR005017,P0011,1,4500.0,4500.0
ITEM0008794,PUR005018,P0014,6,650.0,3900.0
ITEM0008795,PUR005018,P0011,1,4500.0,4500.0
ITEM0008796,PUR005018,P0007,1,1800.0,1800.0
ITEM0008797,PUR005019,P0006,2,2800.0,5600.0
ITEM0008798,PUR005019,P0011,2,4500.0,9000.0
ITEM0008799,PUR005019,P0019,3,1250.0,3750.0
ITEM0008800,PUR005020,P0019,5,1250.0,6250.0
ITEM0008801,PUR005021,P0017,1,18500.0,18500.0
ITEM0008802,PUR005021,P0005,4,4500.0,18000.0
ITEM0008803,PUR005022,P0001,1,65000.0,65000.0
ITEM0008804,PUR005023,P0019,4,1250.0,5000.0
ITEM0008805,PUR005024,P0004,3,12500.0,37500.0
ITEM0008806,PUR005025,P0004,3,12500.0,37500.0
ITEM0008807,PUR005026,P0011,3,4500.0,13500.0
ITEM0008808,PUR005026,P0015,3,1200.0,3600.0
ITEM0008809,PUR005026,P0016,3,450.0,1350.0
ITEM0008810,PUR005026,P0005,1,4500.0,4500.0
ITEM0008811,PUR005027,P0014,6,650.0,3900.0
ITEM0008812,PUR005028,P0006,4,2800.0,11200.0
ITEM0008813,PUR005029,P0007,4,1800.0,7200.0
ITEM0008814,PUR005029,P0006,1,2800.0,2800.0
ITEM0008815,PUR005030,P0018,6,550.0,3300.0
ITEM0008816,PUR005030,P0005,2,4500.0,9000.0
ITEM0008817,PUR005031,P0011,1,4500.0,4500.0
ITEM0008818,PUR005032,P0007,1,1800.0,1800.0
ITEM0008819,PUR005033,P0003,3,32000.0,96000.0
ITEM0008820,PUR005033,P0013,2,14500.0,29000.0
ITEM0008821,PUR005034,P0001,2,65000.0,130000.0
ITEM0008822,PUR005035,P0003,2,32000.0,64000.0
ITEM0008823,PUR005036,P0009,3,1900.0,5700.0
ITEM0008824,PUR005037,P0009,4,1900.0,7600.0
ITEM0008825,PUR005037,P0006,2,2800.0,5600.0
ITEM0008826,PUR005038,P0003,3,32000.0,96000.0
ITEM0008827,PUR005039,P0012,5,850.0,4250.0
ITEM0008828,PUR005040,P0011,1,4500.0,4500.0
ITEM0008829,PUR005041,P0006,3,2800.0,8400.0
ITEM0008830,PUR005041,P0011,2,4500.0,9000.0
ITEM0008831,PUR005042,P0005,1,4500.0,4500.0
ITEM0008832,PUR005042,P0019,2,1250.0,2500.0
ITEM0008833,PUR005043,P0010,5,2200.0,11000.0
ITEM0008834,PUR005044,P0010,4,2200.0,8800.0
ITEM0008835,PUR005045,P0013,2,14500.0,29000.0
ITEM0008836,PUR005045,P0017,1,18500.0,18500.0
ITEM0008837,PUR005046,P0007,5,1800.0,9000.0
ITEM0008838,PUR005047,P0007,4,1800.0,7200.0
ITEM0008839,PUR005047,P0012,6,850.0,5100.0
ITEM0008840,PUR005048,P0014,7,650.0,4550.0
ITEM0008841,PUR005048,P0010,5,2200.0,11000.0
ITEM0008842,PUR005048,P0006,1,2800.0,2800.0
ITEM0008843,PUR005049,P0007,2,1800.0,3600.0
ITEM0008844,PUR005050,P0008,5,4200.0,21000.0
ITEM0008845,PUR005050,P0011,3,4500.0,13500.0
ITEM0008846,PUR005050,P0006,1,2800.0,2800.0
ITEM0008847,PUR005051,P0019,1,1250.0,1250.0
ITEM0008848,PUR005052,P0014,3,650.0,1950.0
ITEM0008849,PUR005053,P0005,1,4500.0,4500.0
ITEM0008850,PUR005054,P0011,3,4500.0,13500.0
ITEM0008851,PUR005054,P0005,4,4500.0,18000.0
ITEM0008852,PUR005054,P0020,3,499.0,1497.0
ITEM0008853,PUR005055,P0020,1,499.0,499.0
ITEM0008854,PUR005055,P0016,3,450.0,1350.0
ITEM0008855,PUR005056,P0011,3,4500.0,13500.0
ITEM0008856,PUR005057,P0011,3,4500.0,13500.0
ITEM0008857,PUR005058,P0007,5,1800.0,9000.0
ITEM0008858,PUR005058,P0015,2,1200.0,2400.0
ITEM0008859,PUR005058,P0018,7,550.0,3850.0
ITEM0008860,PUR005059,P0011,2,4500.0,9000.0
ITEM0008861,PUR005060,P0013,1,14500.0,14500.0
ITEM0008862,PUR005061,P0019,1,1250.0,1250.0
ITEM0008863,PUR005061,P0009,2,1900.0,3800.0
ITEM0008864,PUR005061,P0020,1,499.0,499.0
ITEM0008865,PUR005061,P0016,10,450.0,4500.0
ITEM0008866,PUR005062,P0017,1,18500.0,18500.0
ITEM0008867,PUR005063,P0005,3,4500.0,13500.0
ITEM0008868,PUR005064,P0006,4,2800.0,11200.0
ITEM0008869,PUR005064,P0004,3,12500.0,37500.0
ITEM0008870,PUR005064,P0018,3,550.0,1650.0
ITEM0008871,PUR005065,P0016,6,450.0,2700.0
ITEM0008872,PUR005065,P0019,5,1250.0,6250.0
ITEM0008873,PUR005066,P0015,3,1200.0,3600.0
ITEM0008874,PUR005066,P0019,2,1250.0,2500.0
ITEM0008875,PUR005066,P0012,2,850.0,1700.0
ITEM0008876,PUR005067,P0015,1,1200.0,1200.0
ITEM0008877,PUR005067,P0016,9,450.0,4050.0
ITEM0008878,PUR005067,P0014,7,650.0,4550.0
ITEM0008879,PUR005067,P0020,3,499.0,1497.0
ITEM0008880,PUR005068,P0020,2,499.0,998.0
ITEM0008881,PUR005068,P0004,1,12500.0,12500.0
ITEM0008882,PUR005069,P0019,4,1250.0,5000.0
ITEM0008883,PUR005069,P0012,4,850.0,3400.0
ITEM0008884,PUR005070,P0011,2,4500.0,9000.0
ITEM0008885,PUR005070,P0007,5,1800.0,9000.0
ITEM0008886,PUR005071,P0003,2,32000.0,64000.0
ITEM0008887,PUR005071,P0017,1,18500.0,18500.0
ITEM0008888,PUR005072,P0016,3,450.0,1350.0
ITEM0008889,PUR005073,P0011,2,4500.0,9000.0
ITEM0008890,PUR005074,P0018,7,550.0,3850.0
ITEM0008891,PUR005074,P0014,4,650.0,2600.0
ITEM0008892,PUR005075,P0018,8,550.0,4400.0
ITEM0008893,PUR005076,P0014,2,650.0,1300.0
ITEM0008894,PUR005076,P0010,1,2200.0,2200.0
ITEM0008895,PUR005076,P0020,4,499.0,1996.0
ITEM0008896,PUR005076,P0006,1,2800.0,2800.0
ITEM0008897,PUR005077,P0005,4,4500.0,18000.0
ITEM0008898,PUR005077,P0017,1,18500.0,18500.0
ITEM0008899,PUR005077,P0003,2,32000.0,64000.0
ITEM0008900,PUR005077,P0008,2,4200.0,8400.0
ITEM0008901,PUR005078,P0003,1,32000.0,32000.0
ITEM0008902,PUR005078,P0017,2,18500.0,37000.0
ITEM0008903,PUR005079,P0013,2,14500.0,29000.0
ITEM0008904,PUR005080,P0017,2,18500.0,37000.0
ITEM0008905,PUR005080,P0003,2,32000.0,64000.0
ITEM0008906,PUR005081,P0017,2,18500.0,37000.0
ITEM0008907,PUR005081,P0002,2,85000.0,170000.0
ITEM0008908,PUR005082,P0018,5,550.0,2750.0
ITEM0008909,PUR005083,P0016,1,450.0,450.0
ITEM0008910,PUR005084,P0011,3,4500.0,13500.0
ITEM0008911,PUR005085,P0017,2,18500.0,37000.0
ITEM0008912,PUR005086,P0017,1,18500.0,18500.0
ITEM0008913,PUR005086,P0008,2,4200.0,8400.0
ITEM0008914,PUR005086,P0003,3,32000.0,96000.0
ITEM0008915,PUR005087,P0003,2,32000.0,64000.0
ITEM0008916,PUR005088,P0019,1,1250.0,1250.0
ITEM0008917,PUR005088,P0011,3,4500.0,13500.0
ITEM0008918,PUR005089,P0017,1,18500.0,18500.0
ITEM0008919,PUR005089,P0004,2,12500.0,25000.0
ITEM0008920,PUR005089,P0013,1,14500.0,14500.0
ITEM0008921,PUR005090,P0001,2,65000.0,130000.0
ITEM0008922,PUR005090,P0002,1,85000.0,85000.0
ITEM0008923,PUR005090,P0003,2,32000.0,64000.0
ITEM0008924,PUR005091,P0010,3,2200.0,6600.0
ITEM0008925,PUR005091,P0016,8,450.0,3600.0
ITEM0008926,PUR005091,P0007,4,1800.0,7200.0
ITEM0008927,PUR005092,P0012,5,850.0,4250.0
ITEM0008928,PUR005093,P0005,2,4500.0,9000.0
ITEM0008929,PUR005093,P0011,3,4500.0,13500.0
ITEM0008930,PUR005093,P0003,3,32000.0,96000.0
ITEM0008931,PUR005094,P0015,5,1200.0,6000.0
ITEM0008932,PUR005095,P0005,4,4500.0,18000.0
ITEM0008933,PUR005096,P0016,8,450.0,3600.0
ITEM0008934,PUR005097,P0006,2,2800.0,5600.0
ITEM0008935,PUR005098,P0011,3,4500.0,13500.0
ITEM0008936,PUR005098,P0017,1,18500.0,18500.0
ITEM0008937,PUR005099,P0003,2,32000.0,64000.0
ITEM0008938,PUR005100,P0004,1,12500.0,12500.0
ITEM0008939,PUR005100,P0006,4,2800.0,11200.0
ITEM0008940,PUR005100,P0020,5,499.0,2495.0
ITEM0008941,PUR005100,P0018,7,550.0,3850.0
ITEM0008942,PUR005101,P0004,3,12500.0,37500.0
ITEM0008943,PUR005101,P0006,1,2800.0,2800.0
ITEM0008944,PUR005101,P0013,2,14500.0,29000.0
ITEM0008945,PUR005101,P0008,2,4200.0,8400.0
ITEM0008946,PUR005102,P0011,3,4500.0,13500.0
ITEM0008947,PUR005103,P0020,5,499.0,2495.0
ITEM0008948,PUR005103,P0006,4,2800.0,11200.0
ITEM0008949,PUR005104,P0016,9,450.0,4050.0
ITEM0008950,PUR005105,P0020,5,499.0,2495.0
ITEM0008951,PUR005105,P0018,3,550.0,1650.0
ITEM0008952,PUR005105,P0012,3,850.0,2550.0
ITEM0008953,PUR005106,P0011,3,4500.0,13500.0
ITEM0008954,PUR005107,P0005,4,4500.0,18000.0
ITEM0008955,PUR005108,P0003,2,32000.0,64000.0
ITEM0008956,PUR005109,P0012,6,850.0,5100.0
ITEM0008957,PUR005109,P0007,2,1800.0,3600.0
ITEM0008958,PUR005109,P0018,5,550.0,2750.0
ITEM0008959,PUR005110,P0004,1,12500.0,12500.0
ITEM0008960,PUR005111,P0013,2,14500.0,29000.0
ITEM0008961,PUR005111,P0002,2,85000.0,170000.0
ITEM0008962,PUR005112,P0004,1,12500.0,12500.0
ITEM0008963,PUR005113,P0017,2,18500.0,37000.0
ITEM0008964,PUR005113,P0001,2,65000.0,130000.0
ITEM0008965,PUR005114,P0013,1,14500.0,14500.0
ITEM0008966,PUR005114,P0003,2,32000.0,64000.0
ITEM0008967,PUR005115,P0013,2,14500.0,29000.0
ITEM0008968,PUR005116,P0008,2,4200.0,8400.0
ITEM0008969,PUR005117,P0017,2,18500.0,37000.0
ITEM0008970,PUR005118,P0007,5,1800.0,9000.0
ITEM0008971,PUR005119,P0017,2,18500.0,37000.0
ITEM0008972,PUR005119,P0002,2,85000.0,170000.0
ITEM0008973,PUR005119,P0003,1,32000.0,32000.0
ITEM0008974,PUR005120,P0007,5,1800.0,9000.0
ITEM0008975,PUR005121,P0010,5,2200.0,11000.0
ITEM0008976,PUR005122,P0001,1,65000.0,65000.0
ITEM0008977,PUR005123,P0011,2,4500.0,9000.0
ITEM0008978,PUR005123,P0007,4,1800.0,7200.0
ITEM0008979,PUR005124,P0017,2,18500.0,37000.0
ITEM0008980,PUR005124,P0003,2,32000.0,64000.0
ITEM0008981,PUR005124,P0013,2,14500.0,29000.0
ITEM0008982,PUR005125,P0017,2,18500.0,37000.0
ITEM0008983,PUR005125,P0003,1,32000.0,32000.0
ITEM0008984,PUR005126,P0013,2,14500.0,29000.0
ITEM0008985,PUR005127,P0013,2,14500.0,29000.0
ITEM0008986,PUR005128,P0007,3,1800.0,5400.0
ITEM0008987,PUR005128,P0004,3,12500.0,37500.0
ITEM0008988,PUR005129,P0013,1,14500.0,14500.0
ITEM0008989,PUR005129,P0004,1,12500.0,12500.0
ITEM0008990,PUR005129,P0005,3,4500.0,13500.0
ITEM0008991,PUR005129,P0017,1,18500.0,18500.0
ITEM0008992,PUR005130,P0019,1,1250.0,1250.0
ITEM0008993,PUR005131,P0018,6,550.0,3300.0
ITEM0008994,PUR005131,P0019,2,1250.0,2500.0
ITEM0008995,PUR005131,P0020,2,499.0,998.0
ITEM0008996,PUR005132,P0018,2,550.0,1100.0
ITEM0008997,PUR005133,P0012,5,850.0,4250.0
ITEM0008998,PUR005134,P0006,2,2800.0,5600.0
ITEM0008999,PUR005135,P0006,1,2800.0,2800.0
ITEM0009000,PUR005136,P0009,3,1900.0,5700.0
ITEM0009001,PUR005136,P0012,6,850.0,5100.0
ITEM0009002,PUR005137,P0014,4,650.0,2600.0
ITEM0009003,PUR005137,P0010,1,2200.0,2200.0
ITEM0009004,PUR005138,P0013,2,14500.0,29000.0
ITEM0009005,PUR005138,P0002,2,85000.0,170000.0
ITEM0009006,PUR005138,P0001,2,65000.0,130000.0
ITEM0009007,PUR005138,P0017,2,18500.0,37000.0
ITEM0009008,PUR005139,P0017,1,18500.0,18500.0
ITEM0009009,PUR005139,P0006,2,2800.0,5600.0
ITEM0009010,PUR005140,P0001,1,65000.0,65000.0
ITEM0009011,PUR005141,P0010,4,2200.0,8800.0
ITEM0009012,PUR005142,P0002,2,85000.0,170000.0
ITEM0009013,PUR005142,P0003,1,32000.0,32000.0
ITEM0009014,PUR005143,P0014,2,650.0,1300.0
ITEM0009015,PUR005144,P0004,2,12500.0,25000.0
ITEM0009016,PUR005144,P0008,3,4200.0,12600.0
ITEM0009017,PUR005145,P0018,3,550.0,1650.0
ITEM0009018,PUR005145,P0016,6,450.0,2700.0
ITEM0009019,PUR005146,P0003,1,32000.0,32000.0
ITEM0009020,PUR005147,P0004,3,12500.0,37500.0
ITEM0009021,PUR005148,P0005,4,4500.0,18000.0
ITEM0009022,PUR005148,P0011,3,4500.0,13500.0
ITEM0009023,PUR005149,P0003,2,32000.0,64000.0
ITEM0009024,PUR005150,P0010,3,2200.0,6600.0
ITEM0009025,PUR005150,P0020,4,499.0,1996.0
ITEM0009026,PUR005151,P0003,2,32000.0,64000.0
ITEM0009027,PUR005152,P0008,4,4200.0,16800.0
ITEM0009028,PUR005153,P0004,1,12500.0,12500.0
ITEM0009029,PUR005153,P0020,4,499.0,1996.0
ITEM0009030,PUR005154,P0008,3,4200.0,12600.0
ITEM0009031,PUR005155,P0011,3,4500.0,13500.0
ITEM0009032,PUR005156,P0010,2,2200.0,4400.0
ITEM0009033,PUR005156,P0020,3,499.0,1497.0
ITEM0009034,PUR005157,P0015,1,1200.0,1200.0
ITEM0009035,PUR005157,P0010,5,2200.0,11000.0
ITEM0009036,PUR005158,P0001,2,65000.0,130000.0
ITEM0009037,PUR005159,P0006,3,2800.0,8400.0
ITEM0009038,PUR005159,P0013,2,14500.0,29000.0
ITEM0009039,PUR005159,P0005,1,4500.0,4500.0
ITEM0009040,PUR005160,P0013,1,14500.0,14500.0
ITEM0009041,PUR005161,P0016,10,450.0,4500.0
ITEM0009042,PUR005161,P0011,1,4500.0,4500.0
ITEM0009043,PUR005162,P0015,3,1200.0,3600.0
ITEM0009044,PUR005162,P0004,2,12500.0,25000.0
ITEM0009045,PUR005162,P0014,5,650.0,3250.0
ITEM0009046,PUR005163,P0016,10,450.0,4500.0
ITEM0009047,PUR005164,P0016,6,450.0,2700.0
ITEM0009048,PUR005165,P0014,1,650.0,650.0
ITEM0009049,PUR005166,P0003,1,32000.0,32000.0
ITEM0009050,PUR005166,P0017,2,18500.0,37000.0
ITEM0009051,PUR005166,P0013,2,14500.0,29000.0
ITEM0009052,PUR005166,P0011,1,4500.0,4500.0
ITEM0009053,PUR005167,P0009,5,1900.0,9500.0
ITEM0009054,PUR005167,P0012,3,850.0,2550.0
ITEM0009055,PUR005167,P0015,1,1200.0,1200.0
ITEM0009056,PUR005168,P0010,1,2200.0,2200.0
ITEM0009057,PUR005169,P0011,3,4500.0,13500.0
ITEM0009058,PUR005170,P0008,4,4200.0,16800.0
ITEM0009059,PUR005170,P0007,1,1800.0,1800.0
ITEM0009060,PUR005170,P0019,2,1250.0,2500.0
ITEM0009061,PUR005170,P0018,1,550.0,550.0
ITEM0009062,PUR005171,P0010,4,2200.0,8800.0
ITEM0009063,PUR005172,P0006,3,2800.0,8400.0
ITEM0009064,PUR005172,P0004,1,12500.0,12500.0
ITEM0009065,PUR005172,P0005,4,4500.0,18000.0
ITEM0009066,PUR005173,P0019,2,1250.0,2500.0
ITEM0009067,PUR005173,P0006,3,2800.0,8400.0
ITEM0009068,PUR005174,P0002,2,85000.0,170000.0
ITEM0009069,PUR005175,P0017,1,18500.0,18500.0
ITEM0009070,PUR005175,P0013,2,14500.0,29000.0
ITEM0009071,PUR005176,P0005,4,4500.0,18000.0
ITEM0009072,PUR005177,P0003,2,32000.0,64000.0
ITEM0009073,PUR005177,P0011,3,4500.0,13500.0
ITEM0009074,PUR005178,P0002,2,85000.0,170000.0
ITEM0009075,PUR005179,P0008,5,4200.0,21000.0
ITEM0009076,PUR005179,P0010,2,2200.0,4400.0
ITEM0009077,PUR005180,P0008,3,4200.0,12600.0
ITEM0009078,PUR005181,P0005,1,4500.0,4500.0
ITEM0009079,PUR005181,P0003,3,32000.0,96000.0
ITEM0009080,PUR005182,P0018,5,550.0,2750.0
ITEM0009081,PUR005182,P0020,5,499.0,2495.0
ITEM0009082,PUR005183,P0010,4,2200.0,8800.0
ITEM0009083,PUR005183,P0019,5,1250.0,6250.0
ITEM0009084,PUR005184,P0017,1,18500.0,18500.0
ITEM0009085,PUR005184,P0013,2,14500.0,29000.0
ITEM0009086,PUR005185,P0019,1,1250.0,1250.0
ITEM0009087,PUR005185,P0004,1,12500.0,12500.0
ITEM0009088,PUR005185,P0006,4,2800.0,11200.0
ITEM0009089,PUR005185,P0003,1,32000.0,32000.0
ITEM0009090,PUR005186,P0002,2,85000.0,170000.0
ITEM0009091,PUR005186,P0017,2,18500.0,37000.0
ITEM0009092,PUR005187,P0006,1,2800.0,2800.0
ITEM0009093,PUR005187,P0004,1,12500.0,12500.0
ITEM0009094,PUR005187,P0018,4,550.0,2200.0
ITEM0009095,PUR005188,P0004,1,12500.0,12500.0
ITEM0009096,PUR005188,P0011,1,4500.0,4500.0
ITEM0009097,PUR005188,P0014,5,650.0,3250.0
ITEM0009098,PUR005189,P0016,2,450.0,900.0
ITEM0009099,PUR005189,P0018,2,550.0,1100.0
ITEM0009100,PUR005190,P0010,5,2200.0,11000.0
ITEM0009101,PUR005190,P0012,2,850.0,1700.0
ITEM0009102,PUR005191,P0013,2,14500.0,29000.0
ITEM0009103,PUR005192,P0013,1,14500.0,14500.0
ITEM0009104,PUR005193,P0002,2,85000.0,170000.0
ITEM0009105,PUR005193,P0017,1,18500.0,18500.0
ITEM0009106,PUR005194,P0003,2,32000.0,64000.0
ITEM0009107,PUR005195,P0006,2,2800.0,5600.0
ITEM0009108,PUR005196,P0013,1,14500.0,14500.0
ITEM0009109,PUR005196,P0017,2,18500.0,37000.0
ITEM0009110,PUR005197,P0020,5,499.0,2495.0
ITEM0009111,PUR005198,P0004,2,12500.0,25000.0
ITEM0009112,PUR005198,P0013,2,14500.0,29000.0
ITEM0009113,PUR005198,P0019,3,1250.0,3750.0
ITEM0009114,PUR005199,P0013,2,14500.0,29000.0
ITEM0009115,PUR005199,P0019,4,1250.0,5000.0
ITEM0009116,PUR005200,P0001,1,65000.0,65000.0
ITEM0009117,PUR005201,P0008,3,4200.0,12600.0
ITEM0009118,PUR005202,P0013,2,14500.0,29000.0
ITEM0009119,PUR005202,P0001,2,65000.0,130000.0
ITEM0009120,PUR005203,P0013,1,14500.0,14500.0
ITEM0009121,PUR005203,P0006,1,2800.0,2800.0
ITEM0009122,PUR005204,P0001,2,65000.0,130000.0
ITEM0009123,PUR005205,P0015,1,1200.0,1200.0
ITEM0009124,PUR005206,P0007,1,1800.0,1800.0
ITEM0009125,PUR005206,P0018,1,550.0,550.0
ITEM0009126,PUR005206,P0016,1,450.0,450.0
ITEM0009127,PUR005207,P0013,1,14500.0,14500.0
ITEM0009128,PUR005208,P0001,1,65000.0,65000.0
ITEM0009129,PUR005208,P0017,1,18500.0,18500.0
ITEM0009130,PUR005209,P0015,4,1200.0,4800.0
ITEM0009131,PUR005209,P0018,1,550.0,550.0
ITEM0009132,PUR005210,P0019,4,1250.0,5000.0
ITEM0009133,PUR005210,P0006,2,2800.0,5600.0
ITEM0009134,PUR005211,P0015,1,1200.0,1200.0
ITEM0009135,PUR005211,P0005,1,4500.0,4500.0
ITEM0009136,PUR005212,P0006,1,2800.0,2800.0
ITEM0009137,PUR005213,P0019,5,1250.0,6250.0
ITEM0009138,PUR005213,P0006,1,2800.0,2800.0
ITEM0009139,PUR005213,P0003,2,32000.0,64000.0
ITEM0009140,PUR005214,P0003,3,32000.0,96000.0
ITEM0009141,PUR005214,P0011,3,4500.0,13500.0
ITEM0009142,PUR005215,P0019,4,1250.0,5000.0
ITEM0009143,PUR005216,P0008,1,4200.0,4200.0
ITEM0009144,PUR005216,P0009,5,1900.0,9500.0
ITEM0009145,PUR005217,P0019,1,1250.0,1250.0
ITEM0009146,PUR005218,P0017,1,18500.0,18500.0
ITEM0009147,PUR005219,P0016,5,450.0,2250.0
ITEM0009148,PUR005220,P0006,2,2800.0,5600.0
ITEM0009149,PUR005221,P0014,4,650.0,2600.0
ITEM0009150,PUR005221,P0005,2,4500.0,9000.0
ITEM0009151,PUR005221,P0006,4,2800.0,11200.0
ITEM0009152,PUR005222,P0011,3,4500.0,13500.0
ITEM0009153,PUR005222,P0005,4,4500.0,18000.0
ITEM0009154,PUR005222,P0008,2,4200.0,8400.0
ITEM0009155,PUR005223,P0011,3,4500.0,13500.0
ITEM0009156,PUR005223,P0006,3,2800.0,8400.0
ITEM0009157,PUR005224,P0007,3,1800.0,5400.0
ITEM0009158,PUR005225,P0019,4,1250.0,5000.0
ITEM0009159,PUR005226,P0010,3,2200.0,6600.0
ITEM0009160,PUR005227,P0011,2,4500.0,9000.0
ITEM0009161,PUR005228,P0010,1,2200.0,2200.0
ITEM0009162,PUR005228,P0006,3,2800.0,8400.0
ITEM0009163,PUR005229,P0014,1,650.0,650.0
ITEM0009164,PUR005230,P0004,3,12500.0,37500.0
ITEM0009165,PUR005230,P0005,4,4500.0,18000.0
ITEM0009166,PUR005231,P0008,5,4200.0,21000.0
ITEM0009167,PUR005231,P0018,5,550.0,2750.0
ITEM0009168,PUR005232,P0017,1,18500.0,18500.0
ITEM0009169,PUR005232,P0008,3,4200.0,12600.0
ITEM0009170,PUR005232,P0004,3,12500.0,37500.0
ITEM0009171,PUR005233,P0016,3,450.0,1350.0
ITEM0009172,PUR005234,P0008,2,4200.0,8400.0
ITEM0009173,PUR005235,P0013,1,14500.0,14500.0
ITEM0009174,PUR005236,P0016,3,450.0,1350.0
ITEM0009175,PUR005237,P0003,1,32000.0,32000.0
ITEM0009176,PUR005238,P0006,2,2800.0,5600.0
ITEM0009177,PUR005239,P0003,3,32000.0,96000.0
ITEM0009178,PUR005240,P0008,3,4200.0,12600.0
ITEM0009179,PUR005241,P0011,1,4500.0,4500.0
ITEM0009180,PUR005241,P0004,1,12500.0,12500.0
ITEM0009181,PUR005242,P0008,4,4200.0,16800.0
ITEM0009182,PUR005243,P0005,4,4500.0,18000.0
ITEM0009183,PUR005243,P0011,2,4500.0,9000.0
ITEM0009184,PUR005244,P0020,2,499.0,998.0
ITEM0009185,PUR005244,P0007,3,1800.0,5400.0
ITEM0009186,PUR005244,P0010,5,2200.0,11000.0
ITEM0009187,PUR005244,P0014,4,650.0,2600.0
ITEM0009188,PUR005245,P0001,1,65000.0,65000.0
ITEM0009189,PUR005245,P0003,2,32000.0,64000.0
ITEM0009190,PUR005245,P0013,2,14500.0,29000.0
ITEM0009191,PUR005246,P0019,1,1250.0,1250.0
ITEM0009192,PUR005246,P0020,5,499.0,2495.0
ITEM0009193,PUR005247,P0018,4,550.0,2200.0
ITEM0009194,PUR005247,P0012,6,850.0,5100.0
ITEM0009195,PUR005247,P0015,4,1200.0,4800.0
ITEM0009196,PUR005248,P0002,1,85000.0,85000.0
ITEM0009197,PUR005248,P0003,1,32000.0,32000.0
ITEM0009198,PUR005248,P0013,2,14500.0,29000.0
ITEM0009199,PUR005249,P0002,2,85000.0,170000.0
ITEM0009200,PUR005249,P0001,2,65000.0,130000.0
ITEM0009201,PUR005250,P0015,3,1200.0,3600.0
ITEM0009202,PUR005250,P0016,5,450.0,2250.0
ITEM0009203,PUR005251,P0006,1,2800.0,2800.0
ITEM0009204,PUR005252,P0015,4,1200.0,4800.0
ITEM0009205,PUR005253,P0010,4,2200.0,8800.0
ITEM0009206,PUR005253,P0020,2,499.0,998.0
ITEM0009207,PUR005254,P0001,1,65000.0,65000.0
ITEM0009208,PUR005254,P0002,2,85000.0,170000.0
ITEM0009209,PUR005255,P0009,3,1900.0,5700.0
ITEM0009210,PUR005255,P0015,5,1200.0,6000.0
ITEM0009211,PUR005255,P0012,5,850.0,4250.0
ITEM0009212,PUR005256,P0004,2,12500.0,25000.0
ITEM0009213,PUR005257,P0012,6,850.0,5100.0
ITEM0009214,PUR005258,P0001,2,65000.0,130000.0
ITEM0009215,PUR005259,P0012,4,850.0,3400.0
ITEM0009216,PUR005259,P0008,1,4200.0,4200.0
ITEM0009217,PUR005259,P0007,4,1800.0,7200.0
ITEM0009218,PUR005259,P0014,4,650.0,2600.0
ITEM0009219,PUR005260,P0008,4,4200.0,16800.0
ITEM0009220,PUR005260,P0011,3,4500.0,13500.0
ITEM0009221,PUR005261,P0014,2,650.0,1300.0
ITEM0009222,PUR005262,P0009,4,1900.0,7600.0
ITEM0009223,PUR005262,P0008,3,4200.0,12600.0
ITEM0009224,PUR005263,P0012,4,850.0,3400.0
ITEM0009225,PUR005264,P0011,3,4500.0,13500.0
ITEM0009226,PUR005265,P0004,1,12500.0,12500.0
ITEM0009227,PUR005266,P0012,6,850.0,5100.0
ITEM0009228,PUR005267,P0009,4,1900.0,7600.0
ITEM0009229,PUR005267,P0011,3,4500.0,13500.0
ITEM0009230,PUR005267,P0007,1,1800.0,1800.0
ITEM0009231,PUR005268,P0011,2,4500.0,9000.0
ITEM0009232,PUR005268,P0006,1,2800.0,2800.0
ITEM0009233,PUR005268,P0017,2,18500.0,37000.0
ITEM0009234,PUR005268,P0005,3,4500.0,13500.0
ITEM0009235,PUR005269,P0011,3,4500.0,13500.0
ITEM0009236,PUR005269,P0008,1,4200.0,4200.0
ITEM0009237,PUR005270,P0001,1,65000.0,65000.0
ITEM0009238,PUR005271,P0001,2,65000.0,130000.0
ITEM0009239,PUR005271,P0013,2,14500.0,29000.0
ITEM0009240,PUR005271,P0002,2,85000.0,170000.0
ITEM0009241,PUR005272,P0013,1,14500.0,14500.0
ITEM0009242,PUR005273,P0020,1,499.0,499.0
ITEM0009243,PUR005273,P0014,5,650.0,3250.0
ITEM0009244,PUR005274,P0007,1,1800.0,1800.0
ITEM0009245,PUR005274,P0016,2,450.0,900.0
ITEM0009246,PUR005275,P0009,4,1900.0,7600.0
ITEM0009247,PUR005276,P0007,2,1800.0,3600.0
ITEM0009248,PUR005276,P0004,3,12500.0,37500.0
ITEM0009249,PUR005277,P0007,2,1800.0,3600.0
ITEM0009250,PUR005278,P0004,2,12500.0,25000.0
ITEM0009251,PUR005278,P0019,3,1250.0,3750.0
ITEM0009252,PUR005279,P0008,5,4200.0,21000.0
ITEM0009253,PUR005280,P0014,2,650.0,1300.0
ITEM0009254,PUR005280,P0016,2,450.0,900.0
ITEM0009255,PUR005280,P0011,3,4500.0,13500.0
ITEM0009256,PUR005281,P0011,1,4500.0,4500.0
ITEM0009257,PUR005282,P0013,2,14500.0,29000.0
ITEM0009258,PUR005282,P0005,1,4500.0,4500.0
ITEM0009259,PUR005283,P0003,1,32000.0,32000.0
ITEM0009260,PUR005284,P0020,1,499.0,499.0
ITEM0009261,PUR005284,P0016,9,450.0,4050.0
ITEM0009262,PUR005285,P0015,5,1200.0,6000.0
ITEM0009263,PUR005285,P0012,2,850.0,1700.0
ITEM0009264,PUR005286,P0019,5,1250.0,6250.0
ITEM0009265,PUR005287,P0008,3,4200.0,12600.0
ITEM0009266,PUR005287,P0018,6,550.0,3300.0
ITEM0009267,PUR005288,P0020,4,499.0,1996.0
ITEM0009268,PUR005289,P0012,1,850.0,850.0
ITEM0009269,PUR005289,P0016,2,450.0,900.0
ITEM0009270,PUR005290,P0004,2,12500.0,25000.0
ITEM0009271,PUR005290,P0005,1,4500.0,4500.0
ITEM0009272,PUR005291,P0003,1,32000.0,32000.0
ITEM0009273,PUR005291,P0008,4,4200.0,16800.0
ITEM0009274,PUR005292,P0017,1,18500.0,18500.0
ITEM0009275,PUR005292,P0013,2,14500.0,29000.0
ITEM0009276,PUR005293,P0007,5,1800.0,9000.0
ITEM0009277,PUR005293,P0020,3,499.0,1497.0
ITEM0009278,PUR005293,P0019,2,1250.0,2500.0
ITEM0009279,PUR005293,P0010,3,2200.0,6600.0
ITEM0009280,PUR005294,P0005,2,4500.0,9000.0
ITEM0009281,PUR005294,P0019,3,1250.0,3750.0
ITEM0009282,PUR005294,P0014,3,650.0,1950.0
ITEM0009283,PUR005295,P0017,2,18500.0,37000.0
ITEM0009284,PUR005295,P0013,1,14500.0,14500.0
ITEM0009285,PUR005296,P0016,8,450.0,3600.0
ITEM0009286,PUR005297,P0008,1,4200.0,4200.0
ITEM0009287,PUR005297,P0007,5,1800.0,9000.0
ITEM0009288,PUR005298,P0005,3,4500.0,13500.0
ITEM0009289,PUR005298,P0008,2,4200.0,8400.0
ITEM0009290,PUR005298,P0003,1,32000.0,32000.0
ITEM0009291,PUR005299,P0017,2,18500.0,37000.0
ITEM0009292,PUR005299,P0013,2,14500.0,29000.0
ITEM0009293,PUR005300,P0017,2,18500.0,37000.0
ITEM0009294,PUR005301,P0018,5,550.0,2750.0
ITEM0009295,PUR005302,P0009,3,1900.0,5700.0
ITEM0009296,PUR005303,P0008,1,4200.0,4200.0
ITEM0009297,PUR005303,P0017,1,18500.0,18500.0
ITEM0009298,PUR005304,P0005,3,4500.0,13500.0
ITEM0009299,PUR005305,P0015,5,1200.0,6000.0
ITEM0009300,PUR005306,P0005,2,4500.0,9000.0
ITEM0009301,PUR005307,P0018,3,550.0,1650.0
ITEM0009302,PUR005308,P0003,1,32000.0,32000.0
ITEM0009303,PUR005308,P0001,2,65000.0,130000.0
ITEM0009304,PUR005309,P0007,3,1800.0,5400.0
ITEM0009305,PUR005310,P0004,3,12500.0,37500.0
ITEM0009306,PUR005311,P0008,4,4200.0,16800.0
ITEM0009307,PUR005312,P0004,1,12500.0,12500.0
ITEM0009308,PUR005313,P0009,1,1900.0,1900.0
ITEM0009309,PUR005313,P0008,5,4200.0,21000.0
ITEM0009310,PUR005313,P0020,2,499.0,998.0
ITEM0009311,PUR005313,P0015,5,1200.0,6000.0
ITEM0009312,PUR005314,P0011,3,4500.0,13500.0
ITEM0009313,PUR005315,P0010,4,2200.0,8800.0
ITEM0009314,PUR005316,P0016,8,450.0,3600.0
ITEM0009315,PUR005317,P0010,2,2200.0,4400.0
ITEM0009316,PUR005317,P0011,3,4500.0,13500.0
ITEM0009317,PUR005317,P0015,3,1200.0,3600.0
ITEM0009318,PUR005318,P0013,1,14500.0,14500.0
ITEM0009319,PUR005319,P0008,5,4200.0,21000.0
ITEM0009320,PUR005320,P0015,5,1200.0,6000.0
ITEM0009321,PUR005321,P0006,2,2800.0,5600.0
ITEM0009322,PUR005321,P0008,2,4200.0,8400.0
ITEM0009323,PUR005322,P0012,5,850.0,4250.0
ITEM0009324,PUR005323,P0001,2,65000.0,130000.0
ITEM0009325,PUR005323,P0017,1,18500.0,18500.0
ITEM0009326,PUR005324,P0015,3,1200.0,3600.0
ITEM0009327,PUR005325,P0009,5,1900.0,9500.0
ITEM0009328,PUR005325,P0016,2,450.0,900.0
ITEM0009329,PUR005326,P0009,1,1900.0,1900.0
ITEM0009330,PUR005326,P0005,2,4500.0,9000.0
ITEM0009331,PUR005327,P0014,7,650.0,4550.0
ITEM0009332,PUR005327,P0015,2,1200.0,2400.0
ITEM0009333,PUR005328,P0020,5,499.0,2495.0
ITEM0009334,PUR005329,P0015,5,1200.0,6000.0
ITEM0009335,PUR005330,P0008,4,4200.0,16800.0
ITEM0009336,PUR005330,P0011,2,4500.0,9000.0
ITEM0009337,PUR005331,P0017,1,18500.0,18500.0
ITEM0009338,PUR005331,P0003,2,32000.0,64000.0
ITEM0009339,PUR005331,P0011,2,4500.0,9000.0
ITEM0009340,PUR005332,P0003,2,32000.0,64000.0
ITEM0009341,PUR005332,P0004,3,12500.0,37500.0
ITEM0009342,PUR005333,P0004,3,12500.0,37500.0
ITEM0009343,PUR005334,P0019,4,1250.0,5000.0
ITEM0009344,PUR005334,P0004,1,12500.0,12500.0
ITEM0009345,PUR005335,P0011,2,4500.0,9000.0
ITEM0009346,PUR005335,P0013,2,14500.0,29000.0
ITEM0009347,PUR005336,P0016,6,450.0,2700.0
ITEM0009348,PUR005336,P0020,3,499.0,1497.0
ITEM0009349,PUR005336,P0004,2,12500.0,25000.0
ITEM0009350,PUR005337,P0010,2,2200.0,4400.0
ITEM0009351,PUR005337,P0005,2,4500.0,9000.0
ITEM0009352,PUR005338,P0011,1,4500.0,4500.0
ITEM0009353,PUR005339,P0020,2,499.0,998.0
ITEM0009354,PUR005340,P0004,3,12500.0,37500.0
ITEM0009355,PUR005340,P0006,3,2800.0,8400.0
ITEM0009356,PUR005340,P0013,1,14500.0,14500.0
ITEM0009357,PUR005341,P0015,5,1200.0,6000.0
ITEM0009358,PUR005342,P0003,1,32000.0,32000.0
ITEM0009359,PUR005342,P0013,2,14500.0,29000.0
ITEM0009360,PUR005342,P0017,1,18500.0,18500.0
ITEM0009361,PUR005343,P0014,6,650.0,3900.0
ITEM0009362,PUR005343,P0004,2,12500.0,25000.0
ITEM0009363,PUR005344,P0005,3,4500.0,13500.0
ITEM0009364,PUR005345,P0015,2,1200.0,2400.0
ITEM0009365,PUR005346,P0013,1,14500.0,14500.0
ITEM0009366,PUR005346,P0008,4,4200.0,16800.0
ITEM0009367,PUR005346,P0006,4,2800.0,11200.0
ITEM0009368,PUR005347,P0001,1,65000.0,65000.0
ITEM0009369,PUR005347,P0002,1,85000.0,85000.0
ITEM0009370,PUR005347,P0003,2,32000.0,64000.0
ITEM0009371,PUR005348,P0018,6,550.0,3300.0
ITEM0009372,PUR005349,P0017,2,18500.0,37000.0
ITEM0009373,PUR005349,P0001,2,65000.0,130000.0
ITEM0009374,PUR005350,P0019,5,1250.0,6250.0
ITEM0009375,PUR005351,P0005,1,4500.0,4500.0
ITEM0009376,PUR005351,P0008,4,4200.0,16800.0
ITEM0009377,PUR005352,P0002,1,85000.0,85000.0
ITEM0009378,PUR005353,P0017,1,18500.0,18500.0
ITEM0009379,PUR005354,P0009,3,1900.0,5700.0
ITEM0009380,PUR005355,P0003,1,32000.0,32000.0
ITEM0009381,PUR005356,P0011,3,4500.0,13500.0
ITEM0009382,PUR005357,P0003,1,32000.0,32000.0
ITEM0009383,PUR005358,P0005,1,4500.0,4500.0
ITEM0009384,PUR005359,P0020,3,499.0,1497.0
ITEM0009385,PUR005360,P0019,4,1250.0,5000.0
ITEM0009386,PUR005360,P0004,3,12500.0,37500.0
ITEM0009387,PUR005361,P0011,1,4500.0,4500.0
ITEM0009388,PUR005362,P0004,3,12500.0,37500.0
ITEM0009389,PUR005362,P0013,1,14500.0,14500.0
ITEM0009390,PUR005363,P0020,2,499.0,998.0
ITEM0009391,PUR005363,P0018,7,550.0,3850.0
ITEM0009392,PUR005363,P0012,6,850.0,5100.0
ITEM0009393,PUR005364,P0020,2,499.0,998.0
ITEM0009394,PUR005365,P0018,5,550.0,2750.0
ITEM0009395,PUR005365,P0014,6,650.0,3900.0
ITEM0009396,PUR005366,P0007,5,1800.0,9000.0
ITEM0009397,PUR005367,P0019,4,1250.0,5000.0
ITEM0009398,PUR005367,P0005,2,4500.0,9000.0
ITEM0009399,PUR005367,P0009,2,1900.0,3800.0
ITEM0009400,PUR005368,P0003,2,32000.0,64000.0
ITEM0009401,PUR005368,P0002,1,85000.0,85000.0
ITEM0009402,PUR005369,P0003,3,32000.0,96000.0
ITEM0009403,PUR005369,P0004,2,12500.0,25000.0
ITEM0009404,PUR005370,P0002,1,85000.0,85000.0
ITEM0009405,PUR005371,P0003,3,32000.0,96000.0
ITEM0009406,PUR005372,P0003,2,32000.0,64000.0
ITEM0009407,PUR005372,P0004,3,12500.0,37500.0
ITEM0009408,PUR005372,P0019,5,1250.0,6250.0
ITEM0009409,PUR005372,P0011,2,4500.0,9000.0
ITEM0009410,PUR005373,P0002,1,85000.0,85000.0
ITEM0009411,PUR005373,P0013,1,14500.0,14500.0
ITEM0009412,PUR005373,P0003,3,32000.0,96000.0
ITEM0009413,PUR005374,P0003,2,32000.0,64000.0
ITEM0009414,PUR005375,P0016,6,450.0,2700.0
ITEM0009415,PUR005375,P0011,2,4500.0,9000.0
ITEM0009416,PUR005376,P0014,6,650.0,3900.0
ITEM0009417,PUR005377,P0003,3,32000.0,96000.0
ITEM0009418,PUR005378,P0019,4,1250.0,5000.0
ITEM0009419,PUR005378,P0006,2,2800.0,5600.0
ITEM0009420,PUR005378,P0004,3,12500.0,37500.0
ITEM0009421,PUR005379,P0008,4,4200.0,16800.0
ITEM0009422,PUR005380,P0002,1,85000.0,85000.0
ITEM0009423,PUR005381,P0008,3,4200.0,12600.0
ITEM0009424,PUR005382,P0020,1,499.0,499.0
ITEM0009425,PUR005383,P0011,3,4500.0,13500.0
ITEM0009426,PUR005383,P0004,2,12500.0,25000.0
ITEM0009427,PUR005384,P0001,2,65000.0,130000.0
ITEM0009428,PUR005384,P0002,2,85000.0,170000.0
ITEM0009429,PUR005385,P0006,1,2800.0,2800.0
ITEM0009430,PUR005386,P0017,1,18500.0,18500.0
ITEM0009431,PUR005387,P0016,6,450.0,2700.0
ITEM0009432,PUR005388,P0006,2,2800.0,5600.0
ITEM0009433,PUR005389,P0004,2,12500.0,25000.0
ITEM0009434,PUR005389,P0018,8,550.0,4400.0
ITEM0009435,PUR005389,P0007,1,1800.0,1800.0
ITEM0009436,PUR005390,P0005,4,4500.0,18000.0
ITEM0009437,PUR005391,P0011,3,4500.0,13500.0
ITEM0009438,PUR005391,P0018,2,550.0,1100.0
ITEM0009439,PUR005391,P0014,1,650.0,650.0
ITEM0009440,PUR005391,P0019,1,1250.0,1250.0
ITEM0009441,PUR005392,P0002,1,85000.0,85000.0
ITEM0009442,PUR005392,P0013,1,14500.0,14500.0
ITEM0009443,PUR005392,P0003,1,32000.0,32000.0
ITEM0009444,PUR005392,P0001,1,65000.0,65000.0
ITEM0009445,PUR005393,P0006,2,2800.0,5600.0
ITEM0009446,PUR005393,P0015,3,1200.0,3600.0
ITEM0009447,PUR005394,P0017,1,18500.0,18500.0
ITEM0009448,PUR005394,P0001,2,65000.0,130000.0
ITEM0009449,PUR005395,P0019,3,1250.0,3750.0
ITEM0009450,PUR005395,P0011,1,4500.0,4500.0
ITEM0009451,PUR005396,P0005,4,4500.0,18000.0
ITEM0009452,PUR005396,P0016,3,450.0,1350.0
ITEM0009453,PUR005397,P0003,3,32000.0,96000.0
ITEM0009454,PUR005397,P0013,2,14500.0,29000.0
ITEM0009455,PUR005397,P0011,1,4500.0,4500.0
ITEM0009456,PUR005397,P0008,2,4200.0,8400.0
ITEM0009457,PUR005398,P0001,2,65000.0,130000.0
ITEM0009458,PUR005398,P0003,3,32000.0,96000.0
ITEM0009459,PUR005398,P0017,2,18500.0,37000.0
ITEM0009460,PUR005399,P0018,8,550.0,4400.0
ITEM0009461,PUR005399,P0014,4,650.0,2600.0
ITEM0009462,PUR005400,P0018,7,550.0,3850.0
ITEM0009463,PUR005400,P0009,1,1900.0,1900.0
ITEM0009464,PUR005400,P0012,6,850.0,5100.0
ITEM0009465,PUR005401,P0016,1,450.0,450.0
ITEM0009466,PUR005402,P0003,1,32000.0,32000.0
ITEM0009467,PUR005402,P0006,3,2800.0,8400.0
ITEM0009468,PUR005403,P0017,2,18500.0,37000.0
ITEM0009469,PUR005403,P0002,2,85000.0,170000.0
ITEM0009470,PUR005404,P0007,5,1800.0,9000.0
ITEM0009471,PUR005404,P0015,2,1200.0,2400.0
ITEM0009472,PUR005405,P0005,1,4500.0,4500.0
ITEM0009473,PUR005406,P0019,3,1250.0,3750.0
ITEM0009474,PUR005407,P0009,4,1900.0,7600.0
ITEM0009475,PUR005407,P0007,1,1800.0,1800.0
ITEM0009476,PUR005407,P0006,4,2800.0,11200.0
ITEM0009477,PUR005408,P0013,1,14500.0,14500.0
ITEM0009478,PUR005408,P0002,2,85000.0,170000.0
ITEM0009479,PUR005408,P0003,1,32000.0,32000.0
ITEM0009480,PUR005408,P0017,1,18500.0,18500.0
ITEM0009481,PUR005409,P0019,5,1250.0,6250.0
ITEM0009482,PUR005409,P0004,3,12500.0,37500.0
ITEM0009483,PUR005410,P0017,1,18500.0,18500.0
ITEM0009484,PUR005411,P0011,1,4500.0,4500.0
ITEM0009485,PUR005411,P0006,4,2800.0,11200.0
ITEM0009486,PUR005412,P0001,1,65000.0,65000.0
ITEM0009487,PUR005412,P0013,1,14500.0,14500.0
ITEM0009488,PUR005413,P0013,2,14500.0,29000.0
ITEM0009489,PUR005413,P0001,1,65000.0,65000.0
ITEM0009490,PUR005414,P0003,3,32000.0,96000.0
ITEM0009491,PUR005415,P0004,3,12500.0,37500.0
ITEM0009492,PUR005416,P0003,1,32000.0,32000.0
ITEM0009493,PUR005416,P0008,4,4200.0,16800.0
ITEM0009494,PUR005416,P0005,1,4500.0,4500.0
ITEM0009495,PUR005417,P0020,4,499.0,1996.0
ITEM0009496,PUR005418,P0003,3,32000.0,96000.0
ITEM0009497,PUR005418,P0017,2,18500.0,37000.0
ITEM0009498,PUR005418,P0013,2,14500.0,29000.0
ITEM0009499,PUR005419,P0003,3,32000.0,96000.0
ITEM0009500,PUR005420,P0011,3,4500.0,13500.0
ITEM0009501,PUR005421,P0001,2,65000.0,130000.0
ITEM0009502,PUR005422,P0011,2,4500.0,9000.0
ITEM0009503,PUR005423,P0008,5,4200.0,21000.0
ITEM0009504,PUR005424,P0015,4,1200.0,4800.0
ITEM0009505,PUR005425,P0002,2,85000.0,170000.0
ITEM0009506,PUR005425,P0017,1,18500.0,18500.0
ITEM0009507,PUR005426,P0019,1,1250.0,1250.0
ITEM0009508,PUR005426,P0007,4,1800.0,7200.0
ITEM0009509,PUR005427,P0003,1,32000.0,32000.0
ITEM0009510,PUR005428,P0007,2,1800.0,3600.0
ITEM0009511,PUR005428,P0012,2,850.0,1700.0
ITEM0009512,PUR005428,P0006,2,2800.0,5600.0
ITEM0009513,PUR005428,P0011,1,4500.0,4500.0
ITEM0009514,PUR005429,P0003,2,32000.0,64000.0
ITEM0009515,PUR005430,P0004,1,12500.0,12500.0
ITEM0009516,PUR005431,P0006,3,2800.0,8400.0
ITEM0009517,PUR005431,P0018,1,550.0,550.0
ITEM0009518,PUR005432,P0016,8,450.0,3600.0
ITEM0009519,PUR005433,P0008,2,4200.0,8400.0
ITEM0009520,PUR005434,P0001,2,65000.0,130000.0
ITEM0009521,PUR005435,P0015,3,1200.0,3600.0
ITEM0009522,PUR005436,P0004,1,12500.0,12500.0
ITEM0009523,PUR005436,P0003,2,32000.0,64000.0
ITEM0009524,PUR005436,P0011,3,4500.0,13500.0
ITEM0009525,PUR005437,P0013,2,14500.0,29000.0
ITEM0009526,PUR005437,P0001,2,65000.0,130000.0
ITEM0009527,PUR005438,P0004,3,12500.0,37500.0
ITEM0009528,PUR005438,P0005,2,4500.0,9000.0
ITEM0009529,PUR005438,P0019,2,1250.0,2500.0
ITEM0009530,PUR005439,P0003,3,32000.0,96000.0
ITEM0009531,PUR005440,P0008,4,4200.0,16800.0
ITEM0009532,PUR005440,P0006,3,2800.0,8400.0
ITEM0009533,PUR005440,P0005,2,4500.0,9000.0
ITEM0009534,PUR005441,P0013,2,14500.0,29000.0
ITEM0009535,PUR005442,P0006,2,2800.0,5600.0
ITEM0009536,PUR005443,P0012,1,850.0,850.0
ITEM0009537,PUR005443,P0010,3,2200.0,6600.0
ITEM0009538,PUR005444,P0001,1,65000.0,65000.0
ITEM0009539,PUR005445,P0011,1,4500.0,4500.0
ITEM0009540,PUR005445,P0016,5,450.0,2250.0
ITEM0009541,PUR005445,P0008,1,4200.0,4200.0
ITEM0009542,PUR005446,P0019,5,1250.0,6250.0
ITEM0009543,PUR005447,P0004,1,12500.0,12500.0
ITEM0009544,PUR005447,P0014,6,650.0,3900.0
ITEM0009545,PUR005448,P0004,1,12500.0,12500.0
ITEM0009546,PUR005448,P0017,1,18500.0,18500.0
ITEM0009547,PUR005448,P0003,3,32000.0,96000.0
ITEM0009548,PUR005449,P0011,3,4500.0,13500.0
ITEM0009549,PUR005449,P0020,3,499.0,1497.0
ITEM0009550,PUR005450,P0002,2,85000.0,170000.0
ITEM0009551,PUR005450,P0013,1,14500.0,14500.0
ITEM0009552,PUR005451,P0010,2,2200.0,4400.0
ITEM0009553,PUR005451,P0006,4,2800.0,11200.0
ITEM0009554,PUR005452,P0013,1,14500.0,14500.0
ITEM0009555,PUR005453,P0019,3,1250.0,3750.0
ITEM0009556,PUR005453,P0011,1,4500.0,4500.0
ITEM0009557,PUR005453,P0006,2,2800.0,5600.0
ITEM0009558,PUR005454,P0001,2,65000.0,130000.0
ITEM0009559,PUR005454,P0013,1,14500.0,14500.0
ITEM0009560,PUR005454,P0002,2,85000.0,170000.0
ITEM0009561,PUR005455,P0019,2,1250.0,2500.0
ITEM0009562,PUR005456,P0008,4,4200.0,16800.0
ITEM0009563,PUR005456,P0005,1,4500.0,4500.0
ITEM0009564,PUR005457,P0006,4,2800.0,11200.0
ITEM0009565,PUR005458,P0009,3,1900.0,5700.0
ITEM0009566,PUR005459,P0017,1,18500.0,18500.0
ITEM0009567,PUR005459,P0003,2,32000.0,64000.0
ITEM0009568,PUR005460,P0006,3,2800.0,8400.0
ITEM0009569,PUR005460,P0003,1,32000.0,32000.0
ITEM0009570,PUR005460,P0008,5,4200.0,21000.0
ITEM0009571,PUR005461,P0019,5,1250.0,6250.0
ITEM0009572,PUR005462,P0006,2,2800.0,5600.0
ITEM0009573,PUR005462,P0018,3,550.0,1650.0
ITEM0009574,PUR005463,P0011,3,4500.0,13500.0
ITEM0009575,PUR005464,P0013,2,14500.0,29000.0
ITEM0009576,PUR005465,P0011,1,4500.0,4500.0
ITEM0009577,PUR005466,P0015,1,1200.0,1200.0
ITEM0009578,PUR005466,P0011,1,4500.0,4500.0
ITEM0009579,PUR005466,P0016,2,450.0,900.0
ITEM0009580,PUR005467,P0012,2,850.0,1700.0
ITEM0009581,PUR005467,P0019,4,1250.0,5000.0
ITEM0009582,PUR005467,P0011,3,4500.0,13500.0
ITEM0009583,PUR005468,P0007,1,1800.0,1800.0
ITEM0009584,PUR005469,P0012,2,850.0,1700.0
ITEM0009585,PUR005469,P0009,5,1900.0,9500.0
ITEM0009586,PUR005470,P0011,3,4500.0,13500.0
ITEM0009587,PUR005470,P0010,5,2200.0,11000.0
ITEM0009588,PUR005471,P0010,2,2200.0,4400.0
ITEM0009589,PUR005472,P0005,2,4500.0,9000.0
ITEM0009590,PUR005473,P0011,1,4500.0,4500.0
ITEM0009591,PUR005473,P0008,2,4200.0,8400.0
ITEM0009592,PUR005473,P0005,4,4500.0,18000.0
ITEM0009593,PUR005474,P0017,2,18500.0,37000.0
ITEM0009594,PUR005475,P0001,2,65000.0,130000.0
ITEM0009595,PUR005475,P0013,2,14500.0,29000.0
ITEM0009596,PUR005476,P0019,1,1250.0,1250.0
ITEM0009597,PUR005476,P0006,2,2800.0,5600.0
ITEM0009598,PUR005476,P0004,1,12500.0,12500.0
ITEM0009599,PUR005477,P0003,2,32000.0,64000.0
ITEM0009600,PUR005478,P0018,7,550.0,3850.0
ITEM0009601,PUR005478,P0020,1,499.0,499.0
ITEM0009602,PUR005479,P0018,8,550.0,4400.0
ITEM0009603,PUR005479,P0014,7,650.0,4550.0
ITEM0009604,PUR005480,P0007,4,1800.0,7200.0
ITEM0009605,PUR005481,P0007,1,1800.0,1800.0
ITEM0009606,PUR005482,P0013,2,14500.0,29000.0
ITEM0009607,PUR005483,P0012,6,850.0,5100.0
ITEM0009608,PUR005483,P0005,4,4500.0,18000.0
ITEM0009609,PUR005484,P0010,3,2200.0,6600.0
ITEM0009610,PUR005485,P0011,2,4500.0,9000.0
ITEM0009611,PUR005485,P0003,3,32000.0,96000.0
ITEM0009612,PUR005485,P0008,2,4200.0,8400.0
ITEM0009613,PUR005486,P0004,1,12500.0,12500.0
ITEM0009614,PUR005487,P0018,8,550.0,4400.0
ITEM0009615,PUR005488,P0001,1,65000.0,65000.0
ITEM0009616,PUR005489,P0001,2,65000.0,130000.0
ITEM0009617,PUR005489,P0013,2,14500.0,29000.0
ITEM0009618,PUR005489,P0017,1,18500.0,18500.0
ITEM0009619,PUR005490,P0013,1,14500.0,14500.0
ITEM0009620,PUR005491,P0017,2,18500.0,37000.0
ITEM0009621,PUR005491,P0013,1,14500.0,14500.0
ITEM0009622,PUR005491,P0001,1,65000.0,65000.0
ITEM0009623,PUR005492,P0011,1,4500.0,4500.0
ITEM0009624,PUR005492,P0003,1,32000.0,32000.0
ITEM0009625,PUR005493,P0005,2,4500.0,9000.0
ITEM0009626,PUR005493,P0012,5,850.0,4250.0
ITEM0009627,PUR005494,P0001,2,65000.0,130000.0
ITEM0009628,PUR005495,P0010,1,2200.0,2200.0
ITEM0009629,PUR005496,P0005,1,4500.0,4500.0
ITEM0009630,PUR005497,P0009,5,1900.0,9500.0
ITEM0009631,PUR005498,P0005,4,4500.0,18000.0
ITEM0009632,PUR005498,P0019,1,1250.0,1250.0
ITEM0009633,PUR005499,P0018,6,550.0,3300.0
ITEM0009634,PUR005499,P0007,3,1800.0,5400.0
ITEM0009635,PUR005500,P0012,2,850.0,1700.0
ITEM0009636,PUR005500,P0004,1,12500.0,12500.0
ITEM0009637,PUR005500,P0005,1,4500.0,4500.0
ITEM0009638,PUR005501,P0013,1,14500.0,14500.0
ITEM0009639,PUR005502,P0005,2,4500.0,9000.0
ITEM0009640,PUR005502,P0006,4,2800.0,11200.0
ITEM0009641,PUR005503,P0003,1,32000.0,32000.0
ITEM0009642,PUR005503,P0001,2,65000.0,130000.0
ITEM0009643,PUR005504,P0005,4,4500.0,18000.0
ITEM0009644,PUR005504,P0017,2,18500.0,37000.0
ITEM0009645,PUR005505,P0011,3,4500.0,13500.0
ITEM0009646,PUR005506,P0010,5,2200.0,11000.0
ITEM0009647,PUR005506,P0014,5,650.0,3250.0
ITEM0009648,PUR005506,P0015,4,1200.0,4800.0
ITEM0009649,PUR005506,P0020,4,499.0,1996.0
ITEM0009650,PUR005507,P0018,8,550.0,4400.0
ITEM0009651,PUR005507,P0019,3,1250.0,3750.0
ITEM0009652,PUR005507,P0011,2,4500.0,9000.0
ITEM0009653,PUR005508,P0009,3,1900.0,5700.0
ITEM0009654,PUR005509,P0015,3,1200.0,3600.0
ITEM0009655,PUR005509,P0009,1,1900.0,1900.0
ITEM0009656,PUR005510,P0004,2,12500.0,25000.0
ITEM0009657,PUR005511,P0014,8,650.0,5200.0
ITEM0009658,PUR005511,P0008,3,4200.0,12600.0
ITEM0009659,PUR005512,P0011,3,4500.0,13500.0
ITEM0009660,PUR005513,P0012,1,850.0,850.0
ITEM0009661,PUR005514,P0017,2,18500.0,37000.0
ITEM0009662,PUR005515,P0004,1,12500.0,12500.0
ITEM0009663,PUR005515,P0013,2,14500.0,29000.0
ITEM0009664,PUR005516,P0017,1,18500.0,18500.0
ITEM0009665,PUR005516,P0006,3,2800.0,8400.0
ITEM0009666,PUR005517,P0011,2,4500.0,9000.0
ITEM0009667,PUR005517,P0003,3,32000.0,96000.0
ITEM0009668,PUR005517,P0005,2,4500.0,9000.0
ITEM0009669,PUR005518,P0018,6,550.0,3300.0
ITEM0009670,PUR005518,P0015,1,1200.0,1200.0
ITEM0009671,PUR005518,P0014,6,650.0,3900.0
ITEM0009672,PUR005518,P0010,1,2200.0,2200.0
ITEM0009673,PUR005519,P0015,1,1200.0,1200.0
ITEM0009674,PUR005519,P0020,3,499.0,1497.0
ITEM0009675,PUR005520,P0013,2,14500.0,29000.0
ITEM0009676,PUR005520,P0006,3,2800.0,8400.0
ITEM0009677,PUR005521,P0003,2,32000.0,64000.0
ITEM0009678,PUR005521,P0013,2,14500.0,29000.0
ITEM0009679,PUR005522,P0005,1,4500.0,4500.0
ITEM0009680,PUR005523,P0020,3,499.0,1497.0
ITEM0009681,PUR005523,P0004,2,12500.0,25000.0
ITEM0009682,PUR005523,P0005,3,4500.0,13500.0
ITEM0009683,PUR005524,P0014,4,650.0,2600.0
ITEM0009684,PUR005525,P0003,2,32000.0,64000.0
ITEM0009685,PUR005525,P0002,1,85000.0,85000.0
ITEM0009686,PUR005526,P0007,3,1800.0,5400.0
ITEM0009687,PUR005526,P0015,3,1200.0,3600.0
ITEM0009688,PUR005527,P0017,1,18500.0,18500.0
ITEM0009689,PUR005527,P0005,2,4500.0,9000.0
ITEM0009690,PUR005528,P0012,5,850.0,4250.0
ITEM0009691,PUR005528,P0008,5,4200.0,21000.0
ITEM0009692,PUR005529,P0020,1,499.0,499.0
ITEM0009693,PUR005530,P0006,2,2800.0,5600.0
ITEM0009694,PUR005531,P0013,1,14500.0,14500.0
ITEM0009695,PUR005532,P0013,2,14500.0,29000.0
ITEM0009696,PUR005532,P0002,1,85000.0,85000.0
ITEM0009697,PUR005533,P0013,1,14500.0,14500.0
ITEM0009698,PUR005533,P0005,4,4500.0,18000.0
ITEM0009699,PUR005533,P0003,3,32000.0,96000.0
ITEM0009700,PUR005534,P0014,5,650.0,3250.0
ITEM0009701,PUR005535,P0005,1,4500.0,4500.0
ITEM0009702,PUR005535,P0004,2,12500.0,25000.0
ITEM0009703,PUR005536,P0001,2,65000.0,130000.0
ITEM0009704,PUR005536,P0002,2,85000.0,170000.0
ITEM0009705,PUR005536,P0003,3,32000.0,96000.0
ITEM0009706,PUR005537,P0006,4,2800.0,11200.0
ITEM0009707,PUR005538,P0013,1,14500.0,14500.0
ITEM0009708,PUR005539,P0004,1,12500.0,12500.0
ITEM0009709,PUR005539,P0014,6,650.0,3900.0
ITEM0009710,PUR005540,P0006,2,2800.0,5600.0
ITEM0009711,PUR005541,P0001,1,65000.0,65000.0
ITEM0009712,PUR005542,P0011,1,4500.0,4500.0
ITEM0009713,PUR005542,P0009,5,1900.0,9500.0
ITEM0009714,PUR005543,P0019,5,1250.0,6250.0
ITEM0009715,PUR005543,P0013,2,14500.0,29000.0
ITEM0009716,PUR005544,P0010,4,2200.0,8800.0
ITEM0009717,PUR005544,P0004,1,12500.0,12500.0
ITEM0009718,PUR005545,P0002,1,85000.0,85000.0
ITEM0009719,PUR005545,P0001,1,65000.0,65000.0
ITEM0009720,PUR005546,P0016,10,450.0,4500.0
ITEM0009721,PUR005546,P0004,2,12500.0,25000.0
ITEM0009722,PUR005547,P0005,4,4500.0,18000.0
ITEM0009723,PUR005547,P0006,2,2800.0,5600.0
ITEM0009724,PUR005548,P0002,1,85000.0,85000.0
ITEM0009725,PUR005549,P0005,2,4500.0,9000.0
ITEM0009726,PUR005550,P0008,5,4200.0,21000.0
ITEM0009727,PUR005550,P0005,4,4500.0,18000.0
ITEM0009728,PUR005551,P0003,2,32000.0,64000.0
ITEM0009729,PUR005552,P0002,2,85000.0,170000.0
ITEM0009730,PUR005552,P0001,1,65000.0,65000.0
ITEM0009731,PUR005552,P0003,2,32000.0,64000.0
ITEM0009732,PUR005552,P0017,1,18500.0,18500.0
ITEM0009733,PUR005553,P0017,2,18500.0,37000.0
ITEM0009734,PUR005554,P0015,4,1200.0,4800.0
ITEM0009735,PUR005555,P0019,5,1250.0,6250.0
ITEM0009736,PUR005555,P0015,1,1200.0,1200.0
ITEM0009737,PUR005556,P0019,4,1250.0,5000.0
ITEM0009738,PUR005556,P0006,2,2800.0,5600.0
ITEM0009739,PUR005556,P0004,1,12500.0,12500.0
ITEM0009740,PUR005557,P0003,2,32000.0,64000.0
ITEM0009741,PUR005557,P0001,2,65000.0,130000.0
ITEM0009742,PUR005557,P0017,1,18500.0,18500.0
ITEM0009743,PUR005558,P0005,2,4500.0,9000.0
ITEM0009744,PUR005559,P0005,3,4500.0,13500.0
ITEM0009745,PUR005560,P0012,3,850.0,2550.0
ITEM0009746,PUR005561,P0006,1,2800.0,2800.0
ITEM0009747,PUR005562,P0003,3,32000.0,96000.0
ITEM0009748,PUR005562,P0005,3,4500.0,13500.0
ITEM0009749,PUR005563,P0013,1,14500.0,14500.0
ITEM0009750,PUR005564,P0019,1,1250.0,1250.0
ITEM0009751,PUR005564,P0004,3,12500.0,37500.0
ITEM0009752,PUR005565,P0020,5,499.0,2495.0
ITEM0009753,PUR005565,P0006,2,2800.0,5600.0
ITEM0009754,PUR005565,P0012,3,850.0,2550.0
ITEM0009755,PUR005565,P0004,2,12500.0,25000.0
ITEM0009756,PUR005566,P0004,2,12500.0,25000.0
ITEM0009757,PUR005566,P0019,4,1250.0,5000.0
ITEM0009758,PUR005567,P0019,2,1250.0,2500.0
ITEM0009759,PUR005567,P0015,1,1200.0,1200.0
ITEM0009760,PUR005567,P0007,5,1800.0,9000.0
ITEM0009761,PUR005568,P0015,5,1200.0,6000.0
ITEM0009762,PUR005568,P0009,1,1900.0,1900.0
ITEM0009763,PUR005568,P0014,5,650.0,3250.0
ITEM0009764,PUR005569,P0019,5,1250.0,6250.0
ITEM0009765,PUR005569,P0004,3,12500.0,37500.0
ITEM0009766,PUR005570,P0005,1,4500.0,4500.0
ITEM0009767,PUR005571,P0005,1,4500.0,4500.0
ITEM0009768,PUR005571,P0019,2,1250.0,2500.0
ITEM0009769,PUR005571,P0007,4,1800.0,7200.0
ITEM0009770,PUR005572,P0003,1,32000.0,32000.0
ITEM0009771,PUR005572,P0004,2,12500.0,25000.0
ITEM0009772,PUR005573,P0008,3,4200.0,12600.0
ITEM0009773,PUR005574,P0001,2,65000.0,130000.0
ITEM0009774,PUR005574,P0003,1,32000.0,32000.0
ITEM0009775,PUR005574,P0017,1,18500.0,18500.0
ITEM0009776,PUR005575,P0006,1,2800.0,2800.0
ITEM0009777,PUR005576,P0004,1,12500.0,12500.0
ITEM0009778,PUR005577,P0006,1,2800.0,2800.0
ITEM0009779,PUR005577,P0013,2,14500.0,29000.0
ITEM0009780,PUR005577,P0005,4,4500.0,18000.0
ITEM0009781,PUR005577,P0017,2,18500.0,37000.0
ITEM0009782,PUR005578,P0016,4,450.0,1800.0
ITEM0009783,PUR005578,P0018,2,550.0,1100.0
ITEM0009784,PUR005578,P0010,1,2200.0,2200.0
ITEM0009785,PUR005579,P0016,1,450.0,450.0
ITEM0009786,PUR005580,P0006,3,2800.0,8400.0
ITEM0009787,PUR005580,P0019,5,1250.0,6250.0
ITEM0009788,PUR005581,P0003,2,32000.0,64000.0
ITEM0009789,PUR005582,P0018,6,550.0,3300.0
ITEM0009790,PUR005582,P0010,4,2200.0,8800.0
ITEM0009791,PUR005583,P0014,4,650.0,2600.0
ITEM0009792,PUR005584,P0011,3,4500.0,13500.0
ITEM0009793,PUR005584,P0017,1,18500.0,18500.0
ITEM0009794,PUR005585,P0020,5,499.0,2495.0
ITEM0009795,PUR005585,P0006,1,2800.0,2800.0
ITEM0009796,PUR005585,P0005,2,4500.0,9000.0
ITEM0009797,PUR005586,P0006,3,2800.0,8400.0
ITEM0009798,PUR005587,P0008,1,4200.0,4200.0
ITEM0009799,PUR005587,P0005,1,4500.0,4500.0
ITEM0009800,PUR005587,P0020,3,499.0,1497.0
ITEM0009801,PUR005588,P0006,4,2800.0,11200.0
ITEM0009802,PUR005588,P0009,4,1900.0,7600.0
ITEM0009803,PUR005589,P0008,4,4200.0,16800.0
ITEM0009804,PUR005589,P0006,4,2800.0,11200.0
ITEM0009805,PUR005590,P0003,2,32000.0,64000.0
ITEM0009806,PUR005590,P0017,2,18500.0,37000.0
ITEM0009807,PUR005591,P0008,4,4200.0,16800.0
ITEM0009808,PUR005592,P0005,1,4500.0,4500.0
ITEM0009809,PUR005592,P0008,3,4200.0,12600.0
ITEM0009810,PUR005592,P0013,1,14500.0,14500.0
ITEM0009811,PUR005593,P0003,1,32000.0,32000.0
ITEM0009812,PUR005594,P0018,2,550.0,1100.0
ITEM0009813,PUR005595,P0003,2,32000.0,64000.0
ITEM0009814,PUR005596,P0005,3,4500.0,13500.0
ITEM0009815,PUR005597,P0008,2,4200.0,8400.0
ITEM0009816,PUR005597,P0011,3,4500.0,13500.0
ITEM0009817,PUR005597,P0005,4,4500.0,18000.0
ITEM0009818,PUR005598,P0003,3,32000.0,96000.0
ITEM0009819,PUR005598,P0001,1,65000.0,65000.0
ITEM0009820,PUR005598,P0002,2,85000.0,170000.0
ITEM0009821,PUR005598,P0017,1,18500.0,18500.0
ITEM0009822,PUR005599,P0013,1,14500.0,14500.0
ITEM0009823,PUR005599,P0017,2,18500.0,37000.0
ITEM0009824,PUR005600,P0016,4,450.0,1800.0
ITEM0009825,PUR005600,P0020,1,499.0,499.0
ITEM0009826,PUR005600,P0015,1,1200.0,1200.0
ITEM0009827,PUR005600,P0004,1,12500.0,12500.0
ITEM0009828,PUR005601,P0018,8,550.0,4400.0
ITEM0009829,PUR005602,P0005,3,4500.0,13500.0
ITEM0009830,PUR005603,P0009,1,1900.0,1900.0
ITEM0009831,PUR005603,P0005,2,4500.0,9000.0
ITEM0009832,PUR005604,P0004,1,12500.0,12500.0
ITEM0009833,PUR005604,P0010,1,2200.0,2200.0
ITEM0009834,PUR005604,P0016,7,450.0,3150.0
ITEM0009835,PUR005605,P0020,1,499.0,499.0
ITEM0009836,PUR005606,P0006,4,2800.0,11200.0
ITEM0009837,PUR005607,P0005,2,4500.0,9000.0
ITEM0009838,PUR005607,P0008,3,4200.0,12600.0
ITEM0009839,PUR005608,P0011,3,4500.0,13500.0
ITEM0009840,PUR005609,P0017,2,18500.0,37000.0
ITEM0009841,PUR005610,P0011,3,4500.0,13500.0
ITEM0009842,PUR005611,P0008,5,4200.0,21000.0
ITEM0009843,PUR005612,P0001,2,65000.0,130000.0
ITEM0009844,PUR005612,P0013,1,14500.0,14500.0
ITEM0009845,PUR005613,P0017,2,18500.0,37000.0
ITEM0009846,PUR005613,P0002,2,85000.0,170000.0
ITEM0009847,PUR005613,P0003,2,32000.0,64000.0
ITEM0009848,PUR005614,P0007,2,1800.0,3600.0
ITEM0009849,PUR005614,P0015,1,1200.0,1200.0
ITEM0009850,PUR005615,P0012,4,850.0,3400.0
ITEM0009851,PUR005615,P0010,4,2200.0,8800.0
ITEM0009852,PUR005616,P0005,3,4500.0,13500.0
ITEM0009853,PUR005617,P0020,1,499.0,499.0
ITEM0009854,PUR005617,P0011,1,4500.0,4500.0
ITEM0009855,PUR005618,P0013,2,14500.0,29000.0
ITEM0009856,PUR005618,P0006,2,2800.0,5600.0
ITEM0009857,PUR005619,P0012,3,850.0,2550.0
ITEM0009858,PUR005619,P0020,5,499.0,2495.0
ITEM0009859,PUR005620,P0013,2,14500.0,29000.0
ITEM0009860,PUR005620,P0003,1,32000.0,32000.0
ITEM0009861,PUR005621,P0006,3,2800.0,8400.0
ITEM0009862,PUR005621,P0003,2,32000.0,64000.0
ITEM0009863,PUR005621,P0011,2,4500.0,9000.0
ITEM0009864,PUR005621,P0004,2,12500.0,25000.0
ITEM0009865,PUR005622,P0006,4,2800.0,11200.0
ITEM0009866,PUR005623,P0011,1,4500.0,4500.0
ITEM0009867,PUR005623,P0004,3,12500.0,37500.0
ITEM0009868,PUR005624,P0003,3,32000.0,96000.0
ITEM0009869,PUR005625,P0007,1,1800.0,1800.0
ITEM0009870,PUR005626,P0004,3,12500.0,37500.0
ITEM0009871,PUR005626,P0003,3,32000.0,96000.0
ITEM0009872,PUR005626,P0008,2,4200.0,8400.0
ITEM0009873,PUR005627,P0002,2,85000.0,170000.0
ITEM0009874,PUR005627,P0013,1,14500.0,14500.0
ITEM0009875,PUR005628,P0019,3,1250.0,3750.0
ITEM0009876,PUR005628,P0010,5,2200.0,11000.0
ITEM0009877,PUR005628,P0009,3,1900.0,5700.0
ITEM0009878,PUR005629,P0008,4,4200.0,16800.0
ITEM0009879,PUR005630,P0005,1,4500.0,4500.0
ITEM0009880,PUR005630,P0011,2,4500.0,9000.0
ITEM0009881,PUR005631,P0008,5,4200.0,21000.0
ITEM0009882,PUR005632,P0004,3,12500.0,37500.0
ITEM0009883,PUR005632,P0003,3,32000.0,96000.0
ITEM0009884,PUR005633,P0003,1,32000.0,32000.0
ITEM0009885,PUR005633,P0013,2,14500.0,29000.0
ITEM0009886,PUR005634,P0012,6,850.0,5100.0
ITEM0009887,PUR005635,P0001,2,65000.0,130000.0
ITEM0009888,PUR005636,P0012,1,850.0,850.0
ITEM0009889,PUR005636,P0004,1,12500.0,12500.0
ITEM0009890,PUR005637,P0015,3,1200.0,3600.0
ITEM0009891,PUR005637,P0011,3,4500.0,13500.0
ITEM0009892,PUR005638,P0007,1,1800.0,1800.0
ITEM0009893,PUR005638,P0006,1,2800.0,2800.0
ITEM0009894,PUR005639,P0004,1,12500.0,12500.0
ITEM0009895,PUR005640,P0003,2,32000.0,64000.0
ITEM0009896,PUR005641,P0017,1,18500.0,18500.0
ITEM0009897,PUR005642,P0013,1,14500.0,14500.0
ITEM0009898,PUR005643,P0019,4,1250.0,5000.0
ITEM0009899,PUR005643,P0004,2,12500.0,25000.0
ITEM0009900,PUR005643,P0007,4,1800.0,7200.0
ITEM0009901,PUR005644,P0001,2,65000.0,130000.0
ITEM0009902,PUR005645,P0003,3,32000.0,96000.0
ITEM0009903,PUR005646,P0006,4,2800.0,11200.0
ITEM0009904,PUR005647,P0008,4,4200.0,16800.0
ITEM0009905,PUR005648,P0011,1,4500.0,4500.0
ITEM0009906,PUR005649,P0006,1,2800.0,2800.0
ITEM0009907,PUR005649,P0015,3,1200.0,3600.0
ITEM0009908,PUR005650,P0016,3,450.0,1350.0
ITEM0009909,PUR005651,P0001,2,65000.0,130000.0
ITEM0009910,PUR005652,P0008,2,4200.0,8400.0
ITEM0009911,PUR005653,P0008,2,4200.0,8400.0
ITEM0009912,PUR005654,P0006,4,2800.0,11200.0
ITEM0009913,PUR005655,P0011,2,4500.0,9000.0
ITEM0009914,PUR005655,P0004,2,12500.0,25000.0
ITEM0009915,PUR005656,P0001,1,65000.0,65000.0
ITEM0009916,PUR005657,P0010,3,2200.0,6600.0
ITEM0009917,PUR005658,P0010,3,2200.0,6600.0
ITEM0009918,PUR005658,P0014,8,650.0,5200.0
ITEM0009919,PUR005658,P0020,4,499.0,1996.0
ITEM0009920,PUR005659,P0017,1,18500.0,18500.0
ITEM0009921,PUR005660,P0009,1,1900.0,1900.0
ITEM0009922,PUR005661,P0015,3,1200.0,3600.0
ITEM0009923,PUR005661,P0008,2,4200.0,8400.0
ITEM0009924,PUR005661,P0007,4,1800.0,7200.0
ITEM0009925,PUR005662,P0015,1,1200.0,1200.0
ITEM0009926,PUR005663,P0004,2,12500.0,25000.0
ITEM0009927,PUR005664,P0019,3,1250.0,3750.0
ITEM0009928,PUR005665,P0009,5,1900.0,9500.0
ITEM0009929,PUR005666,P0004,2,12500.0,25000.0
ITEM0009930,PUR005666,P0006,2,2800.0,5600.0
ITEM0009931,PUR005666,P0017,2,18500.0,37000.0
ITEM0009932,PUR005667,P0011,3,4500.0,13500.0
ITEM0009933,PUR005668,P0008,5,4200.0,21000.0
ITEM0009934,PUR005668,P0003,1,32000.0,32000.0
ITEM0009935,PUR005668,P0004,3,12500.0,37500.0
ITEM0009936,PUR005669,P0014,8,650.0,5200.0
ITEM0009937,PUR005669,P0015,5,1200.0,6000.0
ITEM0009938,PUR005670,P0009,3,1900.0,5700.0
ITEM0009939,PUR005671,P0013,2,14500.0,29000.0
ITEM0009940,PUR005671,P0001,1,65000.0,65000.0
ITEM0009941,PUR005671,P0003,3,32000.0,96000.0
ITEM0009942,PUR005671,P0017,2,18500.0,37000.0
ITEM0009943,PUR005672,P0011,2,4500.0,9000.0
ITEM0009944,PUR005673,P0017,2,18500.0,37000.0
ITEM0009945,PUR005673,P0003,3,32000.0,96000.0
ITEM0009946,PUR005674,P0015,1,1200.0,1200.0
ITEM0009947,PUR005675,P0017,2,18500.0,37000.0
ITEM0009948,PUR005676,P0017,2,18500.0,37000.0
ITEM0009949,PUR005676,P0011,2,4500.0,9000.0
ITEM0009950,PUR005676,P0006,3,2800.0,8400.0
ITEM0009951,PUR005677,P0002,1,85000.0,85000.0
ITEM0009952,PUR005677,P0017,1,18500.0,18500.0
ITEM0009953,PUR005678,P0017,1,18500.0,18500.0
ITEM0009954,PUR005679,P0015,2,1200.0,2400.0
ITEM0009955,PUR005679,P0018,2,550.0,1100.0
ITEM0009956,PUR005680,P0019,2,1250.0,2500.0
ITEM0009957,PUR005680,P0006,3,2800.0,8400.0
ITEM0009958,PUR005680,P0017,1,18500.0,18500.0
ITEM0009959,PUR005681,P0016,5,450.0,2250.0
ITEM0009960,PUR005682,P0019,2,1250.0,2500.0
ITEM0009961,PUR005682,P0017,2,18500.0,37000.0
ITEM0009962,PUR005683,P0019,3,1250.0,3750.0
ITEM0009963,PUR005684,P0011,1,4500.0,4500.0
ITEM0009964,PUR005685,P0014,6,650.0,3900.0
ITEM0009965,PUR005685,P0016,9,450.0,4050.0
ITEM0009966,PUR005686,P0013,1,14500.0,14500.0
ITEM0009967,PUR005687,P0009,3,1900.0,5700.0
ITEM0009968,PUR005687,P0007,5,1800.0,9000.0
ITEM0009969,PUR005688,P0019,4,1250.0,5000.0
ITEM0009970,PUR005689,P0006,3,2800.0,8400.0
ITEM0009971,PUR005689,P0011,2,4500.0,9000.0
ITEM0009972,PUR005690,P0004,2,12500.0,25000.0
ITEM0009973,PUR005690,P0019,5,1250.0,6250.0
ITEM0009974,PUR005691,P0013,1,14500.0,14500.0
ITEM0009975,PUR005692,P0020,4,499.0,1996.0
ITEM0009976,PUR005692,P0014,4,650.0,2600.0
ITEM0009977,PUR005693,P0004,2,12500.0,25000.0
ITEM0009978,PUR005693,P0005,2,4500.0,9000.0
ITEM0009979,PUR005693,P0019,1,1250.0,1250.0
ITEM0009980,PUR005694,P0020,3,499.0,1497.0
ITEM0009981,PUR005694,P0008,1,4200.0,4200.0
ITEM0009982,PUR005695,P0011,2,4500.0,9000.0
ITEM0009983,PUR005695,P0006,2,2800.0,5600.0
ITEM0009984,PUR005695,P0013,2,14500.0,29000.0
ITEM0009985,PUR005696,P0018,3,550.0,1650.0
ITEM0009986,PUR005696,P0012,3,850.0,2550.0
ITEM0009987,PUR005697,P0008,1,4200.0,4200.0
ITEM0009988,PUR005698,P0004,3,12500.0,37500.0
ITEM0009989,PUR005698,P0019,3,1250.0,3750.0
ITEM0009990,PUR005699,P0015,1,1200.0,1200.0
ITEM0009991,PUR005700,P0013,2,14500.0,29000.0
ITEM0009992,PUR005700,P0001,1,65000.0,65000.0
ITEM0009993,PUR005701,P0001,1,65000.0,65000.0
ITEM0009994,PUR005702,P0011,2,4500.0,9000.0
ITEM0009995,PUR005703,P0009,1,1900.0,1900.0
ITEM0009996,PUR005703,P0012,4,850.0,3400.0
ITEM0009997,PUR005704,P0019,4,1250.0,5000.0
ITEM0009998,PUR005705,P0001,1,65000.0,65000.0
ITEM0009999,PUR005705,P0017,2,18500.0,37000.0
ITEM0010000,PUR005705,P0003,2,32000.0,64000.0
ITEM0010001,PUR005705,P0002,1,85000.0,85000.0
ITEM0010002,PUR005706,P0020,3,499.0,1497.0
ITEM0010003,PUR005706,P0012,1,850.0,850.0
ITEM0010004,PUR005707,P0017,1,18500.0,18500.0
ITEM0010005,PUR005707,P0006,2,2800.0,5600.0
ITEM0010006,PUR005708,P0008,2,4200.0,8400.0
ITEM0010007,PUR005708,P0019,1,1250.0,1250.0
ITEM0010008,PUR005708,P0017,1,18500.0,18500.0
ITEM0010009,PUR005708,P0011,3,4500.0,13500.0
ITEM0010010,PUR005709,P0010,5,2200.0,11000.0
ITEM0010011,PUR005709,P0007,2,1800.0,3600.0
ITEM0010012,PUR005710,P0009,4,1900.0,7600.0
ITEM0010013,PUR005710,P0007,2,1800.0,3600.0
ITEM0010014,PUR005711,P0018,4,550.0,2200.0
ITEM0010015,PUR005712,P0005,3,4500.0,13500.0
ITEM0010016,PUR005712,P0006,2,2800.0,5600.0
ITEM0010017,PUR005713,P0015,5,1200.0,6000.0
ITEM0010018,PUR005714,P0008,5,4200.0,21000.0
ITEM0010019,PUR005714,P0005,2,4500.0,9000.0
ITEM0010020,PUR005714,P0010,3,2200.0,6600.0
ITEM0010021,PUR005715,P0012,4,850.0,3400.0
ITEM0010022,PUR005715,P0007,1,1800.0,1800.0
ITEM0010023,PUR005716,P0013,1,14500.0,14500.0
ITEM0010024,PUR005716,P0001,2,65000.0,130000.0
ITEM0010025,PUR005716,P0002,2,85000.0,170000.0
ITEM0010026,PUR005717,P0017,1,18500.0,18500.0
ITEM0010027,PUR005718,P0011,1,4500.0,4500.0
ITEM0010028,PUR005719,P0008,5,4200.0,21000.0
ITEM0010029,PUR005719,P0011,1,4500.0,4500.0
ITEM0010030,PUR005720,P0004,2,12500.0,25000.0
ITEM0010031,PUR005720,P0019,4,1250.0,5000.0
ITEM0010032,PUR005721,P0001,1,65000.0,65000.0
ITEM0010033,PUR005721,P0013,2,14500.0,29000.0
ITEM0010034,PUR005721,P0017,2,18500.0,37000.0
ITEM0010035,PUR005722,P0011,2,4500.0,9000.0
ITEM0010036,PUR005723,P0009,2,1900.0,3800.0
ITEM0010037,PUR005724,P0009,1,1900.0,1900.0
ITEM0010038,PUR005725,P0003,2,32000.0,64000.0
ITEM0010039,PUR005725,P0004,2,12500.0,25000.0
ITEM0010040,PUR005725,P0011,1,4500.0,4500.0
ITEM0010041,PUR005726,P0011,2,4500.0,9000.0
ITEM0010042,PUR005726,P0004,1,12500.0,12500.0
ITEM0010043,PUR005727,P0004,3,12500.0,37500.0
ITEM0010044,PUR005727,P0012,4,850.0,3400.0
ITEM0010045,PUR005727,P0011,3,4500.0,13500.0
ITEM0010046,PUR005727,P0019,4,1250.0,5000.0
ITEM0010047,PUR005728,P0019,5,1250.0,6250.0
ITEM0010048,PUR005728,P0014,1,650.0,650.0
ITEM0010049,PUR005729,P0007,2,1800.0,3600.0
ITEM0010050,PUR005729,P0008,4,4200.0,16800.0
ITEM0010051,PUR005730,P0007,1,1800.0,1800.0
ITEM0010052,PUR005731,P0019,5,1250.0,6250.0
ITEM0010053,PUR005731,P0005,3,4500.0,13500.0
ITEM0010054,PUR005732,P0017,1,18500.0,18500.0
ITEM0010055,PUR005733,P0001,2,65000.0,130000.0
ITEM0010056,PUR005734,P0010,5,2200.0,11000.0
ITEM0010057,PUR005734,P0016,3,450.0,1350.0
ITEM0010058,PUR005734,P0006,2,2800.0,5600.0
ITEM0010059,PUR005734,P0005,2,4500.0,9000.0
ITEM0010060,PUR005735,P0011,1,4500.0,4500.0
ITEM0010061,PUR005736,P0017,2,18500.0,37000.0
ITEM0010062,PUR005737,P0006,1,2800.0,2800.0
ITEM0010063,PUR005737,P0009,5,1900.0,9500.0
ITEM0010064,PUR005737,P0008,3,4200.0,12600.0
ITEM0010065,PUR005738,P0012,4,850.0,3400.0
ITEM0010066,PUR005738,P0020,1,499.0,499.0
ITEM0010067,PUR005738,P0010,4,2200.0,8800.0
ITEM0010068,PUR005738,P0018,4,550.0,2200.0
ITEM0010069,PUR005739,P0020,1,499.0,499.0
ITEM0010070,PUR005740,P0009,1,1900.0,1900.0
ITEM0010071,PUR005740,P0010,2,2200.0,4400.0
ITEM0010072,PUR005741,P0017,1,18500.0,18500.0
ITEM0010073,PUR005741,P0013,2,14500.0,29000.0
ITEM0010074,PUR005742,P0014,7,650.0,4550.0
ITEM0010075,PUR005742,P0006,3,2800.0,8400.0
ITEM0010076,PUR005742,P0008,3,4200.0,12600.0
ITEM0010077,PUR005742,P0009,1,1900.0,1900.0
ITEM0010078,PUR005743,P0017,2,18500.0,37000.0
ITEM0010079,PUR005744,P0015,5,1200.0,6000.0
ITEM0010080,PUR005745,P0005,4,4500.0,18000.0
ITEM0010081,PUR005745,P0003,3,32000.0,96000.0
ITEM0010082,PUR005746,P0013,2,14500.0,29000.0
ITEM0010083,PUR005746,P0017,2,18500.0,37000.0
ITEM0010084,PUR005747,P0004,3,12500.0,37500.0
ITEM0010085,PUR005748,P0006,2,2800.0,5600.0
ITEM0010086,PUR005749,P0002,2,85000.0,170000.0
ITEM0010087,PUR005749,P0005,3,4500.0,13500.0
ITEM0010088,PUR005750,P0016,9,450.0,4050.0
ITEM0010089,PUR005750,P0018,4,550.0,2200.0
ITEM0010090,PUR005751,P0014,4,650.0,2600.0
ITEM0010091,PUR005752,P0008,1,4200.0,4200.0
ITEM0010092,PUR005753,P0008,5,4200.0,21000.0
ITEM0010093,PUR005754,P0016,4,450.0,1800.0
ITEM0010094,PUR005754,P0004,3,12500.0,37500.0
ITEM0010095,PUR005755,P0011,3,4500.0,13500.0
ITEM0010096,PUR005756,P0010,1,2200.0,2200.0
ITEM0010097,PUR005757,P0005,2,4500.0,9000.0
ITEM0010098,PUR005757,P0013,1,14500.0,14500.0
ITEM0010099,PUR005758,P0005,3,4500.0,13500.0
ITEM0010100,PUR005758,P0017,2,18500.0,37000.0
ITEM0010101,PUR005758,P0006,2,2800.0,5600.0
ITEM0010102,PUR005758,P0013,1,14500.0,14500.0
ITEM0010103,PUR005759,P0008,1,4200.0,4200.0
ITEM0010104,PUR005760,P0013,1,14500.0,14500.0
ITEM0010105,PUR005761,P0017,2,18500.0,37000.0
ITEM0010106,PUR005761,P0013,1,14500.0,14500.0
ITEM0010107,PUR005761,P0002,2,85000.0,170000.0
ITEM0010108,PUR005762,P0019,2,1250.0,2500.0
ITEM0010109,PUR005762,P0012,2,850.0,1700.0
ITEM0010110,PUR005762,P0006,4,2800.0,11200.0
ITEM0010111,PUR005763,P0015,5,1200.0,6000.0
ITEM0010112,PUR005764,P0003,2,32000.0,64000.0
ITEM0010113,PUR005765,P0017,2,18500.0,37000.0
ITEM0010114,PUR005765,P0003,1,32000.0,32000.0
ITEM0010115,PUR005766,P0019,1,1250.0,1250.0
ITEM0010116,PUR005767,P0001,1,65000.0,65000.0
ITEM0010117,PUR005768,P0012,1,850.0,850.0
ITEM0010118,PUR005768,P0010,5,2200.0,11000.0
ITEM0010119,PUR005769,P0017,1,18500.0,18500.0
ITEM0010120,PUR005769,P0003,1,32000.0,32000.0
ITEM0010121,PUR005770,P0001,2,65000.0,130000.0
ITEM0010122,PUR005771,P0011,3,4500.0,13500.0
ITEM0010123,PUR005771,P0018,2,550.0,1100.0
ITEM0010124,PUR005772,P0017,2,18500.0,37000.0
ITEM0010125,PUR005773,P0003,1,32000.0,32000.0
ITEM0010126,PUR005773,P0004,1,12500.0,12500.0
ITEM0010127,PUR005774,P0008,2,4200.0,8400.0
ITEM0010128,PUR005774,P0006,2,2800.0,5600.0
ITEM0010129,PUR005775,P0020,4,499.0,1996.0
ITEM0010130,PUR005775,P0018,3,550.0,1650.0
ITEM0010131,PUR005775,P0019,5,1250.0,6250.0
ITEM0010132,PUR005775,P0008,5,4200.0,21000.0
ITEM0010133,PUR005776,P0011,3,4500.0,13500.0
ITEM0010134,PUR005777,P0015,3,1200.0,3600.0
ITEM0010135,PUR005778,P0013,2,14500.0,29000.0
ITEM0010136,PUR005778,P0004,3,12500.0,37500.0
ITEM0010137,PUR005778,P0008,1,4200.0,4200.0
ITEM0010138,PUR005779,P0009,1,1900.0,1900.0
ITEM0010139,PUR005779,P0018,6,550.0,3300.0
ITEM0010140,PUR005780,P0011,3,4500.0,13500.0
ITEM0010141,PUR005781,P0017,2,18500.0,37000.0
ITEM0010142,PUR005781,P0019,4,1250.0,5000.0
ITEM0010143,PUR005782,P0020,1,499.0,499.0
ITEM0010144,PUR005783,P0019,5,1250.0,6250.0
ITEM0010145,PUR005784,P0013,2,14500.0,29000.0
ITEM0010146,PUR005785,P0011,2,4500.0,9000.0
ITEM0010147,PUR005785,P0016,3,450.0,1350.0
ITEM0010148,PUR005785,P0020,4,499.0,1996.0
ITEM0010149,PUR005785,P0012,6,850.0,5100.0
ITEM0010150,PUR005786,P0009,2,1900.0,3800.0
ITEM0010151,PUR005786,P0018,1,550.0,550.0
ITEM0010152,PUR005787,P0016,3,450.0,1350.0
ITEM0010153,PUR005788,P0005,4,4500.0,18000.0
ITEM0010154,PUR005789,P0014,7,650.0,4550.0
ITEM0010155,PUR005790,P0006,1,2800.0,2800.0
ITEM0010156,PUR005790,P0003,1,32000.0,32000.0
ITEM0010157,PUR005790,P0004,1,12500.0,12500.0
ITEM0010158,PUR005791,P0010,4,2200.0,8800.0
ITEM0010159,PUR005792,P0001,1,65000.0,65000.0
ITEM0010160,PUR005793,P0005,4,4500.0,18000.0
ITEM0010161,PUR005794,P0013,2,14500.0,29000.0
ITEM0010162,PUR005794,P0002,2,85000.0,170000.0
ITEM0010163,PUR005794,P0003,1,32000.0,32000.0
ITEM0010164,PUR005794,P0001,1,65000.0,65000.0
ITEM0010165,PUR005795,P0011,3,4500.0,13500.0
ITEM0010166,PUR005796,P0002,1,85000.0,85000.0
ITEM0010167,PUR005796,P0017,1,18500.0,18500.0
ITEM0010168,PUR005796,P0013,2,14500.0,29000.0
ITEM0010169,PUR005797,P0008,3,4200.0,12600.0
ITEM0010170,PUR005797,P0006,1,2800.0,2800.0
ITEM0010171,PUR005798,P0009,2,1900.0,3800.0
ITEM0010172,PUR005798,P0014,4,650.0,2600.0
ITEM0010173,PUR005799,P0005,1,4500.0,4500.0
ITEM0010174,PUR005800,P0016,8,450.0,3600.0
ITEM0010175,PUR005800,P0020,3,499.0,1497.0
ITEM0010176,PUR005800,P0010,4,2200.0,8800.0
ITEM0010177,PUR005800,P0008,4,4200.0,16800.0
ITEM0010178,PUR005801,P0004,1,12500.0,12500.0
ITEM0010179,PUR005801,P0019,3,1250.0,3750.0
ITEM0010180,PUR005801,P0012,1,850.0,850.0
ITEM0010181,PUR005802,P0013,1,14500.0,14500.0
ITEM0010182,PUR005802,P0008,2,4200.0,8400.0
ITEM0010183,PUR005803,P0017,1,18500.0,18500.0
ITEM0010184,PUR005803,P0013,2,14500.0,29000.0
ITEM0010185,PUR005804,P0010,4,2200.0,8800.0
ITEM0010186,PUR005804,P0018,4,550.0,2200.0
ITEM0010187,PUR005804,P0007,1,1800.0,1800.0
ITEM0010188,PUR005804,P0020,1,499.0,499.0
ITEM0010189,PUR005805,P0003,3,32000.0,96000.0
ITEM0010190,PUR005805,P0002,1,85000.0,85000.0
ITEM0010191,PUR005805,P0013,2,14500.0,29000.0
ITEM0010192,PUR005806,P0006,1,2800.0,2800.0
ITEM0010193,PUR005806,P0003,2,32000.0,64000.0
ITEM0010194,PUR005806,P0017,2,18500.0,37000.0
ITEM0010195,PUR005807,P0013,1,14500.0,14500.0
ITEM0010196,PUR005808,P0019,3,1250.0,3750.0
ITEM0010197,PUR005808,P0017,1,18500.0,18500.0
ITEM0010198,PUR005808,P0006,2,2800.0,5600.0
ITEM0010199,PUR005809,P0019,2,1250.0,2500.0
ITEM0010200,PUR005809,P0008,3,4200.0,12600.0
ITEM0010201,PUR005810,P0005,4,4500.0,18000.0
ITEM0010202,PUR005811,P0005,4,4500.0,18000.0
ITEM0010203,PUR005812,P0013,1,14500.0,14500.0
ITEM0010204,PUR005812,P0017,1,18500.0,18500.0
ITEM0010205,PUR005812,P0003,2,32000.0,64000.0
ITEM0010206,PUR005813,P0013,1,14500.0,14500.0
ITEM0010207,PUR005814,P0014,1,650.0,650.0
ITEM0010208,PUR005814,P0020,1,499.0,499.0
ITEM0010209,PUR005815,P0011,2,4500.0,9000.0
ITEM0010210,PUR005815,P0003,3,32000.0,96000.0
ITEM0010211,PUR005816,P0018,8,550.0,4400.0
ITEM0010212,PUR005817,P0013,1,14500.0,14500.0
ITEM0010213,PUR005818,P0015,3,1200.0,3600.0
ITEM0010214,PUR005819,P0011,3,4500.0,13500.0
ITEM0010215,PUR005819,P0015,2,1200.0,2400.0
ITEM0010216,PUR005820,P0016,8,450.0,3600.0
ITEM0010217,PUR005821,P0017,1,18500.0,18500.0
ITEM0010218,PUR005821,P0008,2,4200.0,8400.0
ITEM0010219,PUR005821,P0003,1,32000.0,32000.0
ITEM0010220,PUR005822,P0017,2,18500.0,37000.0
ITEM0010221,PUR005822,P0005,1,4500.0,4500.0
ITEM0010222,PUR005823,P0012,5,850.0,4250.0
ITEM0010223,PUR005824,P0004,1,12500.0,12500.0
ITEM0010224,PUR005824,P0005,1,4500.0,4500.0
ITEM0010225,PUR005825,P0019,3,1250.0,3750.0
ITEM0010226,PUR005825,P0007,1,1800.0,1800.0
ITEM0010227,PUR005825,P0015,4,1200.0,4800.0
ITEM0010228,PUR005826,P0004,2,12500.0,25000.0
ITEM0010229,PUR005827,P0017,2,18500.0,37000.0
ITEM0010230,PUR005827,P0005,2,4500.0,9000.0
ITEM0010231,PUR005828,P0002,1,85000.0,85000.0
ITEM0010232,PUR005828,P0013,1,14500.0,14500.0
ITEM0010233,PUR005829,P0010,4,2200.0,8800.0
ITEM0010234,PUR005829,P0015,5,1200.0,6000.0
ITEM0010235,PUR005829,P0005,4,4500.0,18000.0
ITEM0010236,PUR005829,P0020,4,499.0,1996.0
ITEM0010237,PUR005830,P0017,1,18500.0,18500.0
ITEM0010238,PUR005830,P0001,2,65000.0,130000.0
ITEM0010239,PUR005831,P0005,3,4500.0,13500.0
ITEM0010240,PUR005831,P0020,2,499.0,998.0
ITEM0010241,PUR005831,P0014,5,650.0,3250.0
ITEM0010242,PUR005832,P0009,1,1900.0,1900.0
ITEM0010243,PUR005832,P0008,3,4200.0,12600.0
ITEM0010244,PUR005833,P0002,1,85000.0,85000.0
ITEM0010245,PUR005834,P0017,1,18500.0,18500.0
ITEM0010246,PUR005835,P0004,2,12500.0,25000.0
ITEM0010247,PUR005835,P0005,2,4500.0,9000.0
ITEM0010248,PUR005835,P0013,1,14500.0,14500.0
ITEM0010249,PUR005835,P0008,2,4200.0,8400.0
ITEM0010250,PUR005836,P0005,1,4500.0,4500.0
ITEM0010251,PUR005836,P0019,1,1250.0,1250.0
ITEM0010252,PUR005837,P0014,7,650.0,4550.0
ITEM0010253,PUR005838,P0001,2,65000.0,130000.0
ITEM0010254,PUR005839,P0015,3,1200.0,3600.0
ITEM0010255,PUR005839,P0020,1,499.0,499.0
ITEM0010256,PUR005839,P0019,3,1250.0,3750.0
ITEM0010257,PUR005840,P0004,1,12500.0,12500.0
ITEM0010258,PUR005841,P0011,2,4500.0,9000.0
ITEM0010259,PUR005842,P0017,2,18500.0,37000.0
ITEM0010260,PUR005842,P0013,2,14500.0,29000.0
ITEM0010261,PUR005843,P0007,4,1800.0,7200.0
ITEM0010262,PUR005843,P0015,2,1200.0,2400.0
ITEM0010263,PUR005844,P0013,1,14500.0,14500.0
ITEM0010264,PUR005844,P0002,2,85000.0,170000.0
ITEM0010265,PUR005845,P0005,2,4500.0,9000.0
ITEM0010266,PUR005846,P0017,2,18500.0,37000.0
ITEM0010267,PUR005847,P0006,4,2800.0,11200.0
ITEM0010268,PUR005847,P0017,2,18500.0,37000.0
ITEM0010269,PUR005848,P0010,3,2200.0,6600.0
ITEM0010270,PUR005849,P0003,2,32000.0,64000.0
ITEM0010271,PUR005849,P0002,2,85000.0,170000.0
ITEM0010272,PUR005850,P0010,4,2200.0,8800.0
ITEM0010273,PUR005851,P0015,3,1200.0,3600.0
ITEM0010274,PUR005851,P0006,1,2800.0,2800.0
ITEM0010275,PUR005851,P0011,1,4500.0,4500.0
ITEM0010276,PUR005852,P0006,2,2800.0,5600.0
ITEM0010277,PUR005853,P0001,2,65000.0,130000.0
ITEM0010278,PUR005854,P0003,1,32000.0,32000.0
ITEM0010279,PUR005854,P0002,2,85000.0,170000.0
ITEM0010280,PUR005854,P0013,2,14500.0,29000.0
ITEM0010281,PUR005854,P0017,1,18500.0,18500.0
ITEM0010282,PUR005855,P0003,3,32000.0,96000.0
ITEM0010283,PUR005856,P0005,1,4500.0,4500.0
ITEM0010284,PUR005856,P0006,3,2800.0,8400.0
ITEM0010285,PUR005857,P0013,1,14500.0,14500.0
ITEM0010286,PUR005858,P0019,4,1250.0,5000.0
ITEM0010287,PUR005858,P0017,2,18500.0,37000.0
ITEM0010288,PUR005858,P0011,2,4500.0,9000.0
ITEM0010289,PUR005859,P0006,1,2800.0,2800.0
ITEM0010290,PUR005860,P0003,3,32000.0,96000.0
ITEM0010291,PUR005860,P0017,2,18500.0,37000.0
ITEM0010292,PUR005860,P0004,1,12500.0,12500.0
ITEM0010293,PUR005861,P0017,1,18500.0,18500.0
ITEM0010294,PUR005862,P0006,1,2800.0,2800.0
ITEM0010295,PUR005863,P0017,2,18500.0,37000.0
ITEM0010296,PUR005864,P0011,2,4500.0,9000.0
ITEM0010297,PUR005865,P0003,3,32000.0,96000.0
ITEM0010298,PUR005865,P0005,3,4500.0,13500.0
ITEM0010299,PUR005866,P0019,4,1250.0,5000.0
ITEM0010300,PUR005866,P0011,3,4500.0,13500.0
ITEM0010301,PUR005867,P0003,3,32000.0,96000.0
ITEM0010302,PUR005868,P0016,4,450.0,1800.0
ITEM0010303,PUR005868,P0006,4,2800.0,11200.0
ITEM0010304,PUR005869,P0005,2,4500.0,9000.0
ITEM0010305,PUR005870,P0005,2,4500.0,9000.0
ITEM0010306,PUR005871,P0013,1,14500.0,14500.0
ITEM0010307,PUR005872,P0003,3,32000.0,96000.0
ITEM0010308,PUR005873,P0017,1,18500.0,18500.0
ITEM0010309,PUR005874,P0004,3,12500.0,37500.0
ITEM0010310,PUR005874,P0016,5,450.0,2250.0
ITEM0010311,PUR005875,P0018,6,550.0,3300.0
ITEM0010312,PUR005876,P0006,4,2800.0,11200.0
ITEM0010313,PUR005876,P0003,2,32000.0,64000.0
ITEM0010314,PUR005877,P0006,2,2800.0,5600.0
ITEM0010315,PUR005878,P0017,2,18500.0,37000.0
ITEM0010316,PUR005878,P0003,1,32000.0,32000.0
ITEM0010317,PUR005879,P0009,2,1900.0,3800.0
ITEM0010318,PUR005880,P0008,5,4200.0,21000.0
ITEM0010319,PUR005880,P0012,5,850.0,4250.0
ITEM0010320,PUR005881,P0008,4,4200.0,16800.0
ITEM0010321,PUR005881,P0016,2,450.0,900.0
ITEM0010322,PUR005882,P0006,2,2800.0,5600.0
ITEM0010323,PUR005882,P0005,2,4500.0,9000.0
ITEM0010324,PUR005882,P0008,4,4200.0,16800.0
ITEM0010325,PUR005883,P0013,1,14500.0,14500.0
ITEM0010326,PUR005884,P0015,1,1200.0,1200.0
ITEM0010327,PUR005885,P0017,2,18500.0,37000.0
ITEM0010328,PUR005885,P0002,1,85000.0,85000.0
ITEM0010329,PUR005886,P0008,5,4200.0,21000.0
ITEM0010330,PUR005887,P0013,1,14500.0,14500.0
ITEM0010331,PUR005888,P0013,2,14500.0,29000.0
ITEM0010332,PUR005888,P0019,4,1250.0,5000.0
ITEM0010333,PUR005888,P0017,1,18500.0,18500.0
ITEM0010334,PUR005889,P0010,4,2200.0,8800.0
ITEM0010335,PUR005889,P0004,1,12500.0,12500.0
ITEM0010336,PUR005890,P0005,4,4500.0,18000.0
ITEM0010337,PUR005890,P0004,3,12500.0,37500.0
ITEM0010338,PUR005891,P0009,1,1900.0,1900.0
ITEM0010339,PUR005892,P0013,1,14500.0,14500.0
ITEM0010340,PUR005892,P0002,2,85000.0,170000.0
ITEM0010341,PUR005892,P0003,3,32000.0,96000.0
ITEM0010342,PUR005892,P0017,1,18500.0,18500.0
ITEM0010343,PUR005893,P0011,2,4500.0,9000.0
ITEM0010344,PUR005893,P0005,4,4500.0,18000.0
ITEM0010345,PUR005894,P0019,5,1250.0,6250.0
ITEM0010346,PUR005894,P0006,2,2800.0,5600.0
ITEM0010347,PUR005895,P0008,3,4200.0,12600.0
ITEM0010348,PUR005895,P0014,2,650.0,1300.0
ITEM0010349,PUR005896,P0017,1,18500.0,18500.0
ITEM0010350,PUR005896,P0013,2,14500.0,29000.0
ITEM0010351,PUR005897,P0004,2,12500.0,25000.0
ITEM0010352,PUR005897,P0014,7,650.0,4550.0
ITEM0010353,PUR005898,P0019,4,1250.0,5000.0
ITEM0010354,PUR005898,P0013,1,14500.0,14500.0
ITEM0010355,PUR005899,P0013,2,14500.0,29000.0
ITEM0010356,PUR005900,P0014,3,650.0,1950.0
ITEM0010357,PUR005901,P0017,2,18500.0,37000.0
ITEM0010358,PUR005902,P0001,2,65000.0,130000.0
ITEM0010359,PUR005902,P0013,1,14500.0,14500.0
ITEM0010360,PUR005903,P0020,1,499.0,499.0
ITEM0010361,PUR005903,P0010,4,2200.0,8800.0
ITEM0010362,PUR005904,P0007,5,1800.0,9000.0
ITEM0010363,PUR005905,P0011,2,4500.0,9000.0
ITEM0010364,PUR005905,P0014,3,650.0,1950.0
ITEM0010365,PUR005905,P0004,3,12500.0,37500.0
ITEM0010366,PUR005906,P0013,2,14500.0,29000.0
ITEM0010367,PUR005907,P0006,1,2800.0,2800.0
ITEM0010368,PUR005908,P0008,4,4200.0,16800.0
ITEM0010369,PUR005909,P0018,2,550.0,1100.0
ITEM0010370,PUR005910,P0012,2,850.0,1700.0
ITEM0010371,PUR005910,P0015,4,1200.0,4800.0
ITEM0010372,PUR005911,P0017,2,18500.0,37000.0
ITEM0010373,PUR005912,P0020,4,499.0,1996.0
ITEM0010374,PUR005912,P0007,3,1800.0,5400.0
ITEM0010375,PUR005913,P0017,2,18500.0,37000.0
ITEM0010376,PUR005913,P0001,2,65000.0,130000.0
ITEM0010377,PUR005914,P0005,1,4500.0,4500.0
ITEM0010378,PUR005914,P0006,3,2800.0,8400.0
ITEM0010379,PUR005915,P0003,1,32000.0,32000.0
ITEM0010380,PUR005916,P0017,2,18500.0,37000.0
ITEM0010381,PUR005916,P0003,2,32000.0,64000.0
ITEM0010382,PUR005917,P0010,5,2200.0,11000.0
ITEM0010383,PUR005918,P0012,5,850.0,4250.0
ITEM0010384,PUR005919,P0009,2,1900.0,3800.0
ITEM0010385,PUR005919,P0012,4,850.0,3400.0
ITEM0010386,PUR005919,P0015,1,1200.0,1200.0
ITEM0010387,PUR005920,P0017,2,18500.0,37000.0
ITEM0010388,PUR005921,P0003,2,32000.0,64000.0
ITEM0010389,PUR005922,P0008,5,4200.0,21000.0
ITEM0010390,PUR005922,P0003,1,32000.0,32000.0
ITEM0010391,PUR005923,P0008,5,4200.0,21000.0
ITEM0010392,PUR005923,P0003,3,32000.0,96000.0
ITEM0010393,PUR005924,P0001,2,65000.0,130000.0
ITEM0010394,PUR005925,P0008,1,4200.0,4200.0
ITEM0010395,PUR005926,P0017,1,18500.0,18500.0
ITEM0010396,PUR005926,P0004,1,12500.0,12500.0
ITEM0010397,PUR005926,P0005,3,4500.0,13500.0
ITEM0010398,PUR005927,P0004,1,12500.0,12500.0
ITEM0010399,PUR005927,P0007,5,1800.0,9000.0
ITEM0010400,PUR005928,P0007,5,1800.0,9000.0
ITEM0010401,PUR005928,P0019,2,1250.0,2500.0
ITEM0010402,PUR005928,P0006,1,2800.0,2800.0
ITEM0010403,PUR005929,P0008,4,4200.0,16800.0
ITEM0010404,PUR005930,P0012,1,850.0,850.0
ITEM0010405,PUR005930,P0010,2,2200.0,4400.0
ITEM0010406,PUR005930,P0014,6,650.0,3900.0
ITEM0010407,PUR005931,P0007,2,1800.0,3600.0
ITEM0010408,PUR005932,P0015,2,1200.0,2400.0
ITEM0010409,PUR005932,P0012,3,850.0,2550.0
ITEM0010410,PUR005932,P0005,3,4500.0,13500.0
ITEM0010411,PUR005933,P0006,1,2800.0,2800.0
ITEM0010412,PUR005933,P0005,1,4500.0,4500.0
ITEM0010413,PUR005933,P0017,1,18500.0,18500.0
ITEM0010414,PUR005934,P0007,2,1800.0,3600.0
ITEM0010415,PUR005934,P0016,3,450.0,1350.0
ITEM0010416,PUR005935,P0003,1,32000.0,32000.0
ITEM0010417,PUR005936,P0004,1,12500.0,12500.0
ITEM0010418,PUR005936,P0019,2,1250.0,2500.0
ITEM0010419,PUR005937,P0008,5,4200.0,21000.0
ITEM0010420,PUR005938,P0007,2,1800.0,3600.0
ITEM0010421,PUR005938,P0015,1,1200.0,1200.0
ITEM0010422,PUR005939,P0012,4,850.0,3400.0
ITEM0010423,PUR005940,P0007,1,1800.0,1800.0
ITEM0010424,PUR005940,P0014,3,650.0,1950.0
ITEM0010425,PUR005940,P0015,2,1200.0,2400.0
ITEM0010426,PUR005940,P0006,2,2800.0,5600.0
ITEM0010427,PUR005941,P0019,4,1250.0,5000.0
ITEM0010428,PUR005941,P0008,1,4200.0,4200.0
ITEM0010429,PUR005941,P0011,3,4500.0,13500.0
ITEM0010430,PUR005942,P0011,3,4500.0,13500.0
ITEM0010431,PUR005943,P0006,4,2800.0,11200.0
ITEM0010432,PUR005943,P0010,2,2200.0,4400.0
ITEM0010433,PUR005944,P0018,7,550.0,3850.0
ITEM0010434,PUR005945,P0008,2,4200.0,8400.0
ITEM0010435,PUR005946,P0010,2,2200.0,4400.0
ITEM0010436,PUR005947,P0010,2,2200.0,4400.0
ITEM0010437,PUR005947,P0012,5,850.0,4250.0
ITEM0010438,PUR005948,P0012,2,850.0,1700.0
ITEM0010439,PUR005949,P0003,1,32000.0,32000.0
ITEM0010440,PUR005950,P0009,1,1900.0,1900.0
ITEM0010441,PUR005950,P0015,1,1200.0,1200.0
ITEM0010442,PUR005951,P0008,2,4200.0,8400.0
ITEM0010443,PUR005952,P0015,2,1200.0,2400.0
ITEM0010444,PUR005953,P0011,1,4500.0,4500.0
ITEM0010445,PUR005953,P0014,6,650.0,3900.0
ITEM0010446,PUR005954,P0005,2,4500.0,9000.0
ITEM0010447,PUR005955,P0003,1,32000.0,32000.0
ITEM0010448,PUR005955,P0017,1,18500.0,18500.0
ITEM0010449,PUR005955,P0002,2,85000.0,170000.0
ITEM0010450,PUR005955,P0001,1,65000.0,65000.0
ITEM0010451,PUR005956,P0017,1,18500.0,18500.0
ITEM0010452,PUR005956,P0013,2,14500.0,29000.0
ITEM0010453,PUR005957,P0012,2,850.0,1700.0
ITEM0010454,PUR005958,P0010,2,2200.0,4400.0
ITEM0010455,PUR005958,P0004,2,12500.0,25000.0
ITEM0010456,PUR005959,P0004,1,12500.0,12500.0
ITEM0010457,PUR005960,P0002,2,85000.0,170000.0
ITEM0010458,PUR005961,P0015,3,1200.0,3600.0
ITEM0010459,PUR005961,P0011,3,4500.0,13500.0
ITEM0010460,PUR005962,P0012,5,850.0,4250.0
ITEM0010461,PUR005962,P0018,7,550.0,3850.0
ITEM0010462,PUR005963,P0011,1,4500.0,4500.0
ITEM0010463,PUR005963,P0016,1,450.0,450.0
ITEM0010464,PUR005964,P0011,2,4500.0,9000.0
ITEM0010465,PUR005965,P0009,3,1900.0,5700.0
ITEM0010466,PUR005965,P0005,2,4500.0,9000.0
ITEM0010467,PUR005965,P0007,3,1800.0,5400.0
ITEM0010468,PUR005966,P0008,4,4200.0,16800.0
ITEM0010469,PUR005967,P0010,4,2200.0,8800.0
ITEM0010470,PUR005967,P0019,5,1250.0,6250.0
ITEM0010471,PUR005967,P0008,1,4200.0,4200.0
ITEM0010472,PUR005968,P0013,1,14500.0,14500.0
ITEM0010473,PUR005968,P0019,5,1250.0,6250.0
ITEM0010474,PUR005969,P0011,1,4500.0,4500.0
ITEM0010475,PUR005970,P0008,2,4200.0,8400.0
ITEM0010476,PUR005970,P0011,2,4500.0,9000.0
ITEM0010477,PUR005970,P0006,4,2800.0,11200.0
ITEM0010478,PUR005970,P0003,3,32000.0,96000.0
ITEM0010479,PUR005971,P0003,3,32000.0,96000.0
ITEM0010480,PUR005972,P0002,1,85000.0,85000.0
ITEM0010481,PUR005972,P0017,2,18500.0,37000.0
ITEM0010482,PUR005973,P0006,3,2800.0,8400.0
ITEM0010483,PUR005973,P0012,1,850.0,850.0
ITEM0010484,PUR005974,P0014,3,650.0,1950.0
ITEM0010485,PUR005974,P0007,1,1800.0,1800.0
ITEM0010486,PUR005975,P0015,2,1200.0,2400.0
ITEM0010487,PUR005976,P0008,4,4200.0,16800.0
ITEM0010488,PUR005977,P0004,3,12500.0,37500.0
ITEM0010489,PUR005977,P0006,2,2800.0,5600.0
ITEM0010490,PUR005977,P0005,4,4500.0,18000.0
ITEM0010491,PUR005978,P0009,5,1900.0,9500.0
ITEM0010492,PUR005978,P0010,2,2200.0,4400.0
ITEM0010493,PUR005979,P0013,2,14500.0,29000.0
ITEM0010494,PUR005980,P0005,2,4500.0,9000.0
ITEM0010495,PUR005980,P0006,3,2800.0,8400.0
ITEM0010496,PUR005981,P0005,2,4500.0,9000.0
ITEM0010497,PUR005982,P0011,3,4500.0,13500.0
ITEM0010498,PUR005982,P0008,5,4200.0,21000.0
ITEM0010499,PUR005983,P0009,2,1900.0,3800.0
ITEM0010500,PUR005983,P0005,4,4500.0,18000.0
ITEM0010501,PUR005983,P0014,5,650.0,3250.0
ITEM0010502,PUR005984,P0002,2,85000.0,170000.0
ITEM0010503,PUR005984,P0017,1,18500.0,18500.0
ITEM0010504,PUR005985,P0004,2,12500.0,25000.0
ITEM0010505,PUR005986,P0013,2,14500.0,29000.0
ITEM0010506,PUR005987,P0017,1,18500.0,18500.0
ITEM0010507,PUR005988,P0005,1,4500.0,4500.0
ITEM0010508,PUR005988,P0008,2,4200.0,8400.0
ITEM0010509,PUR005989,P0004,2,12500.0,25000.0
ITEM0010510,PUR005990,P0004,3,12500.0,37500.0
ITEM0010511,PUR005991,P0012,3,850.0,2550.0
ITEM0010512,PUR005992,P0003,3,32000.0,96000.0
ITEM0010513,PUR005993,P0009,1,1900.0,1900.0
ITEM0010514,PUR005993,P0012,5,850.0,4250.0
ITEM0010515,PUR005993,P0004,2,12500.0,25000.0
ITEM0010516,PUR005993,P0015,4,1200.0,4800.0
ITEM0010517,PUR005994,P0008,3,4200.0,12600.0
ITEM0010518,PUR005995,P0004,1,12500.0,12500.0
ITEM0010519,PUR005996,P0003,1,32000.0,32000.0
ITEM0010520,PUR005997,P0007,1,1800.0,1800.0
ITEM0010521,PUR005998,P0008,4,4200.0,16800.0
ITEM0010522,PUR005999,P0009,3,1900.0,5700.0
ITEM0010523,PUR005999,P0012,5,850.0,4250.0
ITEM0010524,PUR006000,P0016,4,450.0,1800.0
ITEM0010525,PUR006000,P0007,1,1800.0,1800.0
ITEM0010526,PUR006001,P0012,2,850.0,1700.0
ITEM0010527,PUR006001,P0004,2,12500.0,25000.0
ITEM0010528,PUR006002,P0010,5,2200.0,11000.0
ITEM0010529,PUR006003,P0002,1,85000.0,85000.0
ITEM0010530,PUR006004,P0009,5,1900.0,9500.0
ITEM0010531,PUR006005,P0017,1,18500.0,18500.0
ITEM0010532,PUR006005,P0013,2,14500.0,29000.0
ITEM0010533,PUR006005,P0002,1,85000.0,85000.0
ITEM0010534,PUR006006,P0011,2,4500.0,9000.0
ITEM0010535,PUR006007,P0008,3,4200.0,12600.0
ITEM0010536,PUR006007,P0020,3,499.0,1497.0
ITEM0010537,PUR006008,P0011,2,4500.0,9000.0
ITEM0010538,PUR006008,P0013,2,14500.0,29000.0
ITEM0010539,PUR006008,P0005,2,4500.0,9000.0
ITEM0010540,PUR006009,P0006,3,2800.0,8400.0
ITEM0010541,PUR006009,P0004,3,12500.0,37500.0
ITEM0010542,PUR006010,P0018,6,550.0,3300.0
ITEM0010543,PUR006011,P0011,2,4500.0,9000.0
ITEM0010544,PUR006011,P0015,1,1200.0,1200.0
ITEM0010545,PUR006012,P0003,1,32000.0,32000.0
ITEM0010546,PUR006013,P0005,2,4500.0,9000.0
ITEM0010547,PUR006013,P0011,1,4500.0,4500.0
ITEM0010548,PUR006013,P0014,7,650.0,4550.0
ITEM0010549,PUR006014,P0003,2,32000.0,64000.0
ITEM0010550,PUR006014,P0013,1,14500.0,14500.0
ITEM0010551,PUR006015,P0011,2,4500.0,9000.0
ITEM0010552,PUR006016,P0010,2,2200.0,4400.0
ITEM0010553,PUR006016,P0009,3,1900.0,5700.0
ITEM0010554,PUR006017,P0008,2,4200.0,8400.0
ITEM0010555,PUR006018,P0019,2,1250.0,2500.0
ITEM0010556,PUR006019,P0011,1,4500.0,4500.0
ITEM0010557,PUR006020,P0010,5,2200.0,11000.0
ITEM0010558,PUR006021,P0003,1,32000.0,32000.0
ITEM0010559,PUR006022,P0015,5,1200.0,6000.0
ITEM0010560,PUR006022,P0014,8,650.0,5200.0
ITEM0010561,PUR006022,P0010,2,2200.0,4400.0
ITEM0010562,PUR006023,P0017,1,18500.0,18500.0
ITEM0010563,PUR006024,P0004,3,12500.0,37500.0
ITEM0010564,PUR006024,P0013,2,14500.0,29000.0
ITEM0010565,PUR006024,P0006,3,2800.0,8400.0
ITEM0010566,PUR006025,P0006,3,2800.0,8400.0
ITEM0010567,PUR006026,P0013,1,14500.0,14500.0
ITEM0010568,PUR006026,P0003,1,32000.0,32000.0
ITEM0010569,PUR006027,P0008,3,4200.0,12600.0
ITEM0010570,PUR006027,P0019,3,1250.0,3750.0
ITEM0010571,PUR006028,P0007,2,1800.0,3600.0
ITEM0010572,PUR006029,P0006,3,2800.0,8400.0
ITEM0010573,PUR006029,P0019,2,1250.0,2500.0
ITEM0010574,PUR006030,P0019,1,1250.0,1250.0
ITEM0010575,PUR006031,P0003,2,32000.0,64000.0
ITEM0010576,PUR006031,P0013,1,14500.0,14500.0
ITEM0010577,PUR006032,P0003,2,32000.0,64000.0
ITEM0010578,PUR006032,P0013,2,14500.0,29000.0
ITEM0010579,PUR006032,P0019,2,1250.0,2500.0
ITEM0010580,PUR006033,P0015,5,1200.0,6000.0
ITEM0010581,PUR006034,P0007,5,1800.0,9000.0
ITEM0010582,PUR006035,P0005,1,4500.0,4500.0
ITEM0010583,PUR006035,P0011,3,4500.0,13500.0
ITEM0010584,PUR006035,P0017,2,18500.0,37000.0
ITEM0010585,PUR006036,P0008,4,4200.0,16800.0
ITEM0010586,PUR006036,P0014,2,650.0,1300.0
ITEM0010587,PUR006037,P0017,1,18500.0,18500.0
ITEM0010588,PUR006037,P0003,1,32000.0,32000.0
ITEM0010589,PUR006038,P0008,5,4200.0,21000.0
ITEM0010590,PUR006039,P0005,4,4500.0,18000.0
ITEM0010591,PUR006040,P0019,4,1250.0,5000.0
ITEM0010592,PUR006041,P0008,2,4200.0,8400.0
ITEM0010593,PUR006042,P0006,3,2800.0,8400.0
ITEM0010594,PUR006042,P0019,3,1250.0,3750.0
ITEM0010595,PUR006042,P0003,3,32000.0,96000.0
ITEM0010596,PUR006043,P0008,1,4200.0,4200.0
ITEM0010597,PUR006043,P0005,1,4500.0,4500.0
ITEM0010598,PUR006043,P0003,1,32000.0,32000.0
ITEM0010599,PUR006043,P0013,1,14500.0,14500.0
ITEM0010600,PUR006044,P0008,1,4200.0,4200.0
ITEM0010601,PUR006045,P0011,3,4500.0,13500.0
ITEM0010602,PUR006046,P0008,2,4200.0,8400.0
ITEM0010603,PUR006046,P0005,4,4500.0,18000.0
ITEM0010604,PUR006047,P0006,4,2800.0,11200.0
ITEM0010605,PUR006047,P0018,7,550.0,3850.0
ITEM0010606,PUR006048,P0013,2,14500.0,29000.0
ITEM0010607,PUR006048,P0002,1,85000.0,85000.0
ITEM0010608,PUR006048,P0003,1,32000.0,32000.0
ITEM0010609,PUR006049,P0002,2,85000.0,170000.0
ITEM0010610,PUR006050,P0001,1,65000.0,65000.0
ITEM0010611,PUR006050,P0003,2,32000.0,64000.0
ITEM0010612,PUR006051,P0004,2,12500.0,25000.0
ITEM0010613,PUR006051,P0005,1,4500.0,4500.0
ITEM0010614,PUR006051,P0008,2,4200.0,8400.0
ITEM0010615,PUR006052,P0019,4,1250.0,5000.0
ITEM0010616,PUR006052,P0005,2,4500.0,9000.0
ITEM0010617,PUR006052,P0020,1,499.0,499.0
ITEM0010618,PUR006053,P0004,3,12500.0,37500.0
ITEM0010619,PUR006054,P0007,2,1800.0,3600.0
ITEM0010620,PUR006054,P0004,3,12500.0,37500.0
ITEM0010621,PUR006055,P0011,1,4500.0,4500.0
ITEM0010622,PUR006056,P0001,1,65000.0,65000.0
ITEM0010623,PUR006056,P0013,1,14500.0,14500.0
ITEM0010624,PUR006057,P0015,1,1200.0,1200.0
ITEM0010625,PUR006057,P0014,1,650.0,650.0
ITEM0010626,PUR006057,P0006,2,2800.0,5600.0
ITEM0010627,PUR006058,P0005,1,4500.0,4500.0
ITEM0010628,PUR006058,P0008,1,4200.0,4200.0
ITEM0010629,PUR006059,P0017,1,18500.0,18500.0
ITEM0010630,PUR006059,P0019,1,1250.0,1250.0
ITEM0010631,PUR006060,P0003,3,32000.0,96000.0
ITEM0010632,PUR006061,P0015,1,1200.0,1200.0
ITEM0010633,PUR006062,P0004,1,12500.0,12500.0
ITEM0010634,PUR006062,P0013,1,14500.0,14500.0
ITEM0010635,PUR006063,P0008,5,4200.0,21000.0
ITEM0010636,PUR006064,P0020,2,499.0,998.0
ITEM0010637,PUR006065,P0011,1,4500.0,4500.0
ITEM0010638,PUR006065,P0009,1,1900.0,1900.0
ITEM0010639,PUR006065,P0015,2,1200.0,2400.0
ITEM0010640,PUR006065,P0008,5,4200.0,21000.0
ITEM0010641,PUR006066,P0019,5,1250.0,6250.0
ITEM0010642,PUR006066,P0004,2,12500.0,25000.0
ITEM0010643,PUR006067,P0007,5,1800.0,9000.0
ITEM0010644,PUR006068,P0012,1,850.0,850.0
ITEM0010645,PUR006069,P0009,3,1900.0,5700.0
ITEM0010646,PUR006070,P0017,1,18500.0,18500.0
ITEM0010647,PUR006071,P0019,3,1250.0,3750.0
ITEM0010648,PUR006072,P0010,1,2200.0,2200.0
ITEM0010649,PUR006072,P0016,8,450.0,3600.0
ITEM0010650,PUR006072,P0014,3,650.0,1950.0
ITEM0010651,PUR006073,P0005,4,4500.0,18000.0
ITEM0010652,PUR006073,P0019,3,1250.0,3750.0
ITEM0010653,PUR006074,P0006,3,2800.0,8400.0
ITEM0010654,PUR006075,P0018,1,550.0,550.0
ITEM0010655,PUR006076,P0018,2,550.0,1100.0
ITEM0010656,PUR006077,P0002,2,85000.0,170000.0
ITEM0010657,PUR006077,P0017,1,18500.0,18500.0
ITEM0010658,PUR006078,P0014,5,650.0,3250.0
ITEM0010659,PUR006079,P0002,1,85000.0,85000.0
ITEM0010660,PUR006079,P0013,2,14500.0,29000.0
ITEM0010661,PUR006080,P0004,3,12500.0,37500.0
ITEM0010662,PUR006081,P0020,3,499.0,1497.0
ITEM0010663,PUR006082,P0017,2,18500.0,37000.0
ITEM0010664,PUR006083,P0008,2,4200.0,8400.0
ITEM0010665,PUR006084,P0004,3,12500.0,37500.0
ITEM0010666,PUR006084,P0005,4,4500.0,18000.0
ITEM0010667,PUR006085,P0016,1,450.0,450.0
ITEM0010668,PUR006086,P0016,10,450.0,4500.0
ITEM0010669,PUR006086,P0008,4,4200.0,16800.0
ITEM0010670,PUR006087,P0005,1,4500.0,4500.0
ITEM0010671,PUR006088,P0004,2,12500.0,25000.0
ITEM0010672,PUR006088,P0018,5,550.0,2750.0
ITEM0010673,PUR006088,P0005,2,4500.0,9000.0
ITEM0010674,PUR006089,P0020,2,499.0,998.0
ITEM0010675,PUR006089,P0016,1,450.0,450.0
ITEM0010676,PUR006089,P0018,6,550.0,3300.0
ITEM0010677,PUR006089,P0019,5,1250.0,6250.0
ITEM0010678,PUR006090,P0006,2,2800.0,5600.0
ITEM0010679,PUR006091,P0004,1,12500.0,12500.0
ITEM0010680,PUR006091,P0017,1,18500.0,18500.0
ITEM0010681,PUR006091,P0003,2,32000.0,64000.0
ITEM0010682,PUR006092,P0004,1,12500.0,12500.0
ITEM0010683,PUR006092,P0020,3,499.0,1497.0
ITEM0010684,PUR006093,P0004,3,12500.0,37500.0
ITEM0010685,PUR006093,P0003,2,32000.0,64000.0
ITEM0010686,PUR006093,P0008,3,4200.0,12600.0
ITEM0010687,PUR006093,P0006,3,2800.0,8400.0
ITEM0010688,PUR006094,P0019,3,1250.0,3750.0
ITEM0010689,PUR006094,P0018,7,550.0,3850.0
ITEM0010690,PUR006095,P0015,2,1200.0,2400.0
ITEM0010691,PUR006096,P0008,2,4200.0,8400.0
ITEM0010692,PUR006097,P0019,3,1250.0,3750.0
ITEM0010693,PUR006097,P0020,2,499.0,998.0
ITEM0010694,PUR006097,P0006,3,2800.0,8400.0
ITEM0010695,PUR006098,P0015,4,1200.0,4800.0
ITEM0010696,PUR006099,P0005,4,4500.0,18000.0
ITEM0010697,PUR006099,P0012,1,850.0,850.0
ITEM0010698,PUR006100,P0008,3,4200.0,12600.0
ITEM0010699,PUR006100,P0019,4,1250.0,5000.0
ITEM0010700,PUR006101,P0013,1,14500.0,14500.0
ITEM0010701,PUR006102,P0005,3,4500.0,13500.0
ITEM0010702,PUR006102,P0017,2,18500.0,37000.0
ITEM0010703,PUR006102,P0008,2,4200.0,8400.0
ITEM0010704,PUR006103,P0001,1,65000.0,65000.0
ITEM0010705,PUR006104,P0014,1,650.0,650.0
ITEM0010706,PUR006104,P0018,1,550.0,550.0
ITEM0010707,PUR006105,P0008,1,4200.0,4200.0
ITEM0010708,PUR006105,P0011,1,4500.0,4500.0
ITEM0010709,PUR006106,P0019,3,1250.0,3750.0
ITEM0010710,PUR006107,P0007,2,1800.0,3600.0
ITEM0010711,PUR006108,P0004,1,12500.0,12500.0
ITEM0010712,PUR006108,P0008,1,4200.0,4200.0
ITEM0010713,PUR006109,P0004,1,12500.0,12500.0
ITEM0010714,PUR006109,P0005,4,4500.0,18000.0
ITEM0010715,PUR006110,P0015,1,1200.0,1200.0
ITEM0010716,PUR006110,P0011,3,4500.0,13500.0
ITEM0010717,PUR006111,P0004,2,12500.0,25000.0
ITEM0010718,PUR006112,P0006,1,2800.0,2800.0
ITEM0010719,PUR006112,P0013,2,14500.0,29000.0
ITEM0010720,PUR006113,P0019,4,1250.0,5000.0
ITEM0010721,PUR006113,P0006,1,2800.0,2800.0
ITEM0010722,PUR006114,P0006,3,2800.0,8400.0
ITEM0010723,PUR006114,P0004,3,12500.0,37500.0
ITEM0010724,PUR006115,P0011,1,4500.0,4500.0
ITEM0010725,PUR006115,P0014,1,650.0,650.0
ITEM0010726,PUR006116,P0019,2,1250.0,2500.0
ITEM0010727,PUR006117,P0017,2,18500.0,37000.0
ITEM0010728,PUR006117,P0008,1,4200.0,4200.0
ITEM0010729,PUR006117,P0013,1,14500.0,14500.0
ITEM0010730,PUR006117,P0011,2,4500.0,9000.0
ITEM0010731,PUR006118,P0006,1,2800.0,2800.0
ITEM0010732,PUR006119,P0005,1,4500.0,4500.0
ITEM0010733,PUR006119,P0017,2,18500.0,37000.0
ITEM0010734,PUR006120,P0003,2,32000.0,64000.0
ITEM0010735,PUR006120,P0017,1,18500.0,18500.0
ITEM0010736,PUR006121,P0014,4,650.0,2600.0
ITEM0010737,PUR006122,P0005,2,4500.0,9000.0
ITEM0010738,PUR006122,P0017,2,18500.0,37000.0
ITEM0010739,PUR006122,P0003,2,32000.0,64000.0
ITEM0010740,PUR006123,P0006,3,2800.0,8400.0
ITEM0010741,PUR006123,P0005,1,4500.0,4500.0
ITEM0010742,PUR006124,P0006,3,2800.0,8400.0
ITEM0010743,PUR006125,P0006,1,2800.0,2800.0
ITEM0010744,PUR006125,P0013,1,14500.0,14500.0
ITEM0010745,PUR006126,P0008,2,4200.0,8400.0
ITEM0010746,PUR006126,P0006,3,2800.0,8400.0
ITEM0010747,PUR006126,P0005,2,4500.0,9000.0
ITEM0010748,PUR006127,P0013,1,14500.0,14500.0
ITEM0010749,PUR006128,P0005,3,4500.0,13500.0
ITEM0010750,PUR006128,P0018,2,550.0,1100.0
ITEM0010751,PUR006128,P0016,5,450.0,2250.0
ITEM0010752,PUR006129,P0004,2,12500.0,25000.0
ITEM0010753,PUR006129,P0019,2,1250.0,2500.0
ITEM0010754,PUR006130,P0017,1,18500.0,18500.0
ITEM0010755,PUR006131,P0020,3,499.0,1497.0
ITEM0010756,PUR006131,P0009,2,1900.0,3800.0
ITEM0010757,PUR006132,P0012,4,850.0,3400.0
ITEM0010758,PUR006133,P0005,1,4500.0,4500.0
ITEM0010759,PUR006133,P0006,3,2800.0,8400.0
ITEM0010760,PUR006134,P0014,6,650.0,3900.0
ITEM0010761,PUR006134,P0019,4,1250.0,5000.0
ITEM0010762,PUR006135,P0003,1,32000.0,32000.0
ITEM0010763,PUR006136,P0001,2,65000.0,130000.0
ITEM0010764,PUR006136,P0002,2,85000.0,170000.0
ITEM0010765,PUR006136,P0013,2,14500.0,29000.0
ITEM0010766,PUR006137,P0011,3,4500.0,13500.0
ITEM0010767,PUR006137,P0012,1,850.0,850.0
ITEM0010768,PUR006138,P0009,5,1900.0,9500.0
ITEM0010769,PUR006139,P0009,1,1900.0,1900.0
ITEM0010770,PUR006139,P0011,2,4500.0,9000.0
ITEM0010771,PUR006140,P0014,3,650.0,1950.0
ITEM0010772,PUR006141,P0019,5,1250.0,6250.0
ITEM0010773,PUR006141,P0012,2,850.0,1700.0
ITEM0010774,PUR006142,P0019,4,1250.0,5000.0
ITEM0010775,PUR006143,P0011,1,4500.0,4500.0
ITEM0010776,PUR006144,P0008,2,4200.0,8400.0
ITEM0010777,PUR006144,P0004,2,12500.0,25000.0
ITEM0010778,PUR006144,P0011,1,4500.0,4500.0
ITEM0010779,PUR006145,P0020,3,499.0,1497.0
ITEM0010780,PUR006145,P0014,4,650.0,2600.0
ITEM0010781,PUR006145,P0015,3,1200.0,3600.0
ITEM0010782,PUR006146,P0014,2,650.0,1300.0
ITEM0010783,PUR006146,P0006,1,2800.0,2800.0
ITEM0010784,PUR006146,P0010,4,2200.0,8800.0
ITEM0010785,PUR006147,P0018,4,550.0,2200.0
ITEM0010786,PUR006148,P0017,2,18500.0,37000.0
ITEM0010787,PUR006148,P0006,2,2800.0,5600.0
ITEM0010788,PUR006148,P0004,1,12500.0,12500.0
ITEM0010789,PUR006149,P0019,5,1250.0,6250.0
ITEM0010790,PUR006150,P0006,3,2800.0,8400.0
ITEM0010791,PUR006150,P0005,3,4500.0,13500.0
ITEM0010792,PUR006150,P0004,2,12500.0,25000.0
ITEM0010793,PUR006151,P0020,1,499.0,499.0
ITEM0010794,PUR006151,P0007,3,1800.0,5400.0
ITEM0010795,PUR006151,P0014,6,650.0,3900.0
ITEM0010796,PUR006152,P0005,3,4500.0,13500.0
ITEM0010797,PUR006152,P0006,4,2800.0,11200.0
ITEM0010798,PUR006152,P0009,2,1900.0,3800.0
ITEM0010799,PUR006153,P0011,3,4500.0,13500.0
ITEM0010800,PUR006153,P0006,2,2800.0,5600.0
ITEM0010801,PUR006153,P0013,1,14500.0,14500.0
ITEM0010802,PUR006154,P0012,5,850.0,4250.0
ITEM0010803,PUR006154,P0014,3,650.0,1950.0
ITEM0010804,PUR006155,P0011,2,4500.0,9000.0
ITEM0010805,PUR006155,P0018,1,550.0,550.0
ITEM0010806,PUR006155,P0005,1,4500.0,4500.0
ITEM0010807,PUR006156,P0006,4,2800.0,11200.0
ITEM0010808,PUR006157,P0004,3,12500.0,37500.0
ITEM0010809,PUR006157,P0019,2,1250.0,2500.0
ITEM0010810,PUR006158,P0002,2,85000.0,170000.0
ITEM0010811,PUR006159,P0015,5,1200.0,6000.0
ITEM0010812,PUR006160,P0008,4,4200.0,16800.0
ITEM0010813,PUR006160,P0005,1,4500.0,4500.0
ITEM0010814,PUR006160,P0011,1,4500.0,4500.0
ITEM0010815,PUR006161,P0007,5,1800.0,9000.0
ITEM0010816,PUR006161,P0014,5,650.0,3250.0
ITEM0010817,PUR006161,P0011,2,4500.0,9000.0
ITEM0010818,PUR006162,P0013,2,14500.0,29000.0
ITEM0010819,PUR006163,P0004,2,12500.0,25000.0
ITEM0010820,PUR006163,P0018,1,550.0,550.0
ITEM0010821,PUR006163,P0015,4,1200.0,4800.0
ITEM0010822,PUR006164,P0020,4,499.0,1996.0
ITEM0010823,PUR006164,P0009,5,1900.0,9500.0
ITEM0010824,PUR006164,P0006,4,2800.0,11200.0
ITEM0010825,PUR006165,P0002,1,85000.0,85000.0
ITEM0010826,PUR006166,P0017,2,18500.0,37000.0
ITEM0010827,PUR006166,P0002,2,85000.0,170000.0
ITEM0010828,PUR006167,P0020,3,499.0,1497.0
ITEM0010829,PUR006167,P0011,1,4500.0,4500.0
ITEM0010830,PUR006167,P0016,4,450.0,1800.0
ITEM0010831,PUR006168,P0010,2,2200.0,4400.0
ITEM0010832,PUR006169,P0005,3,4500.0,13500.0
ITEM0010833,PUR006170,P0002,1,85000.0,85000.0
ITEM0010834,PUR006171,P0013,2,14500.0,29000.0
ITEM0010835,PUR006171,P0011,3,4500.0,13500.0
ITEM0010836,PUR006171,P0017,1,18500.0,18500.0
ITEM0010837,PUR006172,P0003,2,32000.0,64000.0
ITEM0010838,PUR006173,P0005,4,4500.0,18000.0
ITEM0010839,PUR006174,P0020,2,499.0,998.0
ITEM0010840,PUR006175,P0004,2,12500.0,25000.0
ITEM0010841,PUR006176,P0010,2,2200.0,4400.0
ITEM0010842,PUR006176,P0006,3,2800.0,8400.0
ITEM0010843,PUR006177,P0012,6,850.0,5100.0
ITEM0010844,PUR006178,P0003,2,32000.0,64000.0
ITEM0010845,PUR006178,P0004,3,12500.0,37500.0
ITEM0010846,PUR006178,P0011,1,4500.0,4500.0
ITEM0010847,PUR006179,P0010,2,2200.0,4400.0
ITEM0010848,PUR006179,P0009,1,1900.0,1900.0
ITEM0010849,PUR006180,P0006,3,2800.0,8400.0
ITEM0010850,PUR006181,P0005,2,4500.0,9000.0
ITEM0010851,PUR006182,P0011,3,4500.0,13500.0
ITEM0010852,PUR006183,P0017,2,18500.0,37000.0
ITEM0010853,PUR006184,P0017,1,18500.0,18500.0
ITEM0010854,PUR006185,P0010,1,2200.0,2200.0
ITEM0010855,PUR006185,P0005,2,4500.0,9000.0
ITEM0010856,PUR006185,P0011,1,4500.0,4500.0
ITEM0010857,PUR006185,P0009,2,1900.0,3800.0
ITEM0010858,PUR006186,P0015,3,1200.0,3600.0
ITEM0010859,PUR006186,P0014,3,650.0,1950.0
ITEM0010860,PUR006187,P0011,1,4500.0,4500.0
ITEM0010861,PUR006187,P0003,2,32000.0,64000.0
ITEM0010862,PUR006187,P0005,3,4500.0,13500.0
ITEM0010863,PUR006188,P0008,4,4200.0,16800.0
ITEM0010864,PUR006189,P0004,2,12500.0,25000.0
ITEM0010865,PUR006189,P0017,1,18500.0,18500.0
ITEM0010866,PUR006190,P0011,2,4500.0,9000.0
ITEM0010867,PUR006190,P0020,3,499.0,1497.0
ITEM0010868,PUR006190,P0007,2,1800.0,3600.0
ITEM0010869,PUR006191,P0018,2,550.0,1100.0
ITEM0010870,PUR006191,P0004,3,12500.0,37500.0
ITEM0010871,PUR006192,P0006,2,2800.0,5600.0
ITEM0010872,PUR006193,P0017,2,18500.0,37000.0
ITEM0010873,PUR006194,P0015,2,1200.0,2400.0
ITEM0010874,PUR006195,P0017,1,18500.0,18500.0
ITEM0010875,PUR006196,P0020,5,499.0,2495.0
ITEM0010876,PUR006197,P0017,2,18500.0,37000.0
ITEM0010877,PUR006197,P0013,1,14500.0,14500.0
ITEM0010878,PUR006198,P0002,1,85000.0,85000.0
ITEM0010879,PUR006199,P0001,2,65000.0,130000.0
ITEM0010880,PUR006199,P0017,2,18500.0,37000.0
ITEM0010881,PUR006200,P0006,4,2800.0,11200.0
ITEM0010882,PUR006200,P0005,2,4500.0,9000.0
ITEM0010883,PUR006200,P0011,2,4500.0,9000.0
ITEM0010884,PUR006201,P0009,3,1900.0,5700.0
ITEM0010885,PUR006202,P0009,3,1900.0,5700.0
ITEM0010886,PUR006202,P0018,3,550.0,1650.0
ITEM0010887,PUR006203,P0019,3,1250.0,3750.0
ITEM0010888,PUR006203,P0006,4,2800.0,11200.0
ITEM0010889,PUR006203,P0011,3,4500.0,13500.0
ITEM0010890,PUR006203,P0008,4,4200.0,16800.0
ITEM0010891,PUR006204,P0013,1,14500.0,14500.0
ITEM0010892,PUR006204,P0017,1,18500.0,18500.0
ITEM0010893,PUR006205,P0004,3,12500.0,37500.0
ITEM0010894,PUR006205,P0005,3,4500.0,13500.0
ITEM0010895,PUR006206,P0019,4,1250.0,5000.0
ITEM0010896,PUR006207,P0003,3,32000.0,96000.0
ITEM0010897,PUR006207,P0013,1,14500.0,14500.0
ITEM0010898,PUR006208,P0008,1,4200.0,4200.0
ITEM0010899,PUR006208,P0011,2,4500.0,9000.0
ITEM0010900,PUR006209,P0019,1,1250.0,1250.0
ITEM0010901,PUR006209,P0006,1,2800.0,2800.0
ITEM0010902,PUR006209,P0017,1,18500.0,18500.0
ITEM0010903,PUR006209,P0013,2,14500.0,29000.0
ITEM0010904,PUR006210,P0013,2,14500.0,29000.0
ITEM0010905,PUR006210,P0001,2,65000.0,130000.0
ITEM0010906,PUR006211,P0017,1,18500.0,18500.0
ITEM0010907,PUR006211,P0003,2,32000.0,64000.0
ITEM0010908,PUR006212,P0001,2,65000.0,130000.0
ITEM0010909,PUR006213,P0006,4,2800.0,11200.0
ITEM0010910,PUR006214,P0011,1,4500.0,4500.0
ITEM0010911,PUR006215,P0013,2,14500.0,29000.0
ITEM0010912,PUR006215,P0001,1,65000.0,65000.0
ITEM0010913,PUR006215,P0003,3,32000.0,96000.0
ITEM0010914,PUR006216,P0001,2,65000.0,130000.0
ITEM0010915,PUR006216,P0002,2,85000.0,170000.0
ITEM0010916,PUR006216,P0017,1,18500.0,18500.0
ITEM0010917,PUR006217,P0020,1,499.0,499.0
ITEM0010918,PUR006217,P0019,1,1250.0,1250.0
ITEM0010919,PUR006218,P0004,3,12500.0,37500.0
ITEM0010920,PUR006219,P0019,5,1250.0,6250.0
ITEM0010921,PUR006219,P0020,1,499.0,499.0
ITEM0010922,PUR006220,P0008,2,4200.0,8400.0
ITEM0010923,PUR006221,P0012,1,850.0,850.0
ITEM0010924,PUR006221,P0007,4,1800.0,7200.0
ITEM0010925,PUR006221,P0015,1,1200.0,1200.0
ITEM0010926,PUR006222,P0011,2,4500.0,9000.0
ITEM0010927,PUR006222,P0003,2,32000.0,64000.0
ITEM0010928,PUR006223,P0017,2,18500.0,37000.0
ITEM0010929,PUR006223,P0002,1,85000.0,85000.0
ITEM0010930,PUR006223,P0013,1,14500.0,14500.0
ITEM0010931,PUR006224,P0014,6,650.0,3900.0
ITEM0010932,PUR006225,P0005,4,4500.0,18000.0
ITEM0010933,PUR006225,P0006,4,2800.0,11200.0
ITEM0010934,PUR006225,P0011,1,4500.0,4500.0
ITEM0010935,PUR006226,P0004,1,12500.0,12500.0
ITEM0010936,PUR006227,P0018,8,550.0,4400.0
ITEM0010937,PUR006227,P0011,1,4500.0,4500.0
ITEM0010938,PUR006227,P0014,4,650.0,2600.0
ITEM0010939,PUR006228,P0018,2,550.0,1100.0
ITEM0010940,PUR006229,P0007,1,1800.0,1800.0
ITEM0010941,PUR006230,P0002,2,85000.0,170000.0
ITEM0010942,PUR006231,P0013,1,14500.0,14500.0
ITEM0010943,PUR006231,P0011,3,4500.0,13500.0
ITEM0010944,PUR006232,P0004,2,12500.0,25000.0
ITEM0010945,PUR006233,P0005,1,4500.0,4500.0
ITEM0010946,PUR006233,P0008,1,4200.0,4200.0
ITEM0010947,PUR006233,P0009,1,1900.0,1900.0
ITEM0010948,PUR006233,P0019,2,1250.0,2500.0
ITEM0010949,PUR006234,P0009,4,1900.0,7600.0
ITEM0010950,PUR006234,P0018,7,550.0,3850.0
ITEM0010951,PUR006235,P0019,4,1250.0,5000.0
ITEM0010952,PUR006235,P0007,1,1800.0,1800.0
ITEM0010953,PUR006236,P0006,4,2800.0,11200.0
ITEM0010954,PUR006236,P0003,1,32000.0,32000.0
ITEM0010955,PUR006236,P0017,1,18500.0,18500.0
ITEM0010956,PUR006237,P0005,4,4500.0,18000.0
ITEM0010957,PUR006237,P0011,3,4500.0,13500.0
ITEM0010958,PUR006238,P0013,1,14500.0,14500.0
ITEM0010959,PUR006238,P0017,2,18500.0,37000.0
ITEM0010960,PUR006238,P0005,3,4500.0,13500.0
ITEM0010961,PUR006239,P0010,3,2200.0,6600.0
ITEM0010962,PUR006239,P0004,2,12500.0,25000.0
ITEM0010963,PUR006239,P0009,1,1900.0,1900.0
ITEM0010964,PUR006240,P0009,4,1900.0,7600.0
ITEM0010965,PUR006241,P0018,6,550.0,3300.0
ITEM0010966,PUR006241,P0008,3,4200.0,12600.0
ITEM0010967,PUR006241,P0019,5,1250.0,6250.0
ITEM0010968,PUR006242,P0011,3,4500.0,13500.0
ITEM0010969,PUR006243,P0011,1,4500.0,4500.0
ITEM0010970,PUR006243,P0005,3,4500.0,13500.0
ITEM0010971,PUR006243,P0007,2,1800.0,3600.0
ITEM0010972,PUR006243,P0009,3,1900.0,5700.0
ITEM0010973,PUR006244,P0020,2,499.0,998.0
ITEM0010974,PUR006244,P0009,4,1900.0,7600.0
ITEM0010975,PUR006245,P0013,2,14500.0,29000.0
ITEM0010976,PUR006246,P0020,1,499.0,499.0
ITEM0010977,PUR006247,P0009,5,1900.0,9500.0
ITEM0010978,PUR006247,P0004,1,12500.0,12500.0
ITEM0010979,PUR006247,P0015,1,1200.0,1200.0
ITEM0010980,PUR006248,P0017,2,18500.0,37000.0
ITEM0010981,PUR006248,P0001,1,65000.0,65000.0
ITEM0010982,PUR006249,P0020,3,499.0,1497.0
ITEM0010983,PUR006250,P0020,2,499.0,998.0
ITEM0010984,PUR006251,P0013,2,14500.0,29000.0
ITEM0010985,PUR006252,P0010,3,2200.0,6600.0
ITEM0010986,PUR006253,P0007,3,1800.0,5400.0
ITEM0010987,PUR006253,P0010,2,2200.0,4400.0
ITEM0010988,PUR006254,P0008,1,4200.0,4200.0
ITEM0010989,PUR006255,P0003,2,32000.0,64000.0
ITEM0010990,PUR006256,P0001,1,65000.0,65000.0
ITEM0010991,PUR006257,P0006,2,2800.0,5600.0
ITEM0010992,PUR006258,P0016,1,450.0,450.0
ITEM0010993,PUR006259,P0011,1,4500.0,4500.0
ITEM0010994,PUR006260,P0001,1,65000.0,65000.0
ITEM0010995,PUR006261,P0020,1,499.0,499.0
ITEM0010996,PUR006261,P0014,1,650.0,650.0
ITEM0010997,PUR006262,P0012,3,850.0,2550.0
ITEM0010998,PUR006262,P0008,3,4200.0,12600.0
ITEM0010999,PUR006262,P0005,2,4500.0,9000.0
ITEM0011000,PUR006262,P0007,1,1800.0,1800.0
ITEM0011001,PUR006263,P0011,3,4500.0,13500.0
ITEM0011002,PUR006263,P0006,2,2800.0,5600.0
ITEM0011003,PUR006263,P0004,1,12500.0,12500.0
ITEM0011004,PUR006264,P0017,2,18500.0,37000.0
ITEM0011005,PUR006264,P0013,1,14500.0,14500.0
ITEM0011006,PUR006265,P0002,2,85000.0,170000.0
ITEM0011007,PUR006266,P0019,5,1250.0,6250.0
ITEM0011008,PUR006266,P0020,5,499.0,2495.0
ITEM0011009,PUR006267,P0013,1,14500.0,14500.0
ITEM0011010,PUR006267,P0017,1,18500.0,18500.0
ITEM0011011,PUR006267,P0001,1,65000.0,65000.0
ITEM0011012,PUR006268,P0013,2,14500.0,29000.0
ITEM0011013,PUR006269,P0002,2,85000.0,170000.0
ITEM0011014,PUR006270,P0015,2,1200.0,2400.0
ITEM0011015,PUR006270,P0014,7,650.0,4550.0
ITEM0011016,PUR006271,P0010,4,2200.0,8800.0
ITEM0011017,PUR006271,P0004,2,12500.0,25000.0
ITEM0011018,PUR006271,P0006,3,2800.0,8400.0
ITEM0011019,PUR006272,P0007,3,1800.0,5400.0
ITEM0011020,PUR006272,P0004,2,12500.0,25000.0
ITEM0011021,PUR006273,P0004,1,12500.0,12500.0
ITEM0011022,PUR006274,P0015,2,1200.0,2400.0
ITEM0011023,PUR006274,P0005,1,4500.0,4500.0
ITEM0011024,PUR006275,P0008,5,4200.0,21000.0
ITEM0011025,PUR006275,P0005,1,4500.0,4500.0
ITEM0011026,PUR006275,P0006,4,2800.0,11200.0
ITEM0011027,PUR006276,P0002,1,85000.0,85000.0
ITEM0011028,PUR006277,P0008,4,4200.0,16800.0
ITEM0011029,PUR006278,P0009,2,1900.0,3800.0
ITEM0011030,PUR006279,P0004,1,12500.0,12500.0
ITEM0011031,PUR006280,P0011,3,4500.0,13500.0
ITEM0011032,PUR006280,P0013,1,14500.0,14500.0
ITEM0011033,PUR006280,P0005,4,4500.0,18000.0
ITEM0011034,PUR006281,P0010,5,2200.0,11000.0
ITEM0011035,PUR006282,P0010,5,2200.0,11000.0
ITEM0011036,PUR006283,P0015,3,1200.0,3600.0
ITEM0011037,PUR006283,P0012,2,850.0,1700.0
ITEM0011038,PUR006283,P0018,7,550.0,3850.0
ITEM0011039,PUR006284,P0019,1,1250.0,1250.0
ITEM0011040,PUR006284,P0004,1,12500.0,12500.0
ITEM0011041,PUR006284,P0006,2,2800.0,5600.0
ITEM0011042,PUR006285,P0008,1,4200.0,4200.0
ITEM0011043,PUR006286,P0007,1,1800.0,1800.0
ITEM0011044,PUR006287,P0015,2,1200.0,2400.0
ITEM0011045,PUR006288,P0005,1,4500.0,4500.0
ITEM0011046,PUR006289,P0011,1,4500.0,4500.0
ITEM0011047,PUR006290,P0017,1,18500.0,18500.0
ITEM0011048,PUR006290,P0011,2,4500.0,9000.0
ITEM0011049,PUR006291,P0003,2,32000.0,64000.0
ITEM0011050,PUR006291,P0006,2,2800.0,5600.0
ITEM0011051,PUR006291,P0005,3,4500.0,13500.0
ITEM0011052,PUR006292,P0004,3,12500.0,37500.0
ITEM0011053,PUR006292,P0013,2,14500.0,29000.0
ITEM0011054,PUR006293,P0013,1,14500.0,14500.0
ITEM0011055,PUR006294,P0002,1,85000.0,85000.0
ITEM0011056,PUR006295,P0002,1,85000.0,85000.0
ITEM0011057,PUR006295,P0017,1,18500.0,18500.0
ITEM0011058,PUR006295,P0001,1,65000.0,65000.0
ITEM0011059,PUR006296,P0003,1,32000.0,32000.0
ITEM0011060,PUR006297,P0006,1,2800.0,2800.0
ITEM0011061,PUR006298,P0017,2,18500.0,37000.0
ITEM0011062,PUR006298,P0013,2,14500.0,29000.0
ITEM0011063,PUR006299,P0017,1,18500.0,18500.0
ITEM0011064,PUR006299,P0006,1,2800.0,2800.0
ITEM0011065,PUR006300,P0010,2,2200.0,4400.0
ITEM0011066,PUR006301,P0013,2,14500.0,29000.0
ITEM0011067,PUR006301,P0006,3,2800.0,8400.0
ITEM0011068,PUR006301,P0004,1,12500.0,12500.0
ITEM0011069,PUR006302,P0013,1,14500.0,14500.0
ITEM0011070,PUR006303,P0008,4,4200.0,16800.0
ITEM0011071,PUR006303,P0004,1,12500.0,12500.0
ITEM0011072,PUR006304,P0016,3,450.0,1350.0
ITEM0011073,PUR006305,P0003,2,32000.0,64000.0
ITEM0011074,PUR006305,P0004,2,12500.0,25000.0
ITEM0011075,PUR006306,P0002,2,85000.0,170000.0
ITEM0011076,PUR006306,P0013,1,14500.0,14500.0
ITEM0011077,PUR006306,P0017,1,18500.0,18500.0
ITEM0011078,PUR006307,P0011,3,4500.0,13500.0
ITEM0011079,PUR006308,P0004,1,12500.0,12500.0
ITEM0011080,PUR006308,P0005,1,4500.0,4500.0
ITEM0011081,PUR006308,P0006,4,2800.0,11200.0
ITEM0011082,PUR006309,P0017,1,18500.0,18500.0
ITEM0011083,PUR006309,P0002,1,85000.0,85000.0
ITEM0011084,PUR006309,P0013,1,14500.0,14500.0
ITEM0011085,PUR006310,P0013,1,14500.0,14500.0
ITEM0011086,PUR006310,P0008,1,4200.0,4200.0
ITEM0011087,PUR006310,P0011,3,4500.0,13500.0
ITEM0011088,PUR006311,P0003,3,32000.0,96000.0
ITEM0011089,PUR006311,P0019,3,1250.0,3750.0
ITEM0011090,PUR006312,P0016,6,450.0,2700.0
ITEM0011091,PUR006312,P0011,2,4500.0,9000.0
ITEM0011092,PUR006312,P0007,1,1800.0,1800.0
ITEM0011093,PUR006313,P0008,5,4200.0,21000.0
ITEM0011094,PUR006313,P0007,2,1800.0,3600.0
ITEM0011095,PUR006314,P0012,3,850.0,2550.0
ITEM0011096,PUR006314,P0015,2,1200.0,2400.0
ITEM0011097,PUR006315,P0003,2,32000.0,64000.0
ITEM0011098,PUR006315,P0011,3,4500.0,13500.0
ITEM0011099,PUR006315,P0019,5,1250.0,6250.0
ITEM0011100,PUR006316,P0011,3,4500.0,13500.0
ITEM0011101,PUR006316,P0015,5,1200.0,6000.0
ITEM0011102,PUR006317,P0017,2,18500.0,37000.0
ITEM0011103,PUR006318,P0018,2,550.0,1100.0
ITEM0011104,PUR006319,P0008,3,4200.0,12600.0
ITEM0011105,PUR006320,P0005,1,4500.0,4500.0
ITEM0011106,PUR006320,P0006,2,2800.0,5600.0
ITEM0011107,PUR006320,P0012,1,850.0,850.0
ITEM0011108,PUR006321,P0017,2,18500.0,37000.0
ITEM0011109,PUR006322,P0004,2,12500.0,25000.0
ITEM0011110,PUR006323,P0002,2,85000.0,170000.0
ITEM0011111,PUR006324,P0011,2,4500.0,9000.0
ITEM0011112,PUR006324,P0010,5,2200.0,11000.0
ITEM0011113,PUR006324,P0020,2,499.0,998.0
ITEM0011114,PUR006324,P0019,1,1250.0,1250.0
ITEM0011115,PUR006325,P0006,1,2800.0,2800.0
ITEM0011116,PUR006326,P0009,5,1900.0,9500.0
ITEM0011117,PUR006327,P0011,1,4500.0,4500.0
ITEM0011118,PUR006328,P0017,1,18500.0,18500.0
ITEM0011119,PUR006328,P0005,4,4500.0,18000.0
ITEM0011120,PUR006328,P0019,3,1250.0,3750.0
ITEM0011121,PUR006328,P0003,3,32000.0,96000.0
ITEM0011122,PUR006329,P0011,2,4500.0,9000.0
ITEM0011123,PUR006329,P0019,4,1250.0,5000.0
ITEM0011124,PUR006329,P0003,2,32000.0,64000.0
ITEM0011125,PUR006330,P0010,4,2200.0,8800.0
ITEM0011126,PUR006331,P0004,1,12500.0,12500.0
ITEM0011127,PUR006331,P0009,2,1900.0,3800.0
ITEM0011128,PUR006331,P0020,3,499.0,1497.0
ITEM0011129,PUR006332,P0003,1,32000.0,32000.0
ITEM0011130,PUR006332,P0005,2,4500.0,9000.0
ITEM0011131,PUR006332,P0017,1,18500.0,18500.0
ITEM0011132,PUR006333,P0003,1,32000.0,32000.0
ITEM0011133,PUR006334,P0006,3,2800.0,8400.0
ITEM0011134,PUR006334,P0004,2,12500.0,25000.0
ITEM0011135,PUR006335,P0009,2,1900.0,3800.0
ITEM0011136,PUR006336,P0006,1,2800.0,2800.0
ITEM0011137,PUR006337,P0019,3,1250.0,3750.0
ITEM0011138,PUR006338,P0006,4,2800.0,11200.0
ITEM0011139,PUR006338,P0003,1,32000.0,32000.0
ITEM0011140,PUR006339,P0003,2,32000.0,64000.0
ITEM0011141,PUR006340,P0006,2,2800.0,5600.0
ITEM0011142,PUR006340,P0004,2,12500.0,25000.0
ITEM0011143,PUR006341,P0018,3,550.0,1650.0
ITEM0011144,PUR006341,P0014,1,650.0,650.0
ITEM0011145,PUR006341,P0005,3,4500.0,13500.0
ITEM0011146,PUR006341,P0019,1,1250.0,1250.0
ITEM0011147,PUR006342,P0015,2,1200.0,2400.0
ITEM0011148,PUR006342,P0019,5,1250.0,6250.0
ITEM0011149,PUR006343,P0009,3,1900.0,5700.0
ITEM0011150,PUR006344,P0019,3,1250.0,3750.0
ITEM0011151,PUR006345,P0015,1,1200.0,1200.0
ITEM0011152,PUR006346,P0014,5,650.0,3250.0
ITEM0011153,PUR006346,P0011,3,4500.0,13500.0
ITEM0011154,PUR006347,P0007,1,1800.0,1800.0
ITEM0011155,PUR006348,P0003,2,32000.0,64000.0
ITEM0011156,PUR006348,P0005,1,4500.0,4500.0
ITEM0011157,PUR006348,P0008,1,4200.0,4200.0
ITEM0011158,PUR006349,P0017,1,18500.0,18500.0
ITEM0011159,PUR006349,P0008,2,4200.0,8400.0
ITEM0011160,PUR006350,P0003,3,32000.0,96000.0
ITEM0011161,PUR006350,P0019,3,1250.0,3750.0
ITEM0011162,PUR006351,P0005,2,4500.0,9000.0
ITEM0011163,PUR006351,P0011,2,4500.0,9000.0
ITEM0011164,PUR006351,P0009,4,1900.0,7600.0
ITEM0011165,PUR006352,P0008,1,4200.0,4200.0
ITEM0011166,PUR006352,P0017,2,18500.0,37000.0
ITEM0011167,PUR006353,P0003,1,32000.0,32000.0
ITEM0011168,PUR006354,P0006,2,2800.0,5600.0
ITEM0011169,PUR006355,P0017,1,18500.0,18500.0
ITEM0011170,PUR006355,P0001,2,65000.0,130000.0
ITEM0011171,PUR006356,P0019,5,1250.0,6250.0
ITEM0011172,PUR006356,P0014,7,650.0,4550.0
ITEM0011173,PUR006357,P0013,1,14500.0,14500.0
ITEM0011174,PUR006357,P0019,3,1250.0,3750.0
ITEM0011175,PUR006358,P0020,1,499.0,499.0
ITEM0011176,PUR006359,P0020,2,499.0,998.0
ITEM0011177,PUR006359,P0019,4,1250.0,5000.0
ITEM0011178,PUR006360,P0020,4,499.0,1996.0
ITEM0011179,PUR006361,P0011,1,4500.0,4500.0
ITEM0011180,PUR006361,P0003,2,32000.0,64000.0
ITEM0011181,PUR006361,P0017,2,18500.0,37000.0
ITEM0011182,PUR006362,P0019,5,1250.0,6250.0
ITEM0011183,PUR006362,P0007,1,1800.0,1800.0
ITEM0011184,PUR006363,P0008,3,4200.0,12600.0
ITEM0011185,PUR006364,P0003,2,32000.0,64000.0
ITEM0011186,PUR006364,P0002,2,85000.0,170000.0
ITEM0011187,PUR006365,P0004,3,12500.0,37500.0
ITEM0011188,PUR006365,P0008,1,4200.0,4200.0
ITEM0011189,PUR006366,P0007,5,1800.0,9000.0
ITEM0011190,PUR006366,P0008,3,4200.0,12600.0
ITEM0011191,PUR006366,P0016,9,450.0,4050.0
ITEM0011192,PUR006367,P0006,2,2800.0,5600.0
ITEM0011193,PUR006368,P0012,1,850.0,850.0
ITEM0011194,PUR006368,P0008,1,4200.0,4200.0
ITEM0011195,PUR006369,P0016,4,450.0,1800.0
ITEM0011196,PUR006370,P0003,2,32000.0,64000.0
ITEM0011197,PUR006370,P0011,2,4500.0,9000.0
ITEM0011198,PUR006371,P0019,4,1250.0,5000.0
ITEM0011199,PUR006371,P0004,3,12500.0,37500.0
ITEM0011200,PUR006371,P0017,2,18500.0,37000.0
ITEM0011201,PUR006372,P0011,1,4500.0,4500.0
ITEM0011202,PUR006373,P0003,1,32000.0,32000.0
ITEM0011203,PUR006373,P0001,2,65000.0,130000.0
ITEM0011204,PUR006374,P0010,3,2200.0,6600.0
ITEM0011205,PUR006374,P0008,5,4200.0,21000.0
ITEM0011206,PUR006375,P0003,3,32000.0,96000.0
ITEM0011207,PUR006376,P0006,2,2800.0,5600.0
ITEM0011208,PUR006377,P0017,1,18500.0,18500.0
ITEM0011209,PUR006377,P0003,3,32000.0,96000.0
ITEM0011210,PUR006378,P0018,8,550.0,4400.0
ITEM0011211,PUR006378,P0007,4,1800.0,7200.0
ITEM0011212,PUR006379,P0001,1,65000.0,65000.0
ITEM0011213,PUR006380,P0015,2,1200.0,2400.0
ITEM0011214,PUR006381,P0019,4,1250.0,5000.0
ITEM0011215,PUR006381,P0006,1,2800.0,2800.0
ITEM0011216,PUR006382,P0004,1,12500.0,12500.0
ITEM0011217,PUR006383,P0003,3,32000.0,96000.0
ITEM0011218,PUR006383,P0017,1,18500.0,18500.0
ITEM0011219,PUR006383,P0002,1,85000.0,85000.0
ITEM0011220,PUR006384,P0013,2,14500.0,29000.0
ITEM0011221,PUR006384,P0002,2,85000.0,170000.0
ITEM0011222,PUR006385,P0018,2,550.0,1100.0
ITEM0011223,PUR006386,P0015,5,1200.0,6000.0
ITEM0011224,PUR006386,P0014,1,650.0,650.0
ITEM0011225,PUR006387,P0005,4,4500.0,18000.0
ITEM0011226,PUR006388,P0003,1,32000.0,32000.0
ITEM0011227,PUR006389,P0006,3,2800.0,8400.0
ITEM0011228,PUR006389,P0017,2,18500.0,37000.0
ITEM0011229,PUR006390,P0007,2,1800.0,3600.0
ITEM0011230,PUR006391,P0019,1,1250.0,1250.0
ITEM0011231,PUR006392,P0015,3,1200.0,3600.0
ITEM0011232,PUR006392,P0006,2,2800.0,5600.0
ITEM0011233,PUR006392,P0004,1,12500.0,12500.0
ITEM0011234,PUR006393,P0018,4,550.0,2200.0
ITEM0011235,PUR006394,P0004,1,12500.0,12500.0
ITEM0011236,PUR006394,P0012,4,850.0,3400.0
ITEM0011237,PUR006394,P0009,3,1900.0,5700.0
ITEM0011238,PUR006395,P0020,4,499.0,1996.0
ITEM0011239,PUR006395,P0014,2,650.0,1300.0
ITEM0011240,PUR006396,P0015,2,1200.0,2400.0
ITEM0011241,PUR006397,P0013,2,14500.0,29000.0
ITEM0011242,PUR006398,P0016,6,450.0,2700.0
ITEM0011243,PUR006398,P0007,2,1800.0,3600.0
ITEM0011244,PUR006399,P0002,1,85000.0,85000.0
ITEM0011245,PUR006400,P0018,5,550.0,2750.0
ITEM0011246,PUR006401,P0020,5,499.0,2495.0
ITEM0011247,PUR006402,P0008,1,4200.0,4200.0
ITEM0011248,PUR006403,P0008,5,4200.0,21000.0
ITEM0011249,PUR006403,P0006,1,2800.0,2800.0
ITEM0011250,PUR006404,P0017,1,18500.0,18500.0
ITEM0011251,PUR006404,P0006,2,2800.0,5600.0
ITEM0011252,PUR006404,P0004,2,12500.0,25000.0
ITEM0011253,PUR006405,P0020,1,499.0,499.0
ITEM0011254,PUR006405,P0004,2,12500.0,25000.0
ITEM0011255,PUR006406,P0006,3,2800.0,8400.0
ITEM0011256,PUR006407,P0008,4,4200.0,16800.0
ITEM0011257,PUR006407,P0006,3,2800.0,8400.0
ITEM0011258,PUR006407,P0019,2,1250.0,2500.0
ITEM0011259,PUR006408,P0008,1,4200.0,4200.0
ITEM0011260,PUR006409,P0005,3,4500.0,13500.0
ITEM0011261,PUR006409,P0010,2,2200.0,4400.0
ITEM0011262,PUR006409,P0012,3,850.0,2550.0
ITEM0011263,PUR006410,P0002,2,85000.0,170000.0
ITEM0011264,PUR006411,P0017,1,18500.0,18500.0
ITEM0011265,PUR006412,P0009,4,1900.0,7600.0
ITEM0011266,PUR006412,P0015,1,1200.0,1200.0
ITEM0011267,PUR006412,P0004,3,12500.0,37500.0
ITEM0011268,PUR006413,P0020,5,499.0,2495.0
ITEM0011269,PUR006414,P0009,5,1900.0,9500.0
ITEM0011270,PUR006414,P0010,1,2200.0,2200.0
ITEM0011271,PUR006415,P0018,5,550.0,2750.0
ITEM0011272,PUR006415,P0006,3,2800.0,8400.0
ITEM0011273,PUR006415,P0004,2,12500.0,25000.0
ITEM0011274,PUR006416,P0002,2,85000.0,170000.0
ITEM0011275,PUR006416,P0003,3,32000.0,96000.0
ITEM0011276,PUR006416,P0001,1,65000.0,65000.0
ITEM0011277,PUR006417,P0011,1,4500.0,4500.0
ITEM0011278,PUR006417,P0003,3,32000.0,96000.0
ITEM0011279,PUR006417,P0008,4,4200.0,16800.0
ITEM0011280,PUR006418,P0014,3,650.0,1950.0
ITEM0011281,PUR006419,P0005,3,4500.0,13500.0
ITEM0011282,PUR006419,P0011,3,4500.0,13500.0
ITEM0011283,PUR006420,P0011,3,4500.0,13500.0
ITEM0011284,PUR006420,P0007,3,1800.0,5400.0
ITEM0011285,PUR006421,P0005,4,4500.0,18000.0
ITEM0011286,PUR006421,P0019,1,1250.0,1250.0
ITEM0011287,PUR006422,P0017,2,18500.0,37000.0
ITEM0011288,PUR006423,P0016,3,450.0,1350.0
ITEM0011289,PUR006423,P0011,1,4500.0,4500.0
ITEM0011290,PUR006424,P0019,4,1250.0,5000.0
ITEM0011291,PUR006424,P0011,2,4500.0,9000.0
ITEM0011292,PUR006425,P0012,5,850.0,4250.0
ITEM0011293,PUR006426,P0019,5,1250.0,6250.0
ITEM0011294,PUR006426,P0017,2,18500.0,37000.0
ITEM0011295,PUR006427,P0014,1,650.0,650.0
ITEM0011296,PUR006427,P0004,2,12500.0,25000.0
ITEM0011297,PUR006428,P0003,1,32000.0,32000.0
ITEM0011298,PUR006429,P0008,1,4200.0,4200.0
ITEM0011299,PUR006429,P0003,2,32000.0,64000.0
ITEM0011300,PUR006430,P0009,3,1900.0,5700.0
ITEM0011301,PUR006430,P0018,4,550.0,2200.0
ITEM0011302,PUR006431,P0006,1,2800.0,2800.0
ITEM0011303,PUR006431,P0005,4,4500.0,18000.0
ITEM0011304,PUR006432,P0017,2,18500.0,37000.0
ITEM0011305,PUR006432,P0013,1,14500.0,14500.0
ITEM0011306,PUR006433,P0003,2,32000.0,64000.0
ITEM0011307,PUR006433,P0004,1,12500.0,12500.0
ITEM0011308,PUR006433,P0006,3,2800.0,8400.0
ITEM0011309,PUR006434,P0016,10,450.0,4500.0
ITEM0011310,PUR006434,P0004,1,12500.0,12500.0
ITEM0011311,PUR006435,P0003,2,32000.0,64000.0
ITEM0011312,PUR006436,P0011,1,4500.0,4500.0
ITEM0011313,PUR006436,P0004,1,12500.0,12500.0
ITEM0011314,PUR006436,P0019,5,1250.0,6250.0
ITEM0011315,PUR006437,P0017,2,18500.0,37000.0
ITEM0011316,PUR006437,P0011,2,4500.0,9000.0
ITEM0011317,PUR006438,P0010,1,2200.0,2200.0
ITEM0011318,PUR006438,P0019,4,1250.0,5000.0
ITEM0011319,PUR006438,P0008,2,4200.0,8400.0
ITEM0011320,PUR006439,P0011,1,4500.0,4500.0
ITEM0011321,PUR006439,P0004,3,12500.0,37500.0
ITEM0011322,PUR006440,P0005,4,4500.0,18000.0
ITEM0011323,PUR006440,P0008,2,4200.0,8400.0
ITEM0011324,PUR006441,P0019,3,1250.0,3750.0
ITEM0011325,PUR006442,P0016,2,450.0,900.0
ITEM0011326,PUR006443,P0009,1,1900.0,1900.0
ITEM0011327,PUR006443,P0019,5,1250.0,6250.0
ITEM0011328,PUR006443,P0015,1,1200.0,1200.0
ITEM0011329,PUR006443,P0018,4,550.0,2200.0
ITEM0011330,PUR006444,P0018,4,550.0,2200.0
ITEM0011331,PUR006444,P0014,2,650.0,1300.0
ITEM0011332,PUR006444,P0006,4,2800.0,11200.0
ITEM0011333,PUR006445,P0017,1,18500.0,18500.0
ITEM0011334,PUR006445,P0013,2,14500.0,29000.0
ITEM0011335,PUR006446,P0016,10,450.0,4500.0
ITEM0011336,PUR006446,P0019,1,1250.0,1250.0
ITEM0011337,PUR006447,P0006,3,2800.0,8400.0
ITEM0011338,PUR006447,P0010,4,2200.0,8800.0
ITEM0011339,PUR006448,P0010,5,2200.0,11000.0
ITEM0011340,PUR006449,P0011,1,4500.0,4500.0
ITEM0011341,PUR006449,P0019,4,1250.0,5000.0
ITEM0011342,PUR006449,P0003,2,32000.0,64000.0
ITEM0011343,PUR006450,P0008,4,4200.0,16800.0
ITEM0011344,PUR006451,P0018,4,550.0,2200.0
ITEM0011345,PUR006452,P0013,1,14500.0,14500.0
ITEM0011346,PUR006452,P0002,1,85000.0,85000.0
ITEM0011347,PUR006453,P0019,1,1250.0,1250.0
ITEM0011348,PUR006453,P0008,5,4200.0,21000.0
ITEM0011349,PUR006454,P0003,1,32000.0,32000.0
ITEM0011350,PUR006454,P0002,1,85000.0,85000.0
ITEM0011351,PUR006455,P0007,4,1800.0,7200.0
ITEM0011352,PUR006455,P0012,2,850.0,1700.0
ITEM0011353,PUR006456,P0003,3,32000.0,96000.0
ITEM0011354,PUR006456,P0001,1,65000.0,65000.0
ITEM0011355,PUR006457,P0009,1,1900.0,1900.0
ITEM0011356,PUR006458,P0002,2,85000.0,170000.0
ITEM0011357,PUR006459,P0004,1,12500.0,12500.0
ITEM0011358,PUR006459,P0019,3,1250.0,3750.0
ITEM0011359,PUR006460,P0018,2,550.0,1100.0
ITEM0011360,PUR006460,P0004,3,12500.0,37500.0
ITEM0011361,PUR006461,P0009,4,1900.0,7600.0
ITEM0011362,PUR006462,P0009,2,1900.0,3800.0
ITEM0011363,PUR006462,P0019,3,1250.0,3750.0
ITEM0011364,PUR006462,P0010,5,2200.0,11000.0
ITEM0011365,PUR006463,P0009,4,1900.0,7600.0
ITEM0011366,PUR006463,P0006,1,2800.0,2800.0
ITEM0011367,PUR006464,P0016,8,450.0,3600.0
ITEM0011368,PUR006465,P0012,6,850.0,5100.0
ITEM0011369,PUR006466,P0011,1,4500.0,4500.0
ITEM0011370,PUR006466,P0015,4,1200.0,4800.0
ITEM0011371,PUR006467,P0016,8,450.0,3600.0
ITEM0011372,PUR006467,P0008,3,4200.0,12600.0
ITEM0011373,PUR006467,P0019,3,1250.0,3750.0
ITEM0011374,PUR006467,P0006,3,2800.0,8400.0
ITEM0011375,PUR006468,P0011,1,4500.0,4500.0
ITEM0011376,PUR006469,P0008,4,4200.0,16800.0
ITEM0011377,PUR006470,P0017,2,18500.0,37000.0
ITEM0011378,PUR006470,P0013,2,14500.0,29000.0
ITEM0011379,PUR006470,P0001,2,65000.0,130000.0
ITEM0011380,PUR006471,P0001,1,65000.0,65000.0
ITEM0011381,PUR006472,P0019,3,1250.0,3750.0
ITEM0011382,PUR006472,P0011,2,4500.0,9000.0
ITEM0011383,PUR006472,P0003,2,32000.0,64000.0
ITEM0011384,PUR006473,P0005,1,4500.0,4500.0
ITEM0011385,PUR006473,P0019,1,1250.0,1250.0
ITEM0011386,PUR006474,P0019,1,1250.0,1250.0
ITEM0011387,PUR006475,P0006,2,2800.0,5600.0
ITEM0011388,PUR006475,P0004,3,12500.0,37500.0
ITEM0011389,PUR006475,P0017,2,18500.0,37000.0
ITEM0011390,PUR006476,P0011,3,4500.0,13500.0
ITEM0011391,PUR006476,P0013,2,14500.0,29000.0
ITEM0011392,PUR006477,P0004,3,12500.0,37500.0
ITEM0011393,PUR006478,P0002,2,85000.0,170000.0
ITEM0011394,PUR006478,P0003,1,32000.0,32000.0
ITEM0011395,PUR006478,P0001,1,65000.0,65000.0
ITEM0011396,PUR006478,P0013,1,14500.0,14500.0
ITEM0011397,PUR006479,P0006,2,2800.0,5600.0
ITEM0011398,PUR006479,P0012,1,850.0,850.0
ITEM0011399,PUR006479,P0014,2,650.0,1300.0
ITEM0011400,PUR006479,P0005,4,4500.0,18000.0
ITEM0011401,PUR006480,P0014,1,650.0,650.0
ITEM0011402,PUR006481,P0011,3,4500.0,13500.0
ITEM0011403,PUR006481,P0005,3,4500.0,13500.0
ITEM0011404,PUR006481,P0017,2,18500.0,37000.0
ITEM0011405,PUR006482,P0007,4,1800.0,7200.0
ITEM0011406,PUR006483,P0009,4,1900.0,7600.0
ITEM0011407,PUR006483,P0019,5,1250.0,6250.0
ITEM0011408,PUR006484,P0004,2,12500.0,25000.0
ITEM0011409,PUR006485,P0007,1,1800.0,1800.0
ITEM0011410,PUR006486,P0015,3,1200.0,3600.0
ITEM0011411,PUR006486,P0008,4,4200.0,16800.0
ITEM0011412,PUR006487,P0004,3,12500.0,37500.0
ITEM0011413,PUR006488,P0013,2,14500.0,29000.0
ITEM0011414,PUR006488,P0017,1,18500.0,18500.0
ITEM0011415,PUR006488,P0003,3,32000.0,96000.0
ITEM0011416,PUR006488,P0002,1,85000.0,85000.0
ITEM0011417,PUR006489,P0011,2,4500.0,9000.0
ITEM0011418,PUR006489,P0019,5,1250.0,6250.0
ITEM0011419,PUR006489,P0005,3,4500.0,13500.0
ITEM0011420,PUR006490,P0018,2,550.0,1100.0
ITEM0011421,PUR006490,P0007,2,1800.0,3600.0
ITEM0011422,PUR006490,P0008,2,4200.0,8400.0
ITEM0011423,PUR006490,P0012,6,850.0,5100.0
ITEM0011424,PUR006491,P0004,2,12500.0,25000.0
ITEM0011425,PUR006491,P0007,2,1800.0,3600.0
ITEM0011426,PUR006492,P0013,2,14500.0,29000.0
ITEM0011427,PUR006492,P0019,3,1250.0,3750.0
ITEM0011428,PUR006492,P0003,3,32000.0,96000.0
ITEM0011429,PUR006493,P0009,1,1900.0,1900.0
ITEM0011430,PUR006493,P0007,1,1800.0,1800.0
ITEM0011431,PUR006493,P0011,2,4500.0,9000.0
ITEM0011432,PUR006494,P0006,3,2800.0,8400.0
ITEM0011433,PUR006494,P0004,2,12500.0,25000.0
ITEM0011434,PUR006495,P0018,4,550.0,2200.0
ITEM0011435,PUR006496,P0011,1,4500.0,4500.0
ITEM0011436,PUR006496,P0006,3,2800.0,8400.0
ITEM0011437,PUR006497,P0016,3,450.0,1350.0
ITEM0011438,PUR006497,P0015,1,1200.0,1200.0
ITEM0011439,PUR006498,P0013,2,14500.0,29000.0
ITEM0011440,PUR006498,P0017,1,18500.0,18500.0
ITEM0011441,PUR006499,P0016,2,450.0,900.0
ITEM0011442,PUR006499,P0020,4,499.0,1996.0
ITEM0011443,PUR006499,P0012,6,850.0,5100.0
ITEM0011444,PUR006500,P0014,7,650.0,4550.0
ITEM0011445,PUR006500,P0005,3,4500.0,13500.0
ITEM0011446,PUR006501,P0008,1,4200.0,4200.0
ITEM0011447,PUR006501,P0011,3,4500.0,13500.0
ITEM0011448,PUR006502,P0013,2,14500.0,29000.0
ITEM0011449,PUR006502,P0003,1,32000.0,32000.0
ITEM0011450,PUR006503,P0020,2,499.0,998.0
ITEM0011451,PUR006504,P0008,4,4200.0,16800.0
ITEM0011452,PUR006504,P0005,3,4500.0,13500.0
ITEM0011453,PUR006504,P0017,1,18500.0,18500.0
ITEM0011454,PUR006505,P0017,1,18500.0,18500.0
ITEM0011455,PUR006505,P0002,1,85000.0,85000.0
ITEM0011456,PUR006505,P0003,2,32000.0,64000.0
ITEM0011457,PUR006505,P0001,2,65000.0,130000.0
ITEM0011458,PUR006506,P0008,5,4200.0,21000.0
ITEM0011459,PUR006506,P0013,1,14500.0,14500.0
ITEM0011460,PUR006507,P0017,1,18500.0,18500.0
ITEM0011461,PUR006508,P0017,1,18500.0,18500.0
ITEM0011462,PUR006509,P0009,4,1900.0,7600.0
ITEM0011463,PUR006510,P0005,2,4500.0,9000.0
ITEM0011464,PUR006511,P0019,1,1250.0,1250.0
ITEM0011465,PUR006512,P0020,1,499.0,499.0
ITEM0011466,PUR006513,P0014,1,650.0,650.0
ITEM0011467,PUR006514,P0004,1,12500.0,12500.0
ITEM0011468,PUR006514,P0010,5,2200.0,11000.0
ITEM0011469,PUR006515,P0005,3,4500.0,13500.0
ITEM0011470,PUR006515,P0011,3,4500.0,13500.0
ITEM0011471,PUR006516,P0010,5,2200.0,11000.0
ITEM0011472,PUR006517,P0019,3,1250.0,3750.0
ITEM0011473,PUR006518,P0015,4,1200.0,4800.0
ITEM0011474,PUR006518,P0008,2,4200.0,8400.0
ITEM0011475,PUR006518,P0006,1,2800.0,2800.0
ITEM0011476,PUR006518,P0019,3,1250.0,3750.0
ITEM0011477,PUR006519,P0003,2,32000.0,64000.0
ITEM0011478,PUR006520,P0013,1,14500.0,14500.0
ITEM0011479,PUR006521,P0004,2,12500.0,25000.0
ITEM0011480,PUR006522,P0010,2,2200.0,4400.0
ITEM0011481,PUR006522,P0016,2,450.0,900.0
ITEM0011482,PUR006523,P0017,1,18500.0,18500.0
ITEM0011483,PUR006524,P0003,2,32000.0,64000.0
ITEM0011484,PUR006524,P0001,1,65000.0,65000.0
ITEM0011485,PUR006525,P0012,2,850.0,1700.0
ITEM0011486,PUR006526,P0017,1,18500.0,18500.0
ITEM0011487,PUR006527,P0020,5,499.0,2495.0
ITEM0011488,PUR006527,P0011,1,4500.0,4500.0
ITEM0011489,PUR006527,P0006,4,2800.0,11200.0
ITEM0011490,PUR006528,P0014,3,650.0,1950.0
ITEM0011491,PUR006529,P0004,3,12500.0,37500.0
ITEM0011492,PUR006530,P0011,2,4500.0,9000.0
ITEM0011493,PUR006531,P0012,1,850.0,850.0
ITEM0011494,PUR006531,P0008,4,4200.0,16800.0
ITEM0011495,PUR006532,P0016,7,450.0,3150.0
ITEM0011496,PUR006532,P0008,1,4200.0,4200.0
ITEM0011497,PUR006532,P0018,3,550.0,1650.0
ITEM0011498,PUR006533,P0005,3,4500.0,13500.0
ITEM0011499,PUR006533,P0011,1,4500.0,4500.0
ITEM0011500,PUR006534,P0006,1,2800.0,2800.0
ITEM0011501,PUR006535,P0019,3,1250.0,3750.0
ITEM0011502,PUR006536,P0016,5,450.0,2250.0
ITEM0011503,PUR006537,P0004,1,12500.0,12500.0
ITEM0011504,PUR006538,P0008,3,4200.0,12600.0
ITEM0011505,PUR006538,P0013,2,14500.0,29000.0
ITEM0011506,PUR006538,P0004,3,12500.0,37500.0
ITEM0011507,PUR006538,P0019,2,1250.0,2500.0
ITEM0011508,PUR006539,P0012,6,850.0,5100.0
ITEM0011509,PUR006540,P0019,1,1250.0,1250.0
ITEM0011510,PUR006540,P0006,4,2800.0,11200.0
ITEM0011511,PUR006541,P0013,1,14500.0,14500.0
ITEM0011512,PUR006541,P0001,2,65000.0,130000.0
ITEM0011513,PUR006541,P0017,2,18500.0,37000.0
ITEM0011514,PUR006542,P0006,3,2800.0,8400.0
ITEM0011515,PUR006542,P0011,3,4500.0,13500.0
ITEM0011516,PUR006543,P0017,1,18500.0,18500.0
ITEM0011517,PUR006543,P0005,1,4500.0,4500.0
ITEM0011518,PUR006543,P0004,3,12500.0,37500.0
ITEM0011519,PUR006543,P0006,2,2800.0,5600.0
ITEM0011520,PUR006544,P0002,2,85000.0,170000.0
ITEM0011521,PUR006545,P0008,4,4200.0,16800.0
ITEM0011522,PUR006546,P0019,2,1250.0,2500.0
ITEM0011523,PUR006547,P0019,5,1250.0,6250.0
ITEM0011524,PUR006548,P0004,1,12500.0,12500.0
ITEM0011525,PUR006549,P0009,4,1900.0,7600.0
ITEM0011526,PUR006549,P0016,8,450.0,3600.0
ITEM0011527,PUR006550,P0002,2,85000.0,170000.0
ITEM0011528,PUR006551,P0006,1,2800.0,2800.0
ITEM0011529,PUR006551,P0008,5,4200.0,21000.0
ITEM0011530,PUR006551,P0019,4,1250.0,5000.0
ITEM0011531,PUR006551,P0005,3,4500.0,13500.0
ITEM0011532,PUR006552,P0017,2,18500.0,37000.0
ITEM0011533,PUR006552,P0008,1,4200.0,4200.0
ITEM0011534,PUR006553,P0005,1,4500.0,4500.0
ITEM0011535,PUR006553,P0015,2,1200.0,2400.0
ITEM0011536,PUR006553,P0019,2,1250.0,2500.0
ITEM0011537,PUR006554,P0008,5,4200.0,21000.0
ITEM0011538,PUR006555,P0013,2,14500.0,29000.0
ITEM0011539,PUR006556,P0002,2,85000.0,170000.0
ITEM0011540,PUR006557,P0019,1,1250.0,1250.0
ITEM0011541,PUR006558,P0008,2,4200.0,8400.0
ITEM0011542,PUR006559,P0011,2,4500.0,9000.0
ITEM0011543,PUR006560,P0017,1,18500.0,18500.0
ITEM0011544,PUR006560,P0004,2,12500.0,25000.0
ITEM0011545,PUR006560,P0008,3,4200.0,12600.0
ITEM0011546,PUR006561,P0005,2,4500.0,9000.0
ITEM0011547,PUR006562,P0001,2,65000.0,130000.0
ITEM0011548,PUR006563,P0013,1,14500.0,14500.0
ITEM0011549,PUR006564,P0006,4,2800.0,11200.0
ITEM0011550,PUR006565,P0020,4,499.0,1996.0
ITEM0011551,PUR006565,P0018,1,550.0,550.0
ITEM0011552,PUR006566,P0010,4,2200.0,8800.0
ITEM0011553,PUR006567,P0020,5,499.0,2495.0
ITEM0011554,PUR006567,P0019,5,1250.0,6250.0
ITEM0011555,PUR006568,P0005,4,4500.0,18000.0
ITEM0011556,PUR006568,P0008,4,4200.0,16800.0
ITEM0011557,PUR006568,P0004,2,12500.0,25000.0
ITEM0011558,PUR006569,P0016,10,450.0,4500.0
ITEM0011559,PUR006570,P0013,1,14500.0,14500.0
ITEM0011560,PUR006570,P0011,2,4500.0,9000.0
ITEM0011561,PUR006570,P0005,1,4500.0,4500.0
ITEM0011562,PUR006570,P0004,3,12500.0,37500.0
ITEM0011563,PUR006571,P0004,2,12500.0,25000.0
ITEM0011564,PUR006571,P0015,2,1200.0,2400.0
ITEM0011565,PUR006572,P0008,1,4200.0,4200.0
ITEM0011566,PUR006572,P0010,5,2200.0,11000.0
ITEM0011567,PUR006573,P0013,2,14500.0,29000.0
ITEM0011568,PUR006574,P0005,4,4500.0,18000.0
ITEM0011569,PUR006574,P0017,1,18500.0,18500.0
ITEM0011570,PUR006575,P0019,3,1250.0,3750.0
ITEM0011571,PUR006575,P0014,8,650.0,5200.0
ITEM0011572,PUR006575,P0020,4,499.0,1996.0
ITEM0011573,PUR006576,P0017,2,18500.0,37000.0
ITEM0011574,PUR006576,P0011,2,4500.0,9000.0
ITEM0011575,PUR006576,P0003,1,32000.0,32000.0
ITEM0011576,PUR006577,P0014,6,650.0,3900.0
ITEM0011577,PUR006578,P0010,3,2200.0,6600.0
ITEM0011578,PUR006578,P0007,4,1800.0,7200.0
ITEM0011579,PUR006578,P0005,2,4500.0,9000.0
ITEM0011580,PUR006579,P0015,2,1200.0,2400.0
ITEM0011581,PUR006580,P0013,2,14500.0,29000.0
ITEM0011582,PUR006580,P0005,3,4500.0,13500.0
ITEM0011583,PUR006581,P0017,1,18500.0,18500.0
ITEM0011584,PUR006582,P0013,1,14500.0,14500.0
ITEM0011585,PUR006582,P0004,1,12500.0,12500.0
ITEM0011586,PUR006583,P0005,2,4500.0,9000.0
ITEM0011587,PUR006584,P0010,5,2200.0,11000.0
ITEM0011588,PUR006584,P0020,1,499.0,499.0
ITEM0011589,PUR006584,P0011,1,4500.0,4500.0
ITEM0011590,PUR006585,P0019,5,1250.0,6250.0
ITEM0011591,PUR006585,P0003,1,32000.0,32000.0
ITEM0011592,PUR006586,P0016,5,450.0,2250.0
ITEM0011593,PUR006587,P0011,1,4500.0,4500.0
ITEM0011594,PUR006588,P0003,3,32000.0,96000.0
ITEM0011595,PUR006588,P0002,2,85000.0,170000.0
ITEM0011596,PUR006588,P0017,1,18500.0,18500.0
ITEM0011597,PUR006589,P0007,1,1800.0,1800.0
ITEM0011598,PUR006590,P0007,4,1800.0,7200.0
ITEM0011599,PUR006590,P0005,3,4500.0,13500.0
ITEM0011600,PUR006591,P0019,5,1250.0,6250.0
ITEM0011601,PUR006591,P0004,1,12500.0,12500.0
ITEM0011602,PUR006592,P0020,1,499.0,499.0
ITEM0011603,PUR006593,P0004,2,12500.0,25000.0
ITEM0011604,PUR006593,P0015,3,1200.0,3600.0
ITEM0011605,PUR006594,P0004,3,12500.0,37500.0
ITEM0011606,PUR006595,P0006,4,2800.0,11200.0
ITEM0011607,PUR006595,P0009,2,1900.0,3800.0
ITEM0011608,PUR006596,P0001,1,65000.0,65000.0
ITEM0011609,PUR006596,P0017,2,18500.0,37000.0
ITEM0011610,PUR006597,P0003,2,32000.0,64000.0
ITEM0011611,PUR006598,P0015,3,1200.0,3600.0
ITEM0011612,PUR006598,P0018,3,550.0,1650.0
ITEM0011613,PUR006599,P0005,2,4500.0,9000.0
ITEM0011614,PUR006600,P0007,4,1800.0,7200.0
ITEM0011615,PUR006600,P0016,2,450.0,900.0
ITEM0011616,PUR006600,P0010,5,2200.0,11000.0
ITEM0011617,PUR006600,P0019,2,1250.0,2500.0
ITEM0011618,PUR006601,P0014,7,650.0,4550.0
ITEM0011619,PUR006602,P0004,3,12500.0,37500.0
ITEM0011620,PUR006603,P0017,1,18500.0,18500.0
ITEM0011621,PUR006603,P0011,2,4500.0,9000.0
ITEM0011622,PUR006603,P0013,2,14500.0,29000.0
ITEM0011623,PUR006603,P0008,1,4200.0,4200.0
ITEM0011624,PUR006604,P0012,6,850.0,5100.0
ITEM0011625,PUR006604,P0016,1,450.0,450.0
ITEM0011626,PUR006605,P0010,5,2200.0,11000.0
ITEM0011627,PUR006606,P0003,2,32000.0,64000.0
ITEM0011628,PUR006606,P0013,2,14500.0,29000.0
ITEM0011629,PUR006606,P0017,1,18500.0,18500.0
ITEM0011630,PUR006607,P0008,5,4200.0,21000.0
ITEM0011631,PUR006607,P0004,1,12500.0,12500.0
ITEM0011632,PUR006607,P0018,4,550.0,2200.0
ITEM0011633,PUR006608,P0005,1,4500.0,4500.0
ITEM0011634,PUR006609,P0013,2,14500.0,29000.0
ITEM0011635,PUR006609,P0017,2,18500.0,37000.0
ITEM0011636,PUR006610,P0006,2,2800.0,5600.0
ITEM0011637,PUR006610,P0010,2,2200.0,4400.0
ITEM0011638,PUR006611,P0018,3,550.0,1650.0
ITEM0011639,PUR006611,P0020,5,499.0,2495.0
ITEM0011640,PUR006612,P0001,2,65000.0,130000.0
ITEM0011641,PUR006612,P0002,1,85000.0,85000.0
ITEM0011642,PUR006612,P0017,2,18500.0,37000.0
ITEM0011643,PUR006613,P0016,3,450.0,1350.0
ITEM0011644,PUR006614,P0015,2,1200.0,2400.0
ITEM0011645,PUR006614,P0018,6,550.0,3300.0
ITEM0011646,PUR006615,P0006,2,2800.0,5600.0
ITEM0011647,PUR006615,P0011,3,4500.0,13500.0
ITEM0011648,PUR006616,P0001,1,65000.0,65000.0
ITEM0011649,PUR006617,P0004,2,12500.0,25000.0
ITEM0011650,PUR006618,P0004,1,12500.0,12500.0
ITEM0011651,PUR006618,P0011,1,4500.0,4500.0
ITEM0011652,PUR006619,P0007,4,1800.0,7200.0
ITEM0011653,PUR006620,P0002,1,85000.0,85000.0
ITEM0011654,PUR006620,P0003,3,32000.0,96000.0
ITEM0011655,PUR006621,P0019,4,1250.0,5000.0
ITEM0011656,PUR006622,P0013,1,14500.0,14500.0
ITEM0011657,PUR006622,P0017,1,18500.0,18500.0
ITEM0011658,PUR006623,P0005,1,4500.0,4500.0
ITEM0011659,PUR006624,P0012,2,850.0,1700.0
ITEM0011660,PUR006624,P0006,2,2800.0,5600.0
ITEM0011661,PUR006625,P0008,5,4200.0,21000.0
ITEM0011662,PUR006625,P0010,4,2200.0,8800.0
ITEM0011663,PUR006626,P0003,2,32000.0,64000.0
ITEM0011664,PUR006626,P0017,1,18500.0,18500.0
ITEM0011665,PUR006627,P0014,5,650.0,3250.0
ITEM0011666,PUR006628,P0008,2,4200.0,8400.0
ITEM0011667,PUR006628,P0004,1,12500.0,12500.0
ITEM0011668,PUR006629,P0013,1,14500.0,14500.0
ITEM0011669,PUR006630,P0009,3,1900.0,5700.0
ITEM0011670,PUR006631,P0010,3,2200.0,6600.0
ITEM0011671,PUR006632,P0008,3,4200.0,12600.0
ITEM0011672,PUR006633,P0003,1,32000.0,32000.0
ITEM0011673,PUR006633,P0013,2,14500.0,29000.0
ITEM0011674,PUR006634,P0007,2,1800.0,3600.0
ITEM0011675,PUR006634,P0006,2,2800.0,5600.0
ITEM0011676,PUR006634,P0011,1,4500.0,4500.0
ITEM0011677,PUR006635,P0016,9,450.0,4050.0
ITEM0011678,PUR006636,P0020,5,499.0,2495.0
ITEM0011679,PUR006637,P0016,10,450.0,4500.0
ITEM0011680,PUR006637,P0005,4,4500.0,18000.0
ITEM0011681,PUR006637,P0008,1,4200.0,4200.0
ITEM0011682,PUR006637,P0004,1,12500.0,12500.0
ITEM0011683,PUR006638,P0020,3,499.0,1497.0
ITEM0011684,PUR006639,P0003,2,32000.0,64000.0
ITEM0011685,PUR006639,P0013,2,14500.0,29000.0
ITEM0011686,PUR006640,P0017,2,18500.0,37000.0
ITEM0011687,PUR006641,P0015,5,1200.0,6000.0
ITEM0011688,PUR006642,P0016,9,450.0,4050.0
ITEM0011689,PUR006643,P0013,1,14500.0,14500.0
ITEM0011690,PUR006643,P0006,1,2800.0,2800.0
ITEM0011691,PUR006643,P0008,1,4200.0,4200.0
ITEM0011692,PUR006643,P0011,3,4500.0,13500.0
ITEM0011693,PUR006644,P0011,1,4500.0,4500.0
ITEM0011694,PUR006644,P0019,5,1250.0,6250.0
ITEM0011695,PUR006645,P0003,3,32000.0,96000.0
ITEM0011696,PUR006646,P0019,1,1250.0,1250.0
ITEM0011697,PUR006647,P0015,4,1200.0,4800.0
ITEM0011698,PUR006647,P0014,7,650.0,4550.0
ITEM0011699,PUR006647,P0005,1,4500.0,4500.0
ITEM0011700,PUR006648,P0006,1,2800.0,2800.0
ITEM0011701,PUR006649,P0019,1,1250.0,1250.0
ITEM0011702,PUR006650,P0001,1,65000.0,65000.0
ITEM0011703,PUR006650,P0013,1,14500.0,14500.0
ITEM0011704,PUR006651,P0001,2,65000.0,130000.0
ITEM0011705,PUR006651,P0013,2,14500.0,29000.0
ITEM0011706,PUR006651,P0003,1,32000.0,32000.0
ITEM0011707,PUR006652,P0018,5,550.0,2750.0
ITEM0011708,PUR006652,P0005,2,4500.0,9000.0
ITEM0011709,PUR006652,P0010,5,2200.0,11000.0
ITEM0011710,PUR006653,P0015,3,1200.0,3600.0
ITEM0011711,PUR006654,P0005,1,4500.0,4500.0
ITEM0011712,PUR006655,P0011,1,4500.0,4500.0
ITEM0011713,PUR006656,P0004,1,12500.0,12500.0
ITEM0011714,PUR006657,P0020,3,499.0,1497.0
ITEM0011715,PUR006658,P0019,3,1250.0,3750.0
ITEM0011716,PUR006659,P0019,1,1250.0,1250.0
ITEM0011717,PUR006660,P0005,2,4500.0,9000.0
ITEM0011718,PUR006660,P0011,1,4500.0,4500.0
ITEM0011719,PUR006661,P0008,3,4200.0,12600.0
ITEM0011720,PUR006662,P0007,5,1800.0,9000.0
ITEM0011721,PUR006662,P0012,4,850.0,3400.0
ITEM0011722,PUR006662,P0016,10,450.0,4500.0
ITEM0011723,PUR006663,P0017,1,18500.0,18500.0
ITEM0011724,PUR006663,P0003,1,32000.0,32000.0
ITEM0011725,PUR006663,P0006,4,2800.0,11200.0
ITEM0011726,PUR006664,P0012,1,850.0,850.0
ITEM0011727,PUR006665,P0004,2,12500.0,25000.0
ITEM0011728,PUR006666,P0016,6,450.0,2700.0
ITEM0011729,PUR006666,P0014,4,650.0,2600.0
ITEM0011730,PUR006666,P0008,1,4200.0,4200.0
ITEM0011731,PUR006667,P0011,3,4500.0,13500.0
ITEM0011732,PUR006668,P0013,2,14500.0,29000.0
ITEM0011733,PUR006668,P0003,1,32000.0,32000.0
ITEM0011734,PUR006669,P0017,2,18500.0,37000.0
ITEM0011735,PUR006669,P0002,2,85000.0,170000.0
ITEM0011736,PUR006670,P0004,1,12500.0,12500.0
ITEM0011737,PUR006671,P0008,5,4200.0,21000.0
ITEM0011738,PUR006671,P0019,4,1250.0,5000.0
ITEM0011739,PUR006672,P0004,3,12500.0,37500.0
ITEM0011740,PUR006672,P0003,3,32000.0,96000.0
ITEM0011741,PUR006673,P0012,4,850.0,3400.0
ITEM0011742,PUR006673,P0007,5,1800.0,9000.0
ITEM0011743,PUR006673,P0010,2,2200.0,4400.0
ITEM0011744,PUR006674,P0001,1,65000.0,65000.0
ITEM0011745,PUR006674,P0017,1,18500.0,18500.0
ITEM0011746,PUR006675,P0016,8,450.0,3600.0
ITEM0011747,PUR006676,P0011,2,4500.0,9000.0
ITEM0011748,PUR006676,P0008,4,4200.0,16800.0
ITEM0011749,PUR006676,P0013,1,14500.0,14500.0
ITEM0011750,PUR006677,P0006,4,2800.0,11200.0
ITEM0011751,PUR006677,P0015,1,1200.0,1200.0
ITEM0011752,PUR006678,P0016,10,450.0,4500.0
ITEM0011753,PUR006678,P0018,5,550.0,2750.0
ITEM0011754,PUR006679,P0008,5,4200.0,21000.0
ITEM0011755,PUR006679,P0013,1,14500.0,14500.0
ITEM0011756,PUR006680,P0004,3,12500.0,37500.0
ITEM0011757,PUR006680,P0006,4,2800.0,11200.0
ITEM0011758,PUR006680,P0011,3,4500.0,13500.0
ITEM0011759,PUR006681,P0005,3,4500.0,13500.0
ITEM0011760,PUR006681,P0006,3,2800.0,8400.0
ITEM0011761,PUR006682,P0006,2,2800.0,5600.0
ITEM0011762,PUR006683,P0002,2,85000.0,170000.0
ITEM0011763,PUR006684,P0012,5,850.0,4250.0
ITEM0011764,PUR006684,P0006,3,2800.0,8400.0
ITEM0011765,PUR006685,P0017,2,18500.0,37000.0
ITEM0011766,PUR006686,P0018,7,550.0,3850.0
ITEM0011767,PUR006686,P0005,2,4500.0,9000.0
ITEM0011768,PUR006687,P0002,2,85000.0,170000.0
ITEM0011769,PUR006688,P0008,1,4200.0,4200.0
ITEM0011770,PUR006689,P0003,3,32000.0,96000.0
ITEM0011771,PUR006689,P0004,2,12500.0,25000.0
ITEM0011772,PUR006689,P0011,3,4500.0,13500.0
ITEM0011773,PUR006690,P0010,2,2200.0,4400.0
ITEM0011774,PUR006691,P0003,3,32000.0,96000.0
ITEM0011775,PUR006691,P0013,1,14500.0,14500.0
ITEM0011776,PUR006691,P0001,2,65000.0,130000.0
ITEM0011777,PUR006692,P0008,1,4200.0,4200.0
ITEM0011778,PUR006692,P0019,4,1250.0,5000.0
ITEM0011779,PUR006693,P0006,3,2800.0,8400.0
ITEM0011780,PUR006693,P0019,5,1250.0,6250.0
ITEM0011781,PUR006693,P0005,2,4500.0,9000.0
ITEM0011782,PUR006694,P0017,1,18500.0,18500.0
ITEM0011783,PUR006695,P0006,2,2800.0,5600.0
ITEM0011784,PUR006696,P0008,2,4200.0,8400.0
ITEM0011785,PUR006697,P0017,2,18500.0,37000.0
ITEM0011786,PUR006698,P0008,1,4200.0,4200.0
ITEM0011787,PUR006698,P0016,1,450.0,450.0
ITEM0011788,PUR006698,P0019,2,1250.0,2500.0
ITEM0011789,PUR006698,P0006,4,2800.0,11200.0
ITEM0011790,PUR006699,P0011,2,4500.0,9000.0
ITEM0011791,PUR006700,P0005,4,4500.0,18000.0
ITEM0011792,PUR006700,P0020,1,499.0,499.0
ITEM0011793,PUR006701,P0003,1,32000.0,32000.0
ITEM0011794,PUR006701,P0001,1,65000.0,65000.0
ITEM0011795,PUR006701,P0013,2,14500.0,29000.0
ITEM0011796,PUR006701,P0017,2,18500.0,37000.0
ITEM0011797,PUR006702,P0009,1,1900.0,1900.0
ITEM0011798,PUR006703,P0013,1,14500.0,14500.0
ITEM0011799,PUR006703,P0001,2,65000.0,130000.0
ITEM0011800,PUR006704,P0004,3,12500.0,37500.0
ITEM0011801,PUR006704,P0006,4,2800.0,11200.0
ITEM0011802,PUR006704,P0005,1,4500.0,4500.0
ITEM0011803,PUR006705,P0012,1,850.0,850.0
ITEM0011804,PUR006706,P0005,4,4500.0,18000.0
ITEM0011805,PUR006706,P0017,2,18500.0,37000.0
ITEM0011806,PUR006706,P0004,1,12500.0,12500.0
ITEM0011807,PUR006707,P0011,1,4500.0,4500.0
ITEM0011808,PUR006708,P0013,2,14500.0,29000.0
ITEM0011809,PUR006708,P0003,1,32000.0,32000.0
ITEM0011810,PUR006708,P0002,2,85000.0,170000.0
ITEM0011811,PUR006709,P0009,4,1900.0,7600.0
ITEM0011812,PUR006709,P0004,1,12500.0,12500.0
ITEM0011813,PUR006709,P0019,2,1250.0,2500.0
ITEM0011814,PUR006709,P0008,1,4200.0,4200.0
ITEM0011815,PUR006710,P0008,1,4200.0,4200.0
ITEM0011816,PUR006711,P0013,1,14500.0,14500.0
ITEM0011817,PUR006712,P0002,1,85000.0,85000.0
ITEM0011818,PUR006713,P0009,5,1900.0,9500.0
ITEM0011819,PUR006713,P0008,3,4200.0,12600.0
ITEM0011820,PUR006714,P0017,2,18500.0,37000.0
ITEM0011821,PUR006714,P0003,3,32000.0,96000.0
ITEM0011822,PUR006715,P0017,2,18500.0,37000.0
ITEM0011823,PUR006715,P0003,2,32000.0,64000.0
ITEM0011824,PUR006716,P0005,1,4500.0,4500.0
ITEM0011825,PUR006716,P0010,2,2200.0,4400.0
ITEM0011826,PUR006717,P0007,1,1800.0,1800.0
ITEM0011827,PUR006718,P0019,1,1250.0,1250.0
ITEM0011828,PUR006719,P0008,2,4200.0,8400.0
ITEM0011829,PUR006720,P0006,1,2800.0,2800.0
ITEM0011830,PUR006720,P0014,8,650.0,5200.0
ITEM0011831,PUR006721,P0014,4,650.0,2600.0
ITEM0011832,PUR006722,P0001,1,65000.0,65000.0
ITEM0011833,PUR006723,P0020,5,499.0,2495.0
ITEM0011834,PUR006724,P0006,1,2800.0,2800.0
ITEM0011835,PUR006724,P0005,4,4500.0,18000.0
ITEM0011836,PUR006724,P0019,2,1250.0,2500.0
ITEM0011837,PUR006724,P0008,3,4200.0,12600.0
ITEM0011838,PUR006725,P0008,5,4200.0,21000.0
ITEM0011839,PUR006726,P0010,1,2200.0,2200.0
ITEM0011840,PUR006727,P0003,1,32000.0,32000.0
ITEM0011841,PUR006727,P0005,1,4500.0,4500.0
ITEM0011842,PUR006728,P0011,2,4500.0,9000.0
ITEM0011843,PUR006728,P0017,1,18500.0,18500.0
ITEM0011844,PUR006728,P0006,2,2800.0,5600.0
ITEM0011845,PUR006729,P0008,4,4200.0,16800.0
ITEM0011846,PUR006730,P0007,2,1800.0,3600.0
ITEM0011847,PUR006730,P0005,3,4500.0,13500.0
ITEM0011848,PUR006731,P0011,3,4500.0,13500.0
ITEM0011849,PUR006731,P0007,4,1800.0,7200.0
ITEM0011850,PUR006732,P0009,4,1900.0,7600.0
ITEM0011851,PUR006733,P0013,1,14500.0,14500.0
ITEM0011852,PUR006733,P0008,4,4200.0,16800.0
ITEM0011853,PUR006733,P0005,1,4500.0,4500.0
ITEM0011854,PUR006734,P0020,5,499.0,2495.0
ITEM0011855,PUR006734,P0010,3,2200.0,6600.0
ITEM0011856,PUR006734,P0018,5,550.0,2750.0
ITEM0011857,PUR006735,P0019,2,1250.0,2500.0
ITEM0011858,PUR006736,P0006,4,2800.0,11200.0
ITEM0011859,PUR006737,P0009,1,1900.0,1900.0
ITEM0011860,PUR006738,P0002,1,85000.0,85000.0
ITEM0011861,PUR006739,P0003,2,32000.0,64000.0
ITEM0011862,PUR006740,P0019,2,1250.0,2500.0
ITEM0011863,PUR006740,P0004,2,12500.0,25000.0
ITEM0011864,PUR006740,P0013,2,14500.0,29000.0
ITEM0011865,PUR006741,P0013,1,14500.0,14500.0
ITEM0011866,PUR006741,P0004,2,12500.0,25000.0
ITEM0011867,PUR006742,P0005,2,4500.0,9000.0
ITEM0011868,PUR006742,P0006,3,2800.0,8400.0
ITEM0011869,PUR006743,P0004,3,12500.0,37500.0
ITEM0011870,PUR006743,P0017,1,18500.0,18500.0
ITEM0011871,PUR006744,P0002,1,85000.0,85000.0
ITEM0011872,PUR006744,P0003,3,32000.0,96000.0
ITEM0011873,PUR006745,P0010,1,2200.0,2200.0
ITEM0011874,PUR006746,P0006,3,2800.0,8400.0
ITEM0011875,PUR006746,P0005,4,4500.0,18000.0
ITEM0011876,PUR006746,P0004,2,12500.0,25000.0
ITEM0011877,PUR006747,P0006,2,2800.0,5600.0
ITEM0011878,PUR006748,P0008,2,4200.0,8400.0
ITEM0011879,PUR006749,P0015,4,1200.0,4800.0
ITEM0011880,PUR006749,P0012,2,850.0,1700.0
ITEM0011881,PUR006749,P0004,1,12500.0,12500.0
ITEM0011882,PUR006750,P0003,3,32000.0,96000.0
ITEM0011883,PUR006751,P0017,1,18500.0,18500.0
ITEM0011884,PUR006752,P0015,4,1200.0,4800.0
ITEM0011885,PUR006752,P0020,1,499.0,499.0
ITEM0011886,PUR006753,P0001,1,65000.0,65000.0
ITEM0011887,PUR006754,P0015,3,1200.0,3600.0
ITEM0011888,PUR006755,P0006,1,2800.0,2800.0
ITEM0011889,PUR006756,P0011,1,4500.0,4500.0
ITEM0011890,PUR006756,P0003,2,32000.0,64000.0
ITEM0011891,PUR006756,P0008,5,4200.0,21000.0
ITEM0011892,PUR006756,P0013,2,14500.0,29000.0
ITEM0011893,PUR006757,P0005,3,4500.0,13500.0
ITEM0011894,PUR006757,P0017,1,18500.0,18500.0
ITEM0011895,PUR006758,P0018,6,550.0,3300.0
ITEM0011896,PUR006758,P0019,4,1250.0,5000.0
ITEM0011897,PUR006758,P0007,5,1800.0,9000.0
ITEM0011898,PUR006759,P0003,2,32000.0,64000.0
ITEM0011899,PUR006759,P0013,1,14500.0,14500.0
ITEM0011900,PUR006759,P0002,1,85000.0,85000.0
ITEM0011901,PUR006760,P0006,4,2800.0,11200.0
ITEM0011902,PUR006760,P0008,2,4200.0,8400.0
ITEM0011903,PUR006760,P0013,2,14500.0,29000.0
ITEM0011904,PUR006761,P0004,2,12500.0,25000.0
ITEM0011905,PUR006762,P0013,1,14500.0,14500.0
ITEM0011906,PUR006763,P0018,3,550.0,1650.0
ITEM0011907,PUR006764,P0007,1,1800.0,1800.0
ITEM0011908,PUR006764,P0016,6,450.0,2700.0
ITEM0011909,PUR006764,P0018,5,550.0,2750.0
ITEM0011910,PUR006765,P0007,1,1800.0,1800.0
ITEM0011911,PUR006766,P0005,2,4500.0,9000.0
ITEM0011912,PUR006767,P0011,2,4500.0,9000.0
ITEM0011913,PUR006768,P0013,1,14500.0,14500.0
ITEM0011914,PUR006768,P0008,5,4200.0,21000.0
ITEM0011915,PUR006768,P0004,1,12500.0,12500.0
ITEM0011916,PUR006769,P0013,1,14500.0,14500.0
ITEM0011917,PUR006770,P0010,2,2200.0,4400.0
ITEM0011918,PUR006771,P0020,4,499.0,1996.0
ITEM0011919,PUR006772,P0007,1,1800.0,1800.0
ITEM0011920,PUR006772,P0018,7,550.0,3850.0
ITEM0011921,PUR006773,P0011,2,4500.0,9000.0
ITEM0011922,PUR006774,P0005,2,4500.0,9000.0
ITEM0011923,PUR006774,P0006,1,2800.0,2800.0
ITEM0011924,PUR006775,P0017,2,18500.0,37000.0
ITEM0011925,PUR006776,P0005,3,4500.0,13500.0
ITEM0011926,PUR006777,P0013,1,14500.0,14500.0
ITEM0011927,PUR006777,P0019,1,1250.0,1250.0
ITEM0011928,PUR006777,P0008,4,4200.0,16800.0
ITEM0011929,PUR006778,P0007,5,1800.0,9000.0
ITEM0011930,PUR006778,P0016,5,450.0,2250.0
ITEM0011931,PUR006779,P0014,2,650.0,1300.0
ITEM0011932,PUR006780,P0008,1,4200.0,4200.0
ITEM0011933,PUR006780,P0003,2,32000.0,64000.0
ITEM0011934,PUR006781,P0006,1,2800.0,2800.0
ITEM0011935,PUR006781,P0011,1,4500.0,4500.0
ITEM0011936,PUR006782,P0019,1,1250.0,1250.0
ITEM0011937,PUR006783,P0011,3,4500.0,13500.0
ITEM0011938,PUR006783,P0007,1,1800.0,1800.0
ITEM0011939,PUR006783,P0012,2,850.0,1700.0
ITEM0011940,PUR006783,P0006,2,2800.0,5600.0
ITEM0011941,PUR006784,P0011,1,4500.0,4500.0
ITEM0011942,PUR006784,P0015,2,1200.0,2400.0
ITEM0011943,PUR006785,P0019,3,1250.0,3750.0
ITEM0011944,PUR006785,P0012,5,850.0,4250.0
ITEM0011945,PUR006786,P0003,2,32000.0,64000.0
ITEM0011946,PUR006786,P0017,2,18500.0,37000.0
ITEM0011947,PUR006787,P0017,1,18500.0,18500.0
ITEM0011948,PUR006788,P0010,2,2200.0,4400.0
ITEM0011949,PUR006789,P0001,2,65000.0,130000.0
ITEM0011950,PUR006789,P0017,2,18500.0,37000.0
ITEM0011951,PUR006790,P0020,5,499.0,2495.0
ITEM0011952,PUR006790,P0006,3,2800.0,8400.0
ITEM0011953,PUR006790,P0009,5,1900.0,9500.0
ITEM0011954,PUR006791,P0004,3,12500.0,37500.0
ITEM0011955,PUR006792,P0004,3,12500.0,37500.0
ITEM0011956,PUR006792,P0013,1,14500.0,14500.0
ITEM0011957,PUR006793,P0006,4,2800.0,11200.0
ITEM0011958,PUR006793,P0011,3,4500.0,13500.0
ITEM0011959,PUR006794,P0005,1,4500.0,4500.0
ITEM0011960,PUR006794,P0004,3,12500.0,37500.0
ITEM0011961,PUR006794,P0013,1,14500.0,14500.0
ITEM0011962,PUR006795,P0017,1,18500.0,18500.0
ITEM0011963,PUR006795,P0019,3,1250.0,3750.0
ITEM0011964,PUR006795,P0008,1,4200.0,4200.0
ITEM0011965,PUR006796,P0004,3,12500.0,37500.0
ITEM0011966,PUR006797,P0004,1,12500.0,12500.0
ITEM0011967,PUR006797,P0007,2,1800.0,3600.0
ITEM0011968,PUR006797,P0012,3,850.0,2550.0
ITEM0011969,PUR006798,P0011,3,4500.0,13500.0
ITEM0011970,PUR006798,P0006,4,2800.0,11200.0
ITEM0011971,PUR006799,P0014,2,650.0,1300.0
ITEM0011972,PUR006799,P0015,2,1200.0,2400.0
ITEM0011973,PUR006800,P0005,4,4500.0,18000.0
ITEM0011974,PUR006801,P0002,2,85000.0,170000.0
ITEM0011975,PUR006801,P0001,1,65000.0,65000.0
ITEM0011976,PUR006801,P0013,1,14500.0,14500.0
ITEM0011977,PUR006801,P0017,2,18500.0,37000.0
ITEM0011978,PUR006802,P0004,1,12500.0,12500.0
ITEM0011979,PUR006802,P0005,3,4500.0,13500.0
ITEM0011980,PUR006803,P0013,2,14500.0,29000.0
ITEM0011981,PUR006803,P0006,1,2800.0,2800.0
ITEM0011982,PUR006804,P0012,5,850.0,4250.0
ITEM0011983,PUR006805,P0019,5,1250.0,6250.0
ITEM0011984,PUR006805,P0009,3,1900.0,5700.0
ITEM0011985,PUR006805,P0018,3,550.0,1650.0
ITEM0011986,PUR006806,P0010,1,2200.0,2200.0
ITEM0011987,PUR006806,P0007,1,1800.0,1800.0
ITEM0011988,PUR006807,P0002,2,85000.0,170000.0
ITEM0011989,PUR006808,P0010,4,2200.0,8800.0
ITEM0011990,PUR006809,P0003,1,32000.0,32000.0
ITEM0011991,PUR006809,P0011,2,4500.0,9000.0
ITEM0011992,PUR006810,P0005,2,4500.0,9000.0
ITEM0011993,PUR006810,P0017,2,18500.0,37000.0
ITEM0011994,PUR006811,P0017,1,18500.0,18500.0
ITEM0011995,PUR006811,P0001,1,65000.0,65000.0
ITEM0011996,PUR006811,P0002,1,85000.0,85000.0
ITEM0011997,PUR006812,P0003,3,32000.0,96000.0
ITEM0011998,PUR006813,P0004,2,12500.0,25000.0
ITEM0011999,PUR006814,P0002,2,85000.0,170000.0
ITEM0012000,PUR006815,P0005,4,4500.0,18000.0
ITEM0012001,PUR006816,P0011,3,4500.0,13500.0
ITEM0012002,PUR006817,P0006,4,2800.0,11200.0
ITEM0012003,PUR006818,P0001,1,65000.0,65000.0
ITEM0012004,PUR006819,P0011,3,4500.0,13500.0
ITEM0012005,PUR006820,P0017,2,18500.0,37000.0
ITEM0012006,PUR006820,P0004,3,12500.0,37500.0
ITEM0012007,PUR006821,P0011,2,4500.0,9000.0
ITEM0012008,PUR006821,P0016,4,450.0,1800.0
ITEM0012009,PUR006821,P0009,3,1900.0,5700.0
ITEM0012010,PUR006821,P0006,1,2800.0,2800.0
ITEM0012011,PUR006822,P0011,2,4500.0,9000.0
ITEM0012012,PUR006823,P0011,1,4500.0,4500.0
ITEM0012013,PUR006824,P0019,1,1250.0,1250.0
ITEM0012014,PUR006824,P0006,2,2800.0,5600.0
ITEM0012015,PUR006824,P0003,2,32000.0,64000.0
ITEM0012016,PUR006825,P0004,3,12500.0,37500.0
ITEM0012017,PUR006825,P0006,1,2800.0,2800.0
ITEM0012018,PUR006825,P0019,5,1250.0,6250.0
ITEM0012019,PUR006825,P0013,2,14500.0,29000.0
ITEM0012020,PUR006826,P0011,3,4500.0,13500.0
ITEM0012021,PUR006826,P0004,3,12500.0,37500.0
ITEM0012022,PUR006826,P0005,3,4500.0,13500.0
ITEM0012023,PUR006827,P0019,4,1250.0,5000.0
ITEM0012024,PUR006827,P0003,2,32000.0,64000.0
ITEM0012025,PUR006827,P0013,2,14500.0,29000.0
ITEM0012026,PUR006828,P0003,3,32000.0,96000.0
ITEM0012027,PUR006828,P0013,2,14500.0,29000.0
ITEM0012028,PUR006828,P0017,1,18500.0,18500.0
ITEM0012029,PUR006828,P0002,1,85000.0,85000.0
ITEM0012030,PUR006829,P0004,2,12500.0,25000.0
ITEM0012031,PUR006829,P0019,3,1250.0,3750.0
ITEM0012032,PUR006829,P0011,3,4500.0,13500.0
ITEM0012033,PUR006830,P0018,8,550.0,4400.0
ITEM0012034,PUR006831,P0004,1,12500.0,12500.0
ITEM0012035,PUR006831,P0013,2,14500.0,29000.0
ITEM0012036,PUR006831,P0008,3,4200.0,12600.0
ITEM0012037,PUR006831,P0019,1,1250.0,1250.0
ITEM0012038,PUR006832,P0002,2,85000.0,170000.0
ITEM0012039,PUR006833,P0005,3,4500.0,13500.0
ITEM0012040,PUR006834,P0004,1,12500.0,12500.0
ITEM0012041,PUR006835,P0002,2,85000.0,170000.0
ITEM0012042,PUR006836,P0002,1,85000.0,85000.0
ITEM0012043,PUR006836,P0013,1,14500.0,14500.0
ITEM0012044,PUR006837,P0011,1,4500.0,4500.0
ITEM0012045,PUR006838,P0013,2,14500.0,29000.0
ITEM0012046,PUR006839,P0015,1,1200.0,1200.0
ITEM0012047,PUR006840,P0019,3,1250.0,3750.0
ITEM0012048,PUR006841,P0007,3,1800.0,5400.0
ITEM0012049,PUR006841,P0016,1,450.0,450.0
ITEM0012050,PUR006842,P0006,2,2800.0,5600.0
ITEM0012051,PUR006843,P0002,1,85000.0,85000.0
ITEM0012052,PUR006844,P0015,5,1200.0,6000.0
ITEM0012053,PUR006844,P0007,2,1800.0,3600.0
ITEM0012054,PUR006844,P0005,3,4500.0,13500.0
ITEM0012055,PUR006845,P0009,4,1900.0,7600.0
ITEM0012056,PUR006846,P0002,2,85000.0,170000.0
ITEM0012057,PUR006847,P0013,1,14500.0,14500.0
ITEM0012058,PUR006848,P0008,5,4200.0,21000.0
ITEM0012059,PUR006848,P0016,8,450.0,3600.0
ITEM0012060,PUR006848,P0005,2,4500.0,9000.0
ITEM0012061,PUR006849,P0003,2,32000.0,64000.0
ITEM0012062,PUR006850,P0006,3,2800.0,8400.0
ITEM0012063,PUR006850,P0008,5,4200.0,21000.0
ITEM0012064,PUR006851,P0007,2,1800.0,3600.0
ITEM0012065,PUR006851,P0019,3,1250.0,3750.0
ITEM0012066,PUR006851,P0012,3,850.0,2550.0
ITEM0012067,PUR006852,P0015,3,1200.0,3600.0
ITEM0012068,PUR006853,P0013,2,14500.0,29000.0
ITEM0012069,PUR006854,P0007,4,1800.0,7200.0
ITEM0012070,PUR006854,P0010,2,2200.0,4400.0
ITEM0012071,PUR006854,P0008,4,4200.0,16800.0
ITEM0012072,PUR006855,P0020,2,499.0,998.0
ITEM0012073,PUR006856,P0001,2,65000.0,130000.0
ITEM0012074,PUR006857,P0001,2,65000.0,130000.0
ITEM0012075,PUR006857,P0003,2,32000.0,64000.0
ITEM0012076,PUR006858,P0002,1,85000.0,85000.0
ITEM0012077,PUR006858,P0017,1,18500.0,18500.0
ITEM0012078,PUR006858,P0001,1,65000.0,65000.0
ITEM0012079,PUR006859,P0008,2,4200.0,8400.0
ITEM0012080,PUR006859,P0005,1,4500.0,4500.0
ITEM0012081,PUR006860,P0004,3,12500.0,37500.0
ITEM0012082,PUR006860,P0015,4,1200.0,4800.0
ITEM0012083,PUR006861,P0003,1,32000.0,32000.0
ITEM0012084,PUR006862,P0005,4,4500.0,18000.0
ITEM0012085,PUR006863,P0011,3,4500.0,13500.0
ITEM0012086,PUR006863,P0019,4,1250.0,5000.0
ITEM0012087,PUR006863,P0018,3,550.0,1650.0
ITEM0012088,PUR006864,P0009,5,1900.0,9500.0
ITEM0012089,PUR006864,P0018,7,550.0,3850.0
ITEM0012090,PUR006865,P0004,2,12500.0,25000.0
ITEM0012091,PUR006865,P0008,1,4200.0,4200.0
ITEM0012092,PUR006865,P0006,2,2800.0,5600.0
ITEM0012093,PUR006866,P0011,3,4500.0,13500.0
ITEM0012094,PUR006867,P0003,2,32000.0,64000.0
ITEM0012095,PUR006867,P0002,1,85000.0,85000.0
ITEM0012096,PUR006868,P0010,3,2200.0,6600.0
ITEM0012097,PUR006868,P0006,1,2800.0,2800.0
ITEM0012098,PUR006869,P0012,4,850.0,3400.0
ITEM0012099,PUR006870,P0008,2,4200.0,8400.0
ITEM0012100,PUR006870,P0019,1,1250.0,1250.0
ITEM0012101,PUR006870,P0007,5,1800.0,9000.0
ITEM0012102,PUR006871,P0018,5,550.0,2750.0
ITEM0012103,PUR006872,P0008,2,4200.0,8400.0
ITEM0012104,PUR006873,P0004,2,12500.0,25000.0
ITEM0012105,PUR006874,P0019,1,1250.0,1250.0
ITEM0012106,PUR006874,P0010,1,2200.0,2200.0
ITEM0012107,PUR006875,P0004,1,12500.0,12500.0
ITEM0012108,PUR006876,P0006,2,2800.0,5600.0
ITEM0012109,PUR006876,P0003,3,32000.0,96000.0
ITEM0012110,PUR006877,P0001,1,65000.0,65000.0
ITEM0012111,PUR006878,P0004,1,12500.0,12500.0
ITEM0012112,PUR006878,P0011,3,4500.0,13500.0
ITEM0012113,PUR006878,P0008,2,4200.0,8400.0
ITEM0012114,PUR006878,P0003,1,32000.0,32000.0
ITEM0012115,PUR006879,P0001,1,65000.0,65000.0
ITEM0012116,PUR006879,P0002,1,85000.0,85000.0
ITEM0012117,PUR006880,P0019,2,1250.0,2500.0
ITEM0012118,PUR006881,P0004,1,12500.0,12500.0
ITEM0012119,PUR006882,P0003,2,32000.0,64000.0
ITEM0012120,PUR006883,P0016,4,450.0,1800.0
ITEM0012121,PUR006883,P0010,2,2200.0,4400.0
ITEM0012122,PUR006884,P0007,5,1800.0,9000.0
ITEM0012123,PUR006885,P0008,5,4200.0,21000.0
ITEM0012124,PUR006885,P0003,3,32000.0,96000.0
ITEM0012125,PUR006886,P0005,4,4500.0,18000.0
ITEM0012126,PUR006886,P0006,3,2800.0,8400.0
ITEM0012127,PUR006887,P0007,5,1800.0,9000.0
ITEM0012128,PUR006887,P0012,4,850.0,3400.0
ITEM0012129,PUR006887,P0004,2,12500.0,25000.0
ITEM0012130,PUR006888,P0015,4,1200.0,4800.0
ITEM0012131,PUR006888,P0008,5,4200.0,21000.0
ITEM0012132,PUR006888,P0018,7,550.0,3850.0
ITEM0012133,PUR006888,P0005,4,4500.0,18000.0
ITEM0012134,PUR006889,P0017,1,18500.0,18500.0
ITEM0012135,PUR006890,P0013,2,14500.0,29000.0
ITEM0012136,PUR006890,P0001,1,65000.0,65000.0
ITEM0012137,PUR006890,P0003,2,32000.0,64000.0
ITEM0012138,PUR006891,P0004,3,12500.0,37500.0
ITEM0012139,PUR006892,P0008,2,4200.0,8400.0
ITEM0012140,PUR006893,P0019,5,1250.0,6250.0
ITEM0012141,PUR006894,P0017,1,18500.0,18500.0
ITEM0012142,PUR006895,P0019,2,1250.0,2500.0
ITEM0012143,PUR006896,P0017,1,18500.0,18500.0
ITEM0012144,PUR006897,P0019,1,1250.0,1250.0
ITEM0012145,PUR006898,P0005,1,4500.0,4500.0
ITEM0012146,PUR006898,P0009,3,1900.0,5700.0
ITEM0012147,PUR006898,P0011,1,4500.0,4500.0
ITEM0012148,PUR006898,P0014,7,650.0,4550.0
ITEM0012149,PUR006899,P0018,1,550.0,550.0
ITEM0012150,PUR006899,P0014,6,650.0,3900.0
ITEM0012151,PUR006899,P0010,4,2200.0,8800.0
ITEM0012152,PUR006900,P0020,5,499.0,2495.0
ITEM0012153,PUR006900,P0008,1,4200.0,4200.0
ITEM0012154,PUR006901,P0013,2,14500.0,29000.0
ITEM0012155,PUR006902,P0014,4,650.0,2600.0
ITEM0012156,PUR006903,P0015,4,1200.0,4800.0
ITEM0012157,PUR006904,P0013,2,14500.0,29000.0
ITEM0012158,PUR006905,P0017,2,18500.0,37000.0
ITEM0012159,PUR006905,P0004,2,12500.0,25000.0
ITEM0012160,PUR006905,P0005,4,4500.0,18000.0
ITEM0012161,PUR006906,P0011,3,4500.0,13500.0
ITEM0012162,PUR006907,P0006,3,2800.0,8400.0
ITEM0012163,PUR006907,P0004,2,12500.0,25000.0
ITEM0012164,PUR006907,P0014,3,650.0,1950.0
ITEM0012165,PUR006907,P0015,1,1200.0,1200.0
ITEM0012166,PUR006908,P0007,1,1800.0,1800.0
ITEM0012167,PUR006908,P0011,1,4500.0,4500.0
ITEM0012168,PUR006909,P0016,7,450.0,3150.0
ITEM0012169,PUR006910,P0004,2,12500.0,25000.0
ITEM0012170,PUR006911,P0011,1,4500.0,4500.0
ITEM0012171,PUR006912,P0015,5,1200.0,6000.0
ITEM0012172,PUR006912,P0016,10,450.0,4500.0
ITEM0012173,PUR006913,P0002,1,85000.0,85000.0
ITEM0012174,PUR006913,P0001,2,65000.0,130000.0
ITEM0012175,PUR006914,P0013,1,14500.0,14500.0
ITEM0012176,PUR006915,P0019,1,1250.0,1250.0
ITEM0012177,PUR006915,P0016,4,450.0,1800.0
ITEM0012178,PUR006916,P0011,1,4500.0,4500.0
ITEM0012179,PUR006916,P0018,7,550.0,3850.0
ITEM0012180,PUR006916,P0012,6,850.0,5100.0
ITEM0012181,PUR006917,P0012,1,850.0,850.0
ITEM0012182,PUR006917,P0005,3,4500.0,13500.0
ITEM0012183,PUR006918,P0009,1,1900.0,1900.0
ITEM0012184,PUR006918,P0010,5,2200.0,11000.0
ITEM0012185,PUR006919,P0019,4,1250.0,5000.0
ITEM0012186,PUR006920,P0004,1,12500.0,12500.0
ITEM0012187,PUR006921,P0014,1,650.0,650.0
ITEM0012188,PUR006922,P0011,2,4500.0,9000.0
ITEM0012189,PUR006922,P0004,1,12500.0,12500.0
ITEM0012190,PUR006923,P0015,3,1200.0,3600.0
ITEM0012191,PUR006923,P0010,3,2200.0,6600.0
ITEM0012192,PUR006923,P0018,7,550.0,3850.0
ITEM0012193,PUR006924,P0019,3,1250.0,3750.0
ITEM0012194,PUR006925,P0008,4,4200.0,16800.0
ITEM0012195,PUR006926,P0019,2,1250.0,2500.0
ITEM0012196,PUR006927,P0018,3,550.0,1650.0
ITEM0012197,PUR006928,P0002,1,85000.0,85000.0
ITEM0012198,PUR006928,P0001,2,65000.0,130000.0
ITEM0012199,PUR006928,P0013,1,14500.0,14500.0
ITEM0012200,PUR006929,P0013,1,14500.0,14500.0
ITEM0012201,PUR006929,P0019,3,1250.0,3750.0
ITEM0012202,PUR006929,P0017,2,18500.0,37000.0
ITEM0012203,PUR006929,P0004,3,12500.0,37500.0
ITEM0012204,PUR006930,P0013,2,14500.0,29000.0
ITEM0012205,PUR006931,P0019,5,1250.0,6250.0
ITEM0012206,PUR006931,P0007,1,1800.0,1800.0
ITEM0012207,PUR006932,P0011,3,4500.0,13500.0
ITEM0012208,PUR006933,P0017,2,18500.0,37000.0
ITEM0012209,PUR006934,P0012,6,850.0,5100.0
ITEM0012210,PUR006934,P0011,2,4500.0,9000.0
ITEM0012211,PUR006934,P0004,3,12500.0,37500.0
ITEM0012212,PUR006935,P0017,1,18500.0,18500.0
ITEM0012213,PUR006935,P0013,2,14500.0,29000.0
ITEM0012214,PUR006935,P0011,3,4500.0,13500.0
ITEM0012215,PUR006935,P0004,1,12500.0,12500.0
ITEM0012216,PUR006936,P0003,2,32000.0,64000.0
ITEM0012217,PUR006937,P0001,2,65000.0,130000.0
ITEM0012218,PUR006938,P0011,1,4500.0,4500.0
ITEM0012219,PUR006939,P0019,4,1250.0,5000.0
ITEM0012220,PUR006939,P0008,2,4200.0,8400.0
ITEM0012221,PUR006940,P0008,1,4200.0,4200.0
ITEM0012222,PUR006940,P0020,5,499.0,2495.0
ITEM0012223,PUR006941,P0003,3,32000.0,96000.0
ITEM0012224,PUR006942,P0001,1,65000.0,65000.0
ITEM0012225,PUR006943,P0019,4,1250.0,5000.0
ITEM0012226,PUR006944,P0006,3,2800.0,8400.0
ITEM0012227,PUR006944,P0019,1,1250.0,1250.0
ITEM0012228,PUR006944,P0017,1,18500.0,18500.0
ITEM0012229,PUR006945,P0004,2,12500.0,25000.0
ITEM0012230,PUR006945,P0016,10,450.0,4500.0
ITEM0012231,PUR006945,P0012,2,850.0,1700.0
ITEM0012232,PUR006945,P0005,1,4500.0,4500.0
ITEM0012233,PUR006946,P0004,2,12500.0,25000.0
ITEM0012234,PUR006946,P0013,1,14500.0,14500.0
ITEM0012235,PUR006947,P0011,3,4500.0,13500.0
ITEM0012236,PUR006948,P0007,1,1800.0,1800.0
ITEM0012237,PUR006948,P0018,1,550.0,550.0
ITEM0012238,PUR006948,P0004,2,12500.0,25000.0
ITEM0012239,PUR006949,P0013,1,14500.0,14500.0
ITEM0012240,PUR006950,P0004,3,12500.0,37500.0
ITEM0012241,PUR006951,P0005,4,4500.0,18000.0
ITEM0012242,PUR006952,P0015,4,1200.0,4800.0
ITEM0012243,PUR006953,P0004,3,12500.0,37500.0
ITEM0012244,PUR006953,P0011,3,4500.0,13500.0
ITEM0012245,PUR006954,P0004,2,12500.0,25000.0
ITEM0012246,PUR006955,P0003,3,32000.0,96000.0
ITEM0012247,PUR006955,P0017,1,18500.0,18500.0
ITEM0012248,PUR006956,P0011,2,4500.0,9000.0
ITEM0012249,PUR006957,P0004,3,12500.0,37500.0
ITEM0012250,PUR006957,P0016,9,450.0,4050.0
ITEM0012251,PUR006958,P0011,3,4500.0,13500.0
ITEM0012252,PUR006959,P0013,1,14500.0,14500.0
ITEM0012253,PUR006959,P0017,1,18500.0,18500.0
ITEM0012254,PUR006960,P0009,2,1900.0,3800.0
ITEM0012255,PUR006960,P0014,1,650.0,650.0
ITEM0012256,PUR006960,P0016,4,450.0,1800.0
ITEM0012257,PUR006961,P0020,5,499.0,2495.0
ITEM0012258,PUR006961,P0004,1,12500.0,12500.0
ITEM0012259,PUR006961,P0019,4,1250.0,5000.0
ITEM0012260,PUR006961,P0011,2,4500.0,9000.0
ITEM0012261,PUR006962,P0009,5,1900.0,9500.0
ITEM0012262,PUR006963,P0020,1,499.0,499.0
ITEM0012263,PUR006963,P0014,4,650.0,2600.0
ITEM0012264,PUR006964,P0013,1,14500.0,14500.0
ITEM0012265,PUR006964,P0011,3,4500.0,13500.0
ITEM0012266,PUR006965,P0011,1,4500.0,4500.0
ITEM0012267,PUR006965,P0009,2,1900.0,3800.0
ITEM0012268,PUR006966,P0005,1,4500.0,4500.0
ITEM0012269,PUR006966,P0019,4,1250.0,5000.0
ITEM0012270,PUR006966,P0011,1,4500.0,4500.0
ITEM0012271,PUR006967,P0011,3,4500.0,13500.0
ITEM0012272,PUR006967,P0020,5,499.0,2495.0
ITEM0012273,PUR006968,P0011,3,4500.0,13500.0
ITEM0012274,PUR006968,P0019,3,1250.0,3750.0
ITEM0012275,PUR006969,P0008,3,4200.0,12600.0
ITEM0012276,PUR006970,P0006,3,2800.0,8400.0
ITEM0012277,PUR006971,P0006,4,2800.0,11200.0
ITEM0012278,PUR006971,P0019,1,1250.0,1250.0
ITEM0012279,PUR006972,P0010,5,2200.0,11000.0
ITEM0012280,PUR006973,P0008,1,4200.0,4200.0
ITEM0012281,PUR006974,P0008,2,4200.0,8400.0
ITEM0012282,PUR006975,P0004,2,12500.0,25000.0
ITEM0012283,PUR006975,P0019,1,1250.0,1250.0
ITEM0012284,PUR006976,P0008,1,4200.0,4200.0
ITEM0012285,PUR006977,P0003,1,32000.0,32000.0
ITEM0012286,PUR006978,P0006,1,2800.0,2800.0
ITEM0012287,PUR006978,P0005,4,4500.0,18000.0
ITEM0012288,PUR006978,P0018,2,550.0,1100.0
ITEM0012289,PUR006979,P0019,4,1250.0,5000.0
ITEM0012290,PUR006980,P0001,1,65000.0,65000.0
ITEM0012291,PUR006980,P0002,2,85000.0,170000.0
ITEM0012292,PUR006981,P0011,1,4500.0,4500.0
ITEM0012293,PUR006981,P0008,4,4200.0,16800.0
ITEM0012294,PUR006981,P0019,1,1250.0,1250.0
ITEM0012295,PUR006981,P0005,1,4500.0,4500.0
ITEM0012296,PUR006982,P0011,2,4500.0,9000.0
ITEM0012297,PUR006982,P0017,2,18500.0,37000.0
ITEM0012298,PUR006982,P0006,1,2800.0,2800.0
ITEM0012299,PUR006982,P0004,2,12500.0,25000.0
ITEM0012300,PUR006983,P0007,4,1800.0,7200.0
ITEM0012301,PUR006984,P0019,5,1250.0,6250.0
ITEM0012302,PUR006985,P0004,2,12500.0,25000.0
ITEM0012303,PUR006986,P0011,2,4500.0,9000.0
ITEM0012304,PUR006987,P0018,1,550.0,550.0
ITEM0012305,PUR006987,P0010,2,2200.0,4400.0
ITEM0012306,PUR006987,P0009,3,1900.0,5700.0
ITEM0012307,PUR006988,P0008,5,4200.0,21000.0
ITEM0012308,PUR006988,P0011,3,4500.0,13500.0
ITEM0012309,PUR006989,P0004,1,12500.0,12500.0
ITEM0012310,PUR006989,P0011,1,4500.0,4500.0
ITEM0012311,PUR006990,P0003,2,32000.0,64000.0
ITEM0012312,PUR006991,P0020,1,499.0,499.0
ITEM0012313,PUR006992,P0010,4,2200.0,8800.0
ITEM0012314,PUR006993,P0002,2,85000.0,170000.0
ITEM0012315,PUR006993,P0013,1,14500.0,14500.0
ITEM0012316,PUR006994,P0008,2,4200.0,8400.0
ITEM0012317,PUR006995,P0003,2,32000.0,64000.0
ITEM0012318,PUR006995,P0013,2,14500.0,29000.0
ITEM0012319,PUR006995,P0017,2,18500.0,37000.0
ITEM0012320,PUR006996,P0004,3,12500.0,37500.0
ITEM0012321,PUR006997,P0003,1,32000.0,32000.0
ITEM0012322,PUR006997,P0001,1,65000.0,65000.0
ITEM0012323,PUR006997,P0017,2,18500.0,37000.0
ITEM0012324,PUR006998,P0011,3,4500.0,13500.0
ITEM0012325,PUR006998,P0008,2,4200.0,8400.0
ITEM0012326,PUR006999,P0011,3,4500.0,13500.0
ITEM0012327,PUR006999,P0004,3,12500.0,37500.0
ITEM0012328,PUR007000,P0016,5,450.0,2250.0
ITEM0012329,PUR007000,P0015,1,1200.0,1200.0
ITEM0012330,PUR007001,P0017,2,18500.0,37000.0
ITEM0012331,PUR007001,P0001,2,65000.0,130000.0
ITEM0012332,PUR007002,P0003,1,32000.0,32000.0
ITEM0012333,PUR007002,P0017,1,18500.0,18500.0
ITEM0012334,PUR007003,P0012,5,850.0,4250.0
ITEM0012335,PUR007003,P0018,6,550.0,3300.0
ITEM0012336,PUR007004,P0009,3,1900.0,5700.0
ITEM0012337,PUR007005,P0004,1,12500.0,12500.0
ITEM0012338,PUR007006,P0012,6,850.0,5100.0
ITEM0012339,PUR007006,P0016,6,450.0,2700.0
ITEM0012340,PUR007007,P0004,2,12500.0,25000.0
ITEM0012341,PUR007008,P0020,4,499.0,1996.0
ITEM0012342,PUR007008,P0007,4,1800.0,7200.0
ITEM0012343,PUR007009,P0005,4,4500.0,18000.0
ITEM0012344,PUR007009,P0004,3,12500.0,37500.0
ITEM0012345,PUR007010,P0006,4,2800.0,11200.0
ITEM0012346,PUR007010,P0011,3,4500.0,13500.0
ITEM0012347,PUR007011,P0005,1,4500.0,4500.0
ITEM0012348,PUR007011,P0020,3,499.0,1497.0
ITEM0012349,PUR007012,P0006,3,2800.0,8400.0
ITEM0012350,PUR007012,P0008,1,4200.0,4200.0
ITEM0012351,PUR007013,P0010,1,2200.0,2200.0
ITEM0012352,PUR007014,P0017,2,18500.0,37000.0
ITEM0012353,PUR007014,P0002,2,85000.0,170000.0
ITEM0012354,PUR007015,P0013,1,14500.0,14500.0
ITEM0012355,PUR007016,P0018,2,550.0,1100.0
ITEM0012356,PUR007017,P0018,6,550.0,3300.0
ITEM0012357,PUR007017,P0004,1,12500.0,12500.0
ITEM0012358,PUR007017,P0014,5,650.0,3250.0
ITEM0012359,PUR007018,P0014,1,650.0,650.0
ITEM0012360,PUR007019,P0002,2,85000.0,170000.0
ITEM0012361,PUR007020,P0017,1,18500.0,18500.0
ITEM0012362,PUR007020,P0019,3,1250.0,3750.0
ITEM0012363,PUR007021,P0017,1,18500.0,18500.0
ITEM0012364,PUR007022,P0005,4,4500.0,18000.0
ITEM0012365,PUR007022,P0006,4,2800.0,11200.0
ITEM0012366,PUR007022,P0015,5,1200.0,6000.0
ITEM0012367,PUR007023,P0008,4,4200.0,16800.0
ITEM0012368,PUR007023,P0019,5,1250.0,6250.0
ITEM0012369,PUR007023,P0013,2,14500.0,29000.0
ITEM0012370,PUR007024,P0010,4,2200.0,8800.0
ITEM0012371,PUR007024,P0006,4,2800.0,11200.0
ITEM0012372,PUR007025,P0011,3,4500.0,13500.0
ITEM0012373,PUR007025,P0016,10,450.0,4500.0
ITEM0012374,PUR007025,P0018,1,550.0,550.0
ITEM0012375,PUR007026,P0011,1,4500.0,4500.0
ITEM0012376,PUR007027,P0001,2,65000.0,130000.0
ITEM0012377,PUR007027,P0013,1,14500.0,14500.0
ITEM0012378,PUR007027,P0003,3,32000.0,96000.0
ITEM0012379,PUR007028,P0014,2,650.0,1300.0
ITEM0012380,PUR007028,P0005,4,4500.0,18000.0
ITEM0012381,PUR007028,P0016,1,450.0,450.0
ITEM0012382,PUR007029,P0006,3,2800.0,8400.0
ITEM0012383,PUR007029,P0017,1,18500.0,18500.0
ITEM0012384,PUR007029,P0008,2,4200.0,8400.0
ITEM0012385,PUR007030,P0013,2,14500.0,29000.0
ITEM0012386,PUR007030,P0006,4,2800.0,11200.0
ITEM0012387,PUR007030,P0011,2,4500.0,9000.0
ITEM0012388,PUR007031,P0020,1,499.0,499.0
ITEM0012389,PUR007032,P0017,2,18500.0,37000.0
ITEM0012390,PUR007033,P0003,3,32000.0,96000.0
ITEM0012391,PUR007033,P0017,2,18500.0,37000.0
ITEM0012392,PUR007034,P0003,1,32000.0,32000.0
ITEM0012393,PUR007034,P0019,2,1250.0,2500.0
ITEM0012394,PUR007035,P0014,4,650.0,2600.0
ITEM0012395,PUR007036,P0008,3,4200.0,12600.0
ITEM0012396,PUR007037,P0019,1,1250.0,1250.0
ITEM0012397,PUR007037,P0013,1,14500.0,14500.0
ITEM0012398,PUR007037,P0005,2,4500.0,9000.0
ITEM0012399,PUR007038,P0003,1,32000.0,32000.0
ITEM0012400,PUR007038,P0017,1,18500.0,18500.0
ITEM0012401,PUR007039,P0020,1,499.0,499.0
ITEM0012402,PUR007039,P0007,3,1800.0,5400.0
ITEM0012403,PUR007039,P0005,3,4500.0,13500.0
ITEM0012404,PUR007040,P0004,2,12500.0,25000.0
ITEM0012405,PUR007041,P0013,2,14500.0,29000.0
ITEM0012406,PUR007041,P0002,1,85000.0,85000.0
ITEM0012407,PUR007041,P0003,1,32000.0,32000.0
ITEM0012408,PUR007042,P0002,1,85000.0,85000.0
ITEM0012409,PUR007043,P0002,1,85000.0,85000.0
ITEM0012410,PUR007044,P0006,4,2800.0,11200.0
ITEM0012411,PUR007044,P0017,2,18500.0,37000.0
ITEM0012412,PUR007045,P0017,1,18500.0,18500.0
ITEM0012413,PUR007045,P0013,1,14500.0,14500.0
ITEM0012414,PUR007046,P0015,3,1200.0,3600.0
ITEM0012415,PUR007047,P0020,3,499.0,1497.0
ITEM0012416,PUR007047,P0018,7,550.0,3850.0
ITEM0012417,PUR007047,P0006,1,2800.0,2800.0
ITEM0012418,PUR007047,P0004,3,12500.0,37500.0
ITEM0012419,PUR007048,P0011,3,4500.0,13500.0
ITEM0012420,PUR007049,P0020,5,499.0,2495.0
ITEM0012421,PUR007050,P0018,5,550.0,2750.0
ITEM0012422,PUR007051,P0004,1,12500.0,12500.0
ITEM0012423,PUR007051,P0007,2,1800.0,3600.0
ITEM0012424,PUR007052,P0001,1,65000.0,65000.0
ITEM0012425,PUR007052,P0013,1,14500.0,14500.0
ITEM0012426,PUR007052,P0002,1,85000.0,85000.0
ITEM0012427,PUR007053,P0017,1,18500.0,18500.0
ITEM0012428,PUR007053,P0013,1,14500.0,14500.0
ITEM0012429,PUR007054,P0005,2,4500.0,9000.0
ITEM0012430,PUR007055,P0019,2,1250.0,2500.0
ITEM0012431,PUR007056,P0006,2,2800.0,5600.0
ITEM0012432,PUR007057,P0008,3,4200.0,12600.0
ITEM0012433,PUR007057,P0004,2,12500.0,25000.0
ITEM0012434,PUR007058,P0006,1,2800.0,2800.0
ITEM0012435,PUR007059,P0007,2,1800.0,3600.0
ITEM0012436,PUR007060,P0008,3,4200.0,12600.0
ITEM0012437,PUR007060,P0016,8,450.0,3600.0
ITEM0012438,PUR007060,P0007,1,1800.0,1800.0
ITEM0012439,PUR007061,P0016,4,450.0,1800.0
ITEM0012440,PUR007061,P0010,2,2200.0,4400.0
ITEM0012441,PUR007062,P0004,3,12500.0,37500.0
ITEM0012442,PUR007063,P0011,2,4500.0,9000.0
ITEM0012443,PUR007063,P0008,3,4200.0,12600.0
ITEM0012444,PUR007063,P0006,4,2800.0,11200.0
ITEM0012445,PUR007064,P0007,2,1800.0,3600.0
ITEM0012446,PUR007064,P0011,3,4500.0,13500.0
ITEM0012447,PUR007065,P0002,2,85000.0,170000.0
ITEM0012448,PUR007065,P0013,1,14500.0,14500.0
ITEM0012449,PUR007065,P0003,1,32000.0,32000.0
ITEM0012450,PUR007065,P0001,1,65000.0,65000.0
ITEM0012451,PUR007066,P0006,4,2800.0,11200.0
ITEM0012452,PUR007067,P0010,3,2200.0,6600.0
ITEM0012453,PUR007068,P0004,3,12500.0,37500.0
ITEM0012454,PUR007068,P0019,4,1250.0,5000.0
ITEM0012455,PUR007068,P0003,1,32000.0,32000.0
ITEM0012456,PUR007069,P0008,3,4200.0,12600.0
ITEM0012457,PUR007069,P0003,1,32000.0,32000.0
ITEM0012458,PUR007070,P0007,3,1800.0,5400.0
ITEM0012459,PUR007071,P0010,3,2200.0,6600.0
ITEM0012460,PUR007071,P0012,5,850.0,4250.0
ITEM0012461,PUR007071,P0014,7,650.0,4550.0
ITEM0012462,PUR007072,P0008,1,4200.0,4200.0
ITEM0012463,PUR007073,P0019,4,1250.0,5000.0
ITEM0012464,PUR007073,P0005,4,4500.0,18000.0
ITEM0012465,PUR007074,P0005,1,4500.0,4500.0
ITEM0012466,PUR007074,P0011,2,4500.0,9000.0
ITEM0012467,PUR007074,P0018,7,550.0,3850.0
ITEM0012468,PUR007074,P0012,4,850.0,3400.0
ITEM0012469,PUR007075,P0018,5,550.0,2750.0
ITEM0012470,PUR007076,P0010,4,2200.0,8800.0
ITEM0012471,PUR007076,P0015,1,1200.0,1200.0
ITEM0012472,PUR007077,P0013,1,14500.0,14500.0
ITEM0012473,PUR007077,P0003,2,32000.0,64000.0
ITEM0012474,PUR007078,P0018,4,550.0,2200.0
ITEM0012475,PUR007078,P0009,3,1900.0,5700.0
ITEM0012476,PUR007078,P0004,3,12500.0,37500.0
ITEM0012477,PUR007079,P0018,7,550.0,3850.0
ITEM0012478,PUR007080,P0013,1,14500.0,14500.0
ITEM0012479,PUR007080,P0019,3,1250.0,3750.0
ITEM0012480,PUR007080,P0017,2,18500.0,37000.0
ITEM0012481,PUR007080,P0003,2,32000.0,64000.0
ITEM0012482,PUR007081,P0013,2,14500.0,29000.0
ITEM0012483,PUR007081,P0001,2,65000.0,130000.0
ITEM0012484,PUR007081,P0002,1,85000.0,85000.0
ITEM0012485,PUR007082,P0013,2,14500.0,29000.0
ITEM0012486,PUR007083,P0001,2,65000.0,130000.0
ITEM0012487,PUR007083,P0013,1,14500.0,14500.0
ITEM0012488,PUR007084,P0005,1,4500.0,4500.0
ITEM0012489,PUR007085,P0010,3,2200.0,6600.0
ITEM0012490,PUR007086,P0001,1,65000.0,65000.0
ITEM0012491,PUR007087,P0016,3,450.0,1350.0
ITEM0012492,PUR007088,P0014,7,650.0,4550.0
ITEM0012493,PUR007088,P0012,6,850.0,5100.0
ITEM0012494,PUR007089,P0020,5,499.0,2495.0
ITEM0012495,PUR007090,P0008,4,4200.0,16800.0
ITEM0012496,PUR007090,P0016,4,450.0,1800.0
ITEM0012497,PUR007090,P0018,7,550.0,3850.0
ITEM0012498,PUR007091,P0012,1,850.0,850.0
ITEM0012499,PUR007091,P0020,4,499.0,1996.0
ITEM0012500,PUR007091,P0019,2,1250.0,2500.0
ITEM0012501,PUR007091,P0009,1,1900.0,1900.0
ITEM0012502,PUR007092,P0005,1,4500.0,4500.0
ITEM0012503,PUR007093,P0004,2,12500.0,25000.0
ITEM0012504,PUR007094,P0018,3,550.0,1650.0
ITEM0012505,PUR007094,P0020,1,499.0,499.0
ITEM0012506,PUR007095,P0013,1,14500.0,14500.0
ITEM0012507,PUR007096,P0003,3,32000.0,96000.0
ITEM0012508,PUR007096,P0006,3,2800.0,8400.0
ITEM0012509,PUR007097,P0013,1,14500.0,14500.0
ITEM0012510,PUR007098,P0019,4,1250.0,5000.0
ITEM0012511,PUR007099,P0019,5,1250.0,6250.0
ITEM0012512,PUR007100,P0005,2,4500.0,9000.0
ITEM0012513,PUR007101,P0016,4,450.0,1800.0
ITEM0012514,PUR007102,P0010,2,2200.0,4400.0
ITEM0012515,PUR007103,P0005,3,4500.0,13500.0
ITEM0012516,PUR007104,P0016,10,450.0,4500.0
ITEM0012517,PUR007104,P0009,4,1900.0,7600.0
ITEM0012518,PUR007105,P0011,3,4500.0,13500.0
ITEM0012519,PUR007105,P0010,2,2200.0,4400.0
ITEM0012520,PUR007105,P0012,3,850.0,2550.0
ITEM0012521,PUR007106,P0013,2,14500.0,29000.0
ITEM0012522,PUR007106,P0017,1,18500.0,18500.0
ITEM0012523,PUR007107,P0003,1,32000.0,32000.0
ITEM0012524,PUR007108,P0006,4,2800.0,11200.0
ITEM0012525,PUR007109,P0016,2,450.0,900.0
ITEM0012526,PUR007109,P0006,1,2800.0,2800.0
ITEM0012527,PUR007109,P0011,2,4500.0,9000.0
ITEM0012528,PUR007110,P0001,2,65000.0,130000.0
ITEM0012529,PUR007110,P0003,1,32000.0,32000.0
ITEM0012530,PUR007110,P0002,2,85000.0,170000.0
ITEM0012531,PUR007111,P0015,1,1200.0,1200.0
ITEM0012532,PUR007112,P0018,4,550.0,2200.0
ITEM0012533,PUR007112,P0007,5,1800.0,9000.0
ITEM0012534,PUR007113,P0002,1,85000.0,85000.0
ITEM0012535,PUR007113,P0001,1,65000.0,65000.0
ITEM0012536,PUR007114,P0004,1,12500.0,12500.0
ITEM0012537,PUR007115,P0004,2,12500.0,25000.0
ITEM0012538,PUR007116,P0019,2,1250.0,2500.0
ITEM0012539,PUR007117,P0005,2,4500.0,9000.0
ITEM0012540,PUR007118,P0013,2,14500.0,29000.0
ITEM0012541,PUR007118,P0016,6,450.0,2700.0
ITEM0012542,PUR007119,P0017,1,18500.0,18500.0
ITEM0012543,PUR007119,P0013,2,14500.0,29000.0
ITEM0012544,PUR007120,P0003,3,32000.0,96000.0
ITEM0012545,PUR007120,P0013,2,14500.0,29000.0
ITEM0012546,PUR007120,P0001,1,65000.0,65000.0
ITEM0012547,PUR007120,P0017,2,18500.0,37000.0
ITEM0012548,PUR007121,P0013,1,14500.0,14500.0
ITEM0012549,PUR007122,P0011,1,4500.0,4500.0
ITEM0012550,PUR007122,P0012,6,850.0,5100.0
ITEM0012551,PUR007123,P0017,2,18500.0,37000.0
ITEM0012552,PUR007123,P0006,2,2800.0,5600.0
ITEM0012553,PUR007123,P0003,2,32000.0,64000.0
ITEM0012554,PUR007123,P0008,2,4200.0,8400.0
ITEM0012555,PUR007124,P0008,4,4200.0,16800.0
ITEM0012556,PUR007124,P0017,2,18500.0,37000.0
ITEM0012557,PUR007125,P0004,3,12500.0,37500.0
ITEM0012558,PUR007126,P0013,1,14500.0,14500.0
ITEM0012559,PUR007127,P0009,2,1900.0,3800.0
ITEM0012560,PUR007127,P0007,5,1800.0,9000.0
ITEM0012561,PUR007128,P0008,5,4200.0,21000.0
ITEM0012562,PUR007129,P0004,2,12500.0,25000.0
ITEM0012563,PUR007129,P0013,1,14500.0,14500.0
ITEM0012564,PUR007130,P0013,2,14500.0,29000.0
ITEM0012565,PUR007130,P0017,2,18500.0,37000.0
ITEM0012566,PUR007130,P0003,3,32000.0,96000.0
ITEM0012567,PUR007131,P0006,3,2800.0,8400.0
ITEM0012568,PUR007131,P0015,1,1200.0,1200.0
ITEM0012569,PUR007132,P0013,2,14500.0,29000.0
ITEM0012570,PUR007132,P0004,3,12500.0,37500.0
ITEM0012571,PUR007133,P0010,4,2200.0,8800.0
ITEM0012572,PUR007133,P0008,1,4200.0,4200.0
ITEM0012573,PUR007134,P0004,3,12500.0,37500.0
ITEM0012574,PUR007135,P0013,1,14500.0,14500.0
ITEM0012575,PUR007136,P0003,3,32000.0,96000.0
ITEM0012576,PUR007136,P0006,1,2800.0,2800.0
ITEM0012577,PUR007137,P0011,3,4500.0,13500.0
ITEM0012578,PUR007137,P0004,2,12500.0,25000.0
ITEM0012579,PUR007138,P0009,5,1900.0,9500.0
ITEM0012580,PUR007138,P0010,1,2200.0,2200.0
ITEM0012581,PUR007139,P0020,4,499.0,1996.0
ITEM0012582,PUR007140,P0015,4,1200.0,4800.0
ITEM0012583,PUR007141,P0004,2,12500.0,25000.0
ITEM0012584,PUR007141,P0008,1,4200.0,4200.0
ITEM0012585,PUR007142,P0011,2,4500.0,9000.0
ITEM0012586,PUR007143,P0016,5,450.0,2250.0
ITEM0012587,PUR007143,P0012,3,850.0,2550.0
ITEM0012588,PUR007143,P0009,5,1900.0,9500.0
ITEM0012589,PUR007144,P0004,3,12500.0,37500.0
ITEM0012590,PUR007144,P0008,1,4200.0,4200.0
ITEM0012591,PUR007144,P0011,3,4500.0,13500.0
ITEM0012592,PUR007145,P0008,4,4200.0,16800.0
ITEM0012593,PUR007145,P0014,2,650.0,1300.0
ITEM0012594,PUR007146,P0001,2,65000.0,130000.0
ITEM0012595,PUR007146,P0003,1,32000.0,32000.0
ITEM0012596,PUR007147,P0007,1,1800.0,1800.0
ITEM0012597,PUR007148,P0019,1,1250.0,1250.0
ITEM0012598,PUR007148,P0008,2,4200.0,8400.0
ITEM0012599,PUR007149,P0014,7,650.0,4550.0
ITEM0012600,PUR007149,P0010,3,2200.0,6600.0
ITEM0012601,PUR007150,P0015,1,1200.0,1200.0
ITEM0012602,PUR007150,P0012,2,850.0,1700.0
ITEM0012603,PUR007151,P0009,2,1900.0,3800.0
ITEM0012604,PUR007151,P0020,1,499.0,499.0
ITEM0012605,PUR007152,P0006,1,2800.0,2800.0
ITEM0012606,PUR007152,P0018,7,550.0,3850.0
ITEM0012607,PUR007153,P0003,1,32000.0,32000.0
ITEM0012608,PUR007154,P0005,3,4500.0,13500.0
ITEM0012609,PUR007154,P0008,4,4200.0,16800.0
ITEM0012610,PUR007155,P0004,2,12500.0,25000.0
ITEM0012611,PUR007155,P0012,5,850.0,4250.0
ITEM0012612,PUR007155,P0018,2,550.0,1100.0
ITEM0012613,PUR007156,P0017,1,18500.0,18500.0
ITEM0012614,PUR007156,P0003,2,32000.0,64000.0
ITEM0012615,PUR007156,P0001,2,65000.0,130000.0
ITEM0012616,PUR007157,P0004,3,12500.0,37500.0
ITEM0012617,PUR007158,P0006,4,2800.0,11200.0
ITEM0012618,PUR007159,P0005,2,4500.0,9000.0
ITEM0012619,PUR007160,P0012,6,850.0,5100.0
ITEM0012620,PUR007161,P0010,3,2200.0,6600.0
ITEM0012621,PUR007162,P0003,3,32000.0,96000.0
ITEM0012622,PUR007163,P0016,9,450.0,4050.0
ITEM0012623,PUR007164,P0019,3,1250.0,3750.0
ITEM0012624,PUR007164,P0005,4,4500.0,18000.0
ITEM0012625,PUR007165,P0018,5,550.0,2750.0
ITEM0012626,PUR007166,P0002,1,85000.0,85000.0
ITEM0012627,PUR007166,P0001,1,65000.0,65000.0
ITEM0012628,PUR007167,P0017,1,18500.0,18500.0
ITEM0012629,PUR007168,P0004,1,12500.0,12500.0
ITEM0012630,PUR007168,P0019,5,1250.0,6250.0
ITEM0012631,PUR007169,P0004,3,12500.0,37500.0
ITEM0012632,PUR007170,P0015,5,1200.0,6000.0
ITEM0012633,PUR007170,P0020,3,499.0,1497.0
ITEM0012634,PUR007171,P0003,1,32000.0,32000.0
ITEM0012635,PUR007171,P0006,3,2800.0,8400.0
ITEM0012636,PUR007171,P0005,3,4500.0,13500.0
ITEM0012637,PUR007172,P0017,1,18500.0,18500.0
ITEM0012638,PUR007173,P0017,2,18500.0,37000.0
ITEM0012639,PUR007173,P0019,2,1250.0,2500.0
ITEM0012640,PUR007173,P0003,1,32000.0,32000.0
ITEM0012641,PUR007174,P0016,2,450.0,900.0
ITEM0012642,PUR007175,P0009,5,1900.0,9500.0
ITEM0012643,PUR007176,P0001,2,65000.0,130000.0
ITEM0012644,PUR007177,P0019,2,1250.0,2500.0
ITEM0012645,PUR007177,P0005,4,4500.0,18000.0
ITEM0012646,PUR007178,P0011,2,4500.0,9000.0
ITEM0012647,PUR007179,P0013,1,14500.0,14500.0
ITEM0012648,PUR007180,P0011,2,4500.0,9000.0
ITEM0012649,PUR007180,P0005,2,4500.0,9000.0
ITEM0012650,PUR007180,P0006,2,2800.0,5600.0
ITEM0012651,PUR007180,P0004,2,12500.0,25000.0
ITEM0012652,PUR007181,P0009,1,1900.0,1900.0
ITEM0012653,PUR007181,P0015,3,1200.0,3600.0
ITEM0012654,PUR007181,P0012,2,850.0,1700.0
ITEM0012655,PUR007182,P0004,1,12500.0,12500.0
ITEM0012656,PUR007182,P0009,1,1900.0,1900.0
ITEM0012657,PUR007182,P0013,2,14500.0,29000.0
ITEM0012658,PUR007182,P0005,2,4500.0,9000.0
ITEM0012659,PUR007183,P0007,1,1800.0,1800.0
ITEM0012660,PUR007184,P0014,1,650.0,650.0
ITEM0012661,PUR007184,P0008,3,4200.0,12600.0
ITEM0012662,PUR007184,P0019,3,1250.0,3750.0
ITEM0012663,PUR007185,P0011,1,4500.0,4500.0
ITEM0012664,PUR007185,P0013,1,14500.0,14500.0
ITEM0012665,PUR007186,P0014,1,650.0,650.0
ITEM0012666,PUR007187,P0005,1,4500.0,4500.0
ITEM0012667,PUR007187,P0010,2,2200.0,4400.0
ITEM0012668,PUR007188,P0012,3,850.0,2550.0
ITEM0012669,PUR007188,P0016,10,450.0,4500.0
ITEM0012670,PUR007188,P0011,1,4500.0,4500.0
ITEM0012671,PUR007189,P0001,2,65000.0,130000.0
ITEM0012672,PUR007189,P0013,2,14500.0,29000.0
ITEM0012673,PUR007190,P0009,3,1900.0,5700.0
ITEM0012674,PUR007191,P0011,2,4500.0,9000.0
ITEM0012675,PUR007191,P0005,4,4500.0,18000.0
ITEM0012676,PUR007192,P0010,4,2200.0,8800.0
ITEM0012677,PUR007192,P0005,1,4500.0,4500.0
ITEM0012678,PUR007193,P0005,4,4500.0,18000.0
ITEM0012679,PUR007194,P0010,1,2200.0,2200.0
ITEM0012680,PUR007194,P0016,4,450.0,1800.0
ITEM0012681,PUR007194,P0020,3,499.0,1497.0
ITEM0012682,PUR007194,P0012,5,850.0,4250.0
ITEM0012683,PUR007195,P0004,2,12500.0,25000.0
ITEM0012684,PUR007196,P0019,1,1250.0,1250.0
ITEM0012685,PUR007197,P0017,2,18500.0,37000.0
ITEM0012686,PUR007198,P0016,7,450.0,3150.0
ITEM0012687,PUR007198,P0004,3,12500.0,37500.0
ITEM0012688,PUR007199,P0003,3,32000.0,96000.0
ITEM0012689,PUR007199,P0005,1,4500.0,4500.0
ITEM0012690,PUR007199,P0008,4,4200.0,16800.0
ITEM0012691,PUR007200,P0013,1,14500.0,14500.0
ITEM0012692,PUR007200,P0017,2,18500.0,37000.0
ITEM0012693,PUR007200,P0001,2,65000.0,130000.0
ITEM0012694,PUR007201,P0009,1,1900.0,1900.0
ITEM0012695,PUR007201,P0020,2,499.0,998.0
ITEM0012696,PUR007202,P0003,2,32000.0,64000.0
ITEM0012697,PUR007202,P0006,1,2800.0,2800.0
ITEM0012698,PUR007202,P0005,2,4500.0,9000.0
ITEM0012699,PUR007202,P0008,4,4200.0,16800.0
ITEM0012700,PUR007203,P0001,1,65000.0,65000.0
ITEM0012701,PUR007204,P0006,3,2800.0,8400.0
ITEM0012702,PUR007204,P0011,1,4500.0,4500.0
ITEM0012703,PUR007205,P0004,3,12500.0,37500.0
ITEM0012704,PUR007205,P0019,5,1250.0,6250.0
ITEM0012705,PUR007205,P0008,4,4200.0,16800.0
ITEM0012706,PUR007206,P0013,1,14500.0,14500.0
ITEM0012707,PUR007206,P0019,2,1250.0,2500.0
ITEM0012708,PUR007207,P0009,2,1900.0,3800.0
ITEM0012709,PUR007207,P0007,2,1800.0,3600.0
ITEM0012710,PUR007208,P0019,1,1250.0,1250.0
ITEM0012711,PUR007208,P0016,7,450.0,3150.0
ITEM0012712,PUR007209,P0005,3,4500.0,13500.0
ITEM0012713,PUR007210,P0005,3,4500.0,13500.0
ITEM0012714,PUR007210,P0012,6,850.0,5100.0
ITEM0012715,PUR007211,P0008,5,4200.0,21000.0
ITEM0012716,PUR007212,P0014,8,650.0,5200.0
ITEM0012717,PUR007213,P0013,2,14500.0,29000.0
ITEM0012718,PUR007214,P0015,1,1200.0,1200.0
ITEM0012719,PUR007214,P0007,2,1800.0,3600.0
ITEM0012720,PUR007215,P0005,3,4500.0,13500.0
ITEM0012721,PUR007215,P0007,3,1800.0,5400.0
ITEM0012722,PUR007216,P0011,1,4500.0,4500.0
ITEM0012723,PUR007216,P0019,2,1250.0,2500.0
ITEM0012724,PUR007217,P0019,1,1250.0,1250.0
ITEM0012725,PUR007218,P0011,3,4500.0,13500.0
ITEM0012726,PUR007218,P0006,2,2800.0,5600.0
ITEM0012727,PUR007219,P0004,1,12500.0,12500.0
ITEM0012728,PUR007219,P0011,2,4500.0,9000.0
ITEM0012729,PUR007220,P0002,2,85000.0,170000.0
ITEM0012730,PUR007220,P0001,1,65000.0,65000.0
ITEM0012731,PUR007221,P0013,2,14500.0,29000.0
ITEM0012732,PUR007222,P0008,4,4200.0,16800.0
ITEM0012733,PUR007222,P0004,3,12500.0,37500.0
ITEM0012734,PUR007223,P0017,1,18500.0,18500.0
ITEM0012735,PUR007224,P0013,1,14500.0,14500.0
ITEM0012736,PUR007225,P0011,1,4500.0,4500.0
ITEM0012737,PUR007226,P0010,2,2200.0,4400.0
ITEM0012738,PUR007226,P0014,1,650.0,650.0
ITEM0012739,PUR007227,P0014,6,650.0,3900.0
ITEM0012740,PUR007228,P0004,3,12500.0,37500.0
ITEM0012741,PUR007228,P0005,3,4500.0,13500.0
ITEM0012742,PUR007228,P0006,1,2800.0,2800.0
ITEM0012743,PUR007228,P0008,4,4200.0,16800.0
ITEM0012744,PUR007229,P0017,1,18500.0,18500.0
ITEM0012745,PUR007230,P0004,3,12500.0,37500.0
ITEM0012746,PUR007230,P0005,3,4500.0,13500.0
ITEM0012747,PUR007230,P0006,2,2800.0,5600.0
ITEM0012748,PUR007231,P0001,1,65000.0,65000.0
ITEM0012749,PUR007232,P0015,1,1200.0,1200.0
ITEM0012750,PUR007233,P0018,2,550.0,1100.0
ITEM0012751,PUR007234,P0012,5,850.0,4250.0
ITEM0012752,PUR007234,P0007,5,1800.0,9000.0
ITEM0012753,PUR007234,P0011,3,4500.0,13500.0
ITEM0012754,PUR007235,P0017,2,18500.0,37000.0
ITEM0012755,PUR007236,P0006,2,2800.0,5600.0
ITEM0012756,PUR007237,P0002,2,85000.0,170000.0
ITEM0012757,PUR007238,P0013,2,14500.0,29000.0
ITEM0012758,PUR007239,P0017,1,18500.0,18500.0
ITEM0012759,PUR007239,P0013,2,14500.0,29000.0
ITEM0012760,PUR007240,P0004,1,12500.0,12500.0
ITEM0012761,PUR007241,P0007,3,1800.0,5400.0
ITEM0012762,PUR007242,P0006,4,2800.0,11200.0
ITEM0012763,PUR007242,P0008,3,4200.0,12600.0
ITEM0012764,PUR007242,P0005,1,4500.0,4500.0
ITEM0012765,PUR007243,P0005,4,4500.0,18000.0
ITEM0012766,PUR007243,P0014,1,650.0,650.0
ITEM0012767,PUR007243,P0010,3,2200.0,6600.0
ITEM0012768,PUR007244,P0019,4,1250.0,5000.0
ITEM0012769,PUR007245,P0015,3,1200.0,3600.0
ITEM0012770,PUR007246,P0005,2,4500.0,9000.0
ITEM0012771,PUR007246,P0019,2,1250.0,2500.0
ITEM0012772,PUR007247,P0008,5,4200.0,21000.0
ITEM0012773,PUR007247,P0003,1,32000.0,32000.0
ITEM0012774,PUR007248,P0017,1,18500.0,18500.0
ITEM0012775,PUR007248,P0013,2,14500.0,29000.0
ITEM0012776,PUR007248,P0003,1,32000.0,32000.0
ITEM0012777,PUR007249,P0009,5,1900.0,9500.0
ITEM0012778,PUR007249,P0020,1,499.0,499.0
ITEM0012779,PUR007250,P0003,2,32000.0,64000.0
ITEM0012780,PUR007251,P0008,4,4200.0,16800.0
ITEM0012781,PUR007252,P0013,1,14500.0,14500.0
ITEM0012782,PUR007253,P0005,4,4500.0,18000.0
ITEM0012783,PUR007254,P0003,2,32000.0,64000.0
ITEM0012784,PUR007254,P0019,1,1250.0,1250.0
ITEM0012785,PUR007254,P0005,4,4500.0,18000.0
ITEM0012786,PUR007255,P0004,3,12500.0,37500.0
ITEM0012787,PUR007255,P0011,1,4500.0,4500.0
ITEM0012788,PUR007256,P0004,3,12500.0,37500.0
ITEM0012789,PUR007257,P0002,2,85000.0,170000.0
ITEM0012790,PUR007258,P0003,1,32000.0,32000.0
ITEM0012791,PUR007259,P0005,2,4500.0,9000.0
ITEM0012792,PUR007259,P0004,3,12500.0,37500.0
ITEM0012793,PUR007259,P0019,5,1250.0,6250.0
ITEM0012794,PUR007260,P0015,2,1200.0,2400.0
ITEM0012795,PUR007261,P0009,2,1900.0,3800.0
ITEM0012796,PUR007261,P0020,3,499.0,1497.0
ITEM0012797,PUR007262,P0008,1,4200.0,4200.0
ITEM0012798,PUR007263,P0013,2,14500.0,29000.0
ITEM0012799,PUR007263,P0017,1,18500.0,18500.0
ITEM0012800,PUR007263,P0002,2,85000.0,170000.0
ITEM0012801,PUR007263,P0001,2,65000.0,130000.0
ITEM0012802,PUR007264,P0020,2,499.0,998.0
ITEM0012803,PUR007265,P0018,2,550.0,1100.0
ITEM0012804,PUR007265,P0015,2,1200.0,2400.0
ITEM0012805,PUR007265,P0004,1,12500.0,12500.0
ITEM0012806,PUR007265,P0005,3,4500.0,13500.0
ITEM0012807,PUR007266,P0005,3,4500.0,13500.0
ITEM0012808,PUR007266,P0019,5,1250.0,6250.0
ITEM0012809,PUR007266,P0020,3,499.0,1497.0
ITEM0012810,PUR007266,P0008,2,4200.0,8400.0
ITEM0012811,PUR007267,P0017,1,18500.0,18500.0
ITEM0012812,PUR007268,P0007,5,1800.0,9000.0
ITEM0012813,PUR007268,P0015,3,1200.0,3600.0
ITEM0012814,PUR007268,P0009,1,1900.0,1900.0
ITEM0012815,PUR007269,P0012,5,850.0,4250.0
ITEM0012816,PUR007269,P0009,3,1900.0,5700.0
ITEM0012817,PUR007270,P0001,2,65000.0,130000.0
ITEM0012818,PUR007271,P0003,2,32000.0,64000.0
ITEM0012819,PUR007271,P0013,2,14500.0,29000.0
ITEM0012820,PUR007272,P0017,1,18500.0,18500.0
ITEM0012821,PUR007272,P0002,1,85000.0,85000.0
ITEM0012822,PUR007273,P0011,2,4500.0,9000.0
ITEM0012823,PUR007273,P0008,2,4200.0,8400.0
ITEM0012824,PUR007273,P0010,3,2200.0,6600.0
ITEM0012825,PUR007274,P0003,2,32000.0,64000.0
ITEM0012826,PUR007274,P0001,2,65000.0,130000.0
ITEM0012827,PUR007275,P0011,3,4500.0,13500.0
ITEM0012828,PUR007275,P0001,2,65000.0,130000.0
ITEM0012829,PUR007276,P0001,1,65000.0,65000.0
ITEM0012830,PUR007276,P0003,2,32000.0,64000.0
ITEM0012831,PUR007277,P0008,2,4200.0,8400.0
ITEM0012832,PUR007277,P0006,1,2800.0,2800.0
ITEM0012833,PUR007277,P0019,2,1250.0,2500.0
ITEM0012834,PUR007278,P0002,1,85000.0,85000.0
ITEM0012835,PUR007278,P0003,3,32000.0,96000.0
ITEM0012836,PUR007278,P0013,1,14500.0,14500.0
ITEM0012837,PUR007278,P0001,1,65000.0,65000.0
ITEM0012838,PUR007279,P0020,5,499.0,2495.0
ITEM0012839,PUR007279,P0004,1,12500.0,12500.0
ITEM0012840,PUR007280,P0015,5,1200.0,6000.0
ITEM0012841,PUR007280,P0012,6,850.0,5100.0
ITEM0012842,PUR007281,P0016,3,450.0,1350.0
ITEM0012843,PUR007281,P0020,5,499.0,2495.0
ITEM0012844,PUR007281,P0019,2,1250.0,2500.0
ITEM0012845,PUR007282,P0011,3,4500.0,13500.0
ITEM0012846,PUR007282,P0007,1,1800.0,1800.0
ITEM0012847,PUR007283,P0004,2,12500.0,25000.0
ITEM0012848,PUR007284,P0004,2,12500.0,25000.0
ITEM0012849,PUR007284,P0006,2,2800.0,5600.0
ITEM0012850,PUR007284,P0017,2,18500.0,37000.0
ITEM0012851,PUR007285,P0018,8,550.0,4400.0
ITEM0012852,PUR007285,P0007,2,1800.0,3600.0
ITEM0012853,PUR007286,P0004,3,12500.0,37500.0
ITEM0012854,PUR007287,P0011,1,4500.0,4500.0
ITEM0012855,PUR007288,P0008,2,4200.0,8400.0
ITEM0012856,PUR007289,P0017,1,18500.0,18500.0
ITEM0012857,PUR007290,P0020,1,499.0,499.0
ITEM0012858,PUR007290,P0014,7,650.0,4550.0
ITEM0012859,PUR007291,P0005,3,4500.0,13500.0
ITEM0012860,PUR007291,P0004,1,12500.0,12500.0
ITEM0012861,PUR007292,P0019,3,1250.0,3750.0
ITEM0012862,PUR007293,P0017,2,18500.0,37000.0
ITEM0012863,PUR007293,P0011,2,4500.0,9000.0
ITEM0012864,PUR007293,P0006,4,2800.0,11200.0
ITEM0012865,PUR007294,P0001,1,65000.0,65000.0
ITEM0012866,PUR007294,P0013,1,14500.0,14500.0
ITEM0012867,PUR007295,P0008,4,4200.0,16800.0
ITEM0012868,PUR007295,P0012,4,850.0,3400.0
ITEM0012869,PUR007296,P0019,1,1250.0,1250.0
ITEM0012870,PUR007297,P0020,1,499.0,499.0
ITEM0012871,PUR007298,P0004,2,12500.0,25000.0
ITEM0012872,PUR007298,P0018,3,550.0,1650.0
ITEM0012873,PUR007298,P0005,4,4500.0,18000.0
ITEM0012874,PUR007298,P0014,8,650.0,5200.0
ITEM0012875,PUR007299,P0019,5,1250.0,6250.0
ITEM0012876,PUR007299,P0008,4,4200.0,16800.0
ITEM0012877,PUR007300,P0011,3,4500.0,13500.0
ITEM0012878,PUR007300,P0013,2,14500.0,29000.0
ITEM0012879,PUR007301,P0008,3,4200.0,12600.0
ITEM0012880,PUR007301,P0016,10,450.0,4500.0
ITEM0012881,PUR007301,P0020,4,499.0,1996.0
ITEM0012882,PUR007302,P0004,1,12500.0,12500.0
ITEM0012883,PUR007302,P0016,3,450.0,1350.0
ITEM0012884,PUR007303,P0017,2,18500.0,37000.0
ITEM0012885,PUR007303,P0003,2,32000.0,64000.0
ITEM0012886,PUR007304,P0010,1,2200.0,2200.0
ITEM0012887,PUR007304,P0018,6,550.0,3300.0
ITEM0012888,PUR007305,P0005,4,4500.0,18000.0
ITEM0012889,PUR007305,P0020,1,499.0,499.0
ITEM0012890,PUR007306,P0016,6,450.0,2700.0
ITEM0012891,PUR007306,P0012,1,850.0,850.0
ITEM0012892,PUR007307,P0011,1,4500.0,4500.0
ITEM0012893,PUR007307,P0009,1,1900.0,1900.0
ITEM0012894,PUR007307,P0010,1,2200.0,2200.0
ITEM0012895,PUR007308,P0020,5,499.0,2495.0
ITEM0012896,PUR007308,P0005,2,4500.0,9000.0
ITEM0012897,PUR007309,P0001,2,65000.0,130000.0
ITEM0012898,PUR007309,P0013,1,14500.0,14500.0
ITEM0012899,PUR007309,P0017,2,18500.0,37000.0
ITEM0012900,PUR007309,P0002,1,85000.0,85000.0
ITEM0012901,PUR007310,P0005,4,4500.0,18000.0
ITEM0012902,PUR007310,P0013,1,14500.0,14500.0
ITEM0012903,PUR007310,P0019,3,1250.0,3750.0
ITEM0012904,PUR007311,P0001,1,65000.0,65000.0
ITEM0012905,PUR007312,P0013,2,14500.0,29000.0
ITEM0012906,PUR007312,P0019,1,1250.0,1250.0
ITEM0012907,PUR007313,P0009,2,1900.0,3800.0
ITEM0012908,PUR007313,P0019,3,1250.0,3750.0
ITEM0012909,PUR007313,P0015,3,1200.0,3600.0
ITEM0012910,PUR007314,P0003,3,32000.0,96000.0
ITEM0012911,PUR007315,P0004,3,12500.0,37500.0
ITEM0012912,PUR007316,P0001,2,65000.0,130000.0
ITEM0012913,PUR007317,P0011,3,4500.0,13500.0
ITEM0012914,PUR007318,P0011,1,4500.0,4500.0
ITEM0012915,PUR007318,P0007,4,1800.0,7200.0
ITEM0012916,PUR007319,P0001,2,65000.0,130000.0
ITEM0012917,PUR007320,P0008,3,4200.0,12600.0
ITEM0012918,PUR007320,P0005,4,4500.0,18000.0
ITEM0012919,PUR007321,P0003,3,32000.0,96000.0
ITEM0012920,PUR007321,P0006,2,2800.0,5600.0
ITEM0012921,PUR007322,P0006,3,2800.0,8400.0
ITEM0012922,PUR007323,P0005,3,4500.0,13500.0
ITEM0012923,PUR007324,P0008,2,4200.0,8400.0
ITEM0012924,PUR007325,P0002,1,85000.0,85000.0
ITEM0012925,PUR007325,P0001,1,65000.0,65000.0
ITEM0012926,PUR007325,P0013,1,14500.0,14500.0
ITEM0012927,PUR007326,P0002,1,85000.0,85000.0
ITEM0012928,PUR007326,P0013,2,14500.0,29000.0
ITEM0012929,PUR007327,P0003,1,32000.0,32000.0
ITEM0012930,PUR007327,P0019,1,1250.0,1250.0
ITEM0012931,PUR007327,P0005,2,4500.0,9000.0
ITEM0012932,PUR007328,P0011,1,4500.0,4500.0
ITEM0012933,PUR007329,P0013,1,14500.0,14500.0
ITEM0012934,PUR007330,P0004,3,12500.0,37500.0
ITEM0012935,PUR007331,P0001,2,65000.0,130000.0
ITEM0012936,PUR007331,P0013,1,14500.0,14500.0
ITEM0012937,PUR007332,P0009,2,1900.0,3800.0
ITEM0012938,PUR007333,P0003,1,32000.0,32000.0
ITEM0012939,PUR007333,P0001,1,65000.0,65000.0
ITEM0012940,PUR007334,P0014,5,650.0,3250.0
ITEM0012941,PUR007334,P0012,3,850.0,2550.0
ITEM0012942,PUR007335,P0011,3,4500.0,13500.0
ITEM0012943,PUR007336,P0018,5,550.0,2750.0
ITEM0012944,PUR007337,P0010,1,2200.0,2200.0
ITEM0012945,PUR007338,P0008,1,4200.0,4200.0
ITEM0012946,PUR007339,P0017,1,18500.0,18500.0
ITEM0012947,PUR007340,P0004,2,12500.0,25000.0
ITEM0012948,PUR007340,P0003,2,32000.0,64000.0
ITEM0012949,PUR007341,P0004,1,12500.0,12500.0
ITEM0012950,PUR007341,P0019,3,1250.0,3750.0
ITEM0012951,PUR007342,P0012,3,850.0,2550.0
ITEM0012952,PUR007343,P0017,2,18500.0,37000.0
ITEM0012953,PUR007343,P0005,4,4500.0,18000.0
ITEM0012954,PUR007344,P0018,3,550.0,1650.0
ITEM0012955,PUR007344,P0014,3,650.0,1950.0
ITEM0012956,PUR007344,P0013,2,14500.0,29000.0
ITEM0012957,PUR007345,P0005,2,4500.0,9000.0
ITEM0012958,PUR007345,P0003,3,32000.0,96000.0
ITEM0012959,PUR007346,P0013,1,14500.0,14500.0
ITEM0012960,PUR007346,P0017,2,18500.0,37000.0
ITEM0012961,PUR007347,P0008,2,4200.0,8400.0
ITEM0012962,PUR007347,P0004,2,12500.0,25000.0
ITEM0012963,PUR007348,P0003,1,32000.0,32000.0
ITEM0012964,PUR007348,P0008,3,4200.0,12600.0
ITEM0012965,PUR007349,P0008,2,4200.0,8400.0
ITEM0012966,PUR007349,P0013,1,14500.0,14500.0
ITEM0012967,PUR007350,P0002,2,85000.0,170000.0
ITEM0012968,PUR007350,P0017,2,18500.0,37000.0
ITEM0012969,PUR007350,P0013,2,14500.0,29000.0
ITEM0012970,PUR007350,P0001,1,65000.0,65000.0
ITEM0012971,PUR007351,P0013,1,14500.0,14500.0
ITEM0012972,PUR007351,P0002,2,85000.0,170000.0
ITEM0012973,PUR007352,P0008,5,4200.0,21000.0
ITEM0012974,PUR007353,P0013,2,14500.0,29000.0
ITEM0012975,PUR007353,P0019,3,1250.0,3750.0
ITEM0012976,PUR007353,P0006,2,2800.0,5600.0
ITEM0012977,PUR007354,P0003,2,32000.0,64000.0
ITEM0012978,PUR007354,P0005,4,4500.0,18000.0
ITEM0012979,PUR007354,P0004,1,12500.0,12500.0
ITEM0012980,PUR007355,P0012,6,850.0,5100.0
ITEM0012981,PUR007355,P0016,9,450.0,4050.0
ITEM0012982,PUR007355,P0014,3,650.0,1950.0
ITEM0012983,PUR007356,P0003,2,32000.0,64000.0
ITEM0012984,PUR007357,P0014,6,650.0,3900.0
ITEM0012985,PUR007358,P0010,5,2200.0,11000.0
ITEM0012986,PUR007358,P0009,5,1900.0,9500.0
ITEM0012987,PUR007359,P0008,3,4200.0,12600.0
ITEM0012988,PUR007359,P0018,5,550.0,2750.0
ITEM0012989,PUR007360,P0005,2,4500.0,9000.0
ITEM0012990,PUR007361,P0013,2,14500.0,29000.0
ITEM0012991,PUR007362,P0008,3,4200.0,12600.0
ITEM0012992,PUR007362,P0017,2,18500.0,37000.0
ITEM0012993,PUR007362,P0004,2,12500.0,25000.0
ITEM0012994,PUR007363,P0005,3,4500.0,13500.0
ITEM0012995,PUR007363,P0020,5,499.0,2495.0
ITEM0012996,PUR007364,P0006,4,2800.0,11200.0
ITEM0012997,PUR007364,P0008,4,4200.0,16800.0
ITEM0012998,PUR007364,P0007,5,1800.0,9000.0
ITEM0012999,PUR007365,P0004,2,12500.0,25000.0
ITEM0013000,PUR007366,P0019,1,1250.0,1250.0
ITEM0013001,PUR007366,P0017,1,18500.0,18500.0
ITEM0013002,PUR007367,P0020,1,499.0,499.0
ITEM0013003,PUR007367,P0004,1,12500.0,12500.0
ITEM0013004,PUR007368,P0016,9,450.0,4050.0
ITEM0013005,PUR007369,P0020,4,499.0,1996.0
ITEM0013006,PUR007370,P0017,1,18500.0,18500.0
ITEM0013007,PUR007371,P0019,1,1250.0,1250.0
ITEM0013008,PUR007372,P0008,4,4200.0,16800.0
ITEM0013009,PUR007372,P0018,3,550.0,1650.0
ITEM0013010,PUR007373,P0008,2,4200.0,8400.0
ITEM0013011,PUR007374,P0008,3,4200.0,12600.0
ITEM0013012,PUR007375,P0006,1,2800.0,2800.0
ITEM0013013,PUR007376,P0009,4,1900.0,7600.0
ITEM0013014,PUR007376,P0015,5,1200.0,6000.0
ITEM0013015,PUR007377,P0010,2,2200.0,4400.0
ITEM0013016,PUR007378,P0014,2,650.0,1300.0
ITEM0013017,PUR007379,P0017,1,18500.0,18500.0
ITEM0013018,PUR007379,P0003,3,32000.0,96000.0
ITEM0013019,PUR007380,P0017,2,18500.0,37000.0
ITEM0013020,PUR007380,P0003,3,32000.0,96000.0
ITEM0013021,PUR007380,P0001,2,65000.0,130000.0
ITEM0013022,PUR007381,P0014,7,650.0,4550.0
ITEM0013023,PUR007382,P0013,2,14500.0,29000.0
ITEM0013024,PUR007382,P0002,2,85000.0,170000.0
ITEM0013025,PUR007383,P0004,2,12500.0,25000.0
ITEM0013026,PUR007383,P0010,4,2200.0,8800.0
ITEM0013027,PUR007384,P0017,2,18500.0,37000.0
ITEM0013028,PUR007384,P0006,4,2800.0,11200.0
ITEM0013029,PUR007385,P0011,3,4500.0,13500.0
ITEM0013030,PUR007385,P0013,2,14500.0,29000.0
ITEM0013031,PUR007385,P0003,1,32000.0,32000.0
ITEM0013032,PUR007386,P0013,1,14500.0,14500.0
ITEM0013033,PUR007386,P0001,1,65000.0,65000.0
ITEM0013034,PUR007387,P0017,2,18500.0,37000.0
ITEM0013035,PUR007388,P0016,7,450.0,3150.0
ITEM0013036,PUR007389,P0007,2,1800.0,3600.0
ITEM0013037,PUR007390,P0010,3,2200.0,6600.0
ITEM0013038,PUR007390,P0015,3,1200.0,3600.0
ITEM0013039,PUR007390,P0008,1,4200.0,4200.0
ITEM0013040,PUR007391,P0006,2,2800.0,5600.0
ITEM0013041,PUR007392,P0011,3,4500.0,13500.0
ITEM0013042,PUR007393,P0020,1,499.0,499.0
ITEM0013043,PUR007394,P0004,3,12500.0,37500.0
ITEM0013044,PUR007394,P0013,2,14500.0,29000.0
ITEM0013045,PUR007394,P0006,1,2800.0,2800.0
ITEM0013046,PUR007395,P0006,2,2800.0,5600.0
ITEM0013047,PUR007395,P0019,4,1250.0,5000.0
ITEM0013048,PUR007396,P0005,2,4500.0,9000.0
ITEM0013049,PUR007396,P0012,3,850.0,2550.0
ITEM0013050,PUR007397,P0012,6,850.0,5100.0
ITEM0013051,PUR007397,P0010,5,2200.0,11000.0
ITEM0013052,PUR007397,P0018,6,550.0,3300.0
ITEM0013053,PUR007398,P0017,2,18500.0,37000.0
ITEM0013054,PUR007398,P0019,5,1250.0,6250.0
ITEM0013055,PUR007398,P0005,3,4500.0,13500.0
ITEM0013056,PUR007398,P0003,3,32000.0,96000.0
ITEM0013057,PUR007399,P0012,3,850.0,2550.0
ITEM0013058,PUR007400,P0004,1,12500.0,12500.0
ITEM0013059,PUR007400,P0003,3,32000.0,96000.0
ITEM0013060,PUR007401,P0007,3,1800.0,5400.0
ITEM0013061,PUR007401,P0011,3,4500.0,13500.0
ITEM0013062,PUR007402,P0008,3,4200.0,12600.0
ITEM0013063,PUR007402,P0007,2,1800.0,3600.0
ITEM0013064,PUR007402,P0016,7,450.0,3150.0
ITEM0013065,PUR007403,P0004,2,12500.0,25000.0
ITEM0013066,PUR007403,P0006,3,2800.0,8400.0
ITEM0013067,PUR007404,P0008,5,4200.0,21000.0
ITEM0013068,PUR007405,P0005,3,4500.0,13500.0
ITEM0013069,PUR007406,P0001,1,65000.0,65000.0
ITEM0013070,PUR007406,P0003,2,32000.0,64000.0
ITEM0013071,PUR007407,P0017,1,18500.0,18500.0
ITEM0013072,PUR007407,P0013,2,14500.0,29000.0
ITEM0013073,PUR007408,P0008,4,4200.0,16800.0
ITEM0013074,PUR007409,P0018,6,550.0,3300.0
ITEM0013075,PUR007410,P0009,3,1900.0,5700.0
ITEM0013076,PUR007411,P0006,3,2800.0,8400.0
ITEM0013077,PUR007411,P0014,2,650.0,1300.0
ITEM0013078,PUR007412,P0001,2,65000.0,130000.0
ITEM0013079,PUR007413,P0004,3,12500.0,37500.0
ITEM0013080,PUR007413,P0013,2,14500.0,29000.0
ITEM0013081,PUR007413,P0006,3,2800.0,8400.0
ITEM0013082,PUR007413,P0005,3,4500.0,13500.0
ITEM0013083,PUR007414,P0005,1,4500.0,4500.0
ITEM0013084,PUR007415,P0015,3,1200.0,3600.0
ITEM0013085,PUR007415,P0014,1,650.0,650.0
ITEM0013086,PUR007415,P0019,2,1250.0,2500.0
ITEM0013087,PUR007415,P0005,2,4500.0,9000.0
ITEM0013088,PUR007416,P0005,2,4500.0,9000.0
ITEM0013089,PUR007417,P0006,3,2800.0,8400.0
ITEM0013090,PUR007418,P0014,2,650.0,1300.0
ITEM0013091,PUR007418,P0018,6,550.0,3300.0
ITEM0013092,PUR007419,P0011,3,4500.0,13500.0
ITEM0013093,PUR007419,P0003,3,32000.0,96000.0
ITEM0013094,PUR007420,P0005,4,4500.0,18000.0
ITEM0013095,PUR007420,P0008,4,4200.0,16800.0
ITEM0013096,PUR007420,P0007,5,1800.0,9000.0
ITEM0013097,PUR007421,P0008,1,4200.0,4200.0
ITEM0013098,PUR007421,P0020,1,499.0,499.0
ITEM0013099,PUR007422,P0003,2,32000.0,64000.0
ITEM0013100,PUR007423,P0013,2,14500.0,29000.0
ITEM0013101,PUR007424,P0009,3,1900.0,5700.0
ITEM0013102,PUR007424,P0012,1,850.0,850.0
ITEM0013103,PUR007424,P0010,5,2200.0,11000.0
ITEM0013104,PUR007425,P0009,5,1900.0,9500.0
ITEM0013105,PUR007426,P0011,1,4500.0,4500.0
ITEM0013106,PUR007426,P0018,5,550.0,2750.0
ITEM0013107,PUR007426,P0015,5,1200.0,6000.0
ITEM0013108,PUR007427,P0001,1,65000.0,65000.0
ITEM0013109,PUR007427,P0017,2,18500.0,37000.0
ITEM0013110,PUR007428,P0003,2,32000.0,64000.0
ITEM0013111,PUR007429,P0006,1,2800.0,2800.0
ITEM0013112,PUR007430,P0008,3,4200.0,12600.0
ITEM0013113,PUR007431,P0013,2,14500.0,29000.0
ITEM0013114,PUR007432,P0005,3,4500.0,13500.0
ITEM0013115,PUR007432,P0017,1,18500.0,18500.0
ITEM0013116,PUR007433,P0007,1,1800.0,1800.0
ITEM0013117,PUR007434,P0011,2,4500.0,9000.0
ITEM0013118,PUR007434,P0020,5,499.0,2495.0
ITEM0013119,PUR007435,P0019,4,1250.0,5000.0
ITEM0013120,PUR007435,P0005,1,4500.0,4500.0
ITEM0013121,PUR007436,P0011,3,4500.0,13500.0
ITEM0013122,PUR007437,P0005,1,4500.0,4500.0
ITEM0013123,PUR007437,P0013,1,14500.0,14500.0
ITEM0013124,PUR007437,P0003,2,32000.0,64000.0
ITEM0013125,PUR007437,P0006,4,2800.0,11200.0
ITEM0013126,PUR007438,P0019,5,1250.0,6250.0
ITEM0013127,PUR007439,P0019,2,1250.0,2500.0
ITEM0013128,PUR007439,P0006,2,2800.0,5600.0
ITEM0013129,PUR007439,P0017,2,18500.0,37000.0
ITEM0013130,PUR007440,P0008,5,4200.0,21000.0
ITEM0013131,PUR007440,P0007,1,1800.0,1800.0
ITEM0013132,PUR007440,P0006,2,2800.0,5600.0
ITEM0013133,PUR007441,P0001,2,65000.0,130000.0
ITEM0013134,PUR007441,P0002,1,85000.0,85000.0
ITEM0013135,PUR007442,P0015,4,1200.0,4800.0
ITEM0013136,PUR007443,P0002,2,85000.0,170000.0
ITEM0013137,PUR007444,P0007,5,1800.0,9000.0
ITEM0013138,PUR007445,P0011,2,4500.0,9000.0
ITEM0013139,PUR007446,P0008,5,4200.0,21000.0
ITEM0013140,PUR007446,P0005,3,4500.0,13500.0
ITEM0013141,PUR007447,P0004,2,12500.0,25000.0
ITEM0013142,PUR007447,P0009,3,1900.0,5700.0
ITEM0013143,PUR007448,P0014,3,650.0,1950.0
ITEM0013144,PUR007449,P0004,1,12500.0,12500.0
ITEM0013145,PUR007450,P0003,3,32000.0,96000.0
ITEM0013146,PUR007450,P0011,1,4500.0,4500.0
ITEM0013147,PUR007451,P0007,3,1800.0,5400.0
ITEM0013148,PUR007452,P0017,2,18500.0,37000.0
ITEM0013149,PUR007453,P0019,1,1250.0,1250.0
ITEM0013150,PUR007454,P0019,3,1250.0,3750.0
ITEM0013151,PUR007454,P0006,4,2800.0,11200.0
ITEM0013152,PUR007454,P0003,1,32000.0,32000.0
ITEM0013153,PUR007454,P0013,2,14500.0,29000.0
ITEM0013154,PUR007455,P0002,1,85000.0,85000.0
ITEM0013155,PUR007455,P0001,2,65000.0,130000.0
ITEM0013156,PUR007456,P0003,1,32000.0,32000.0
ITEM0013157,PUR007457,P0007,5,1800.0,9000.0
ITEM0013158,PUR007458,P0003,3,32000.0,96000.0
ITEM0013159,PUR007459,P0009,3,1900.0,5700.0
ITEM0013160,PUR007459,P0007,2,1800.0,3600.0
ITEM0013161,PUR007460,P0014,1,650.0,650.0
ITEM0013162,PUR007461,P0013,2,14500.0,29000.0
ITEM0013163,PUR007461,P0008,2,4200.0,8400.0
ITEM0013164,PUR007462,P0010,1,2200.0,2200.0
ITEM0013165,PUR007463,P0008,1,4200.0,4200.0
ITEM0013166,PUR007463,P0018,7,550.0,3850.0
ITEM0013167,PUR007464,P0017,1,18500.0,18500.0
ITEM0013168,PUR007465,P0006,3,2800.0,8400.0
ITEM0013169,PUR007465,P0005,2,4500.0,9000.0
ITEM0013170,PUR007466,P0020,4,499.0,1996.0
ITEM0013171,PUR007467,P0003,1,32000.0,32000.0
ITEM0013172,PUR007468,P0020,4,499.0,1996.0
ITEM0013173,PUR007469,P0015,3,1200.0,3600.0
ITEM0013174,PUR007470,P0017,2,18500.0,37000.0
ITEM0013175,PUR007470,P0011,3,4500.0,13500.0
ITEM0013176,PUR007470,P0019,2,1250.0,2500.0
ITEM0013177,PUR007470,P0005,3,4500.0,13500.0
ITEM0013178,PUR007471,P0014,7,650.0,4550.0
ITEM0013179,PUR007471,P0008,5,4200.0,21000.0
ITEM0013180,PUR007472,P0008,3,4200.0,12600.0
ITEM0013181,PUR007472,P0011,3,4500.0,13500.0
ITEM0013182,PUR007472,P0019,3,1250.0,3750.0
ITEM0013183,PUR007473,P0009,4,1900.0,7600.0
ITEM0013184,PUR007473,P0015,4,1200.0,4800.0
ITEM0013185,PUR007474,P0019,1,1250.0,1250.0
ITEM0013186,PUR007474,P0004,2,12500.0,25000.0
ITEM0013187,PUR007475,P0011,1,4500.0,4500.0
ITEM0013188,PUR007475,P0009,3,1900.0,5700.0
ITEM0013189,PUR007476,P0011,2,4500.0,9000.0
ITEM0013190,PUR007477,P0010,3,2200.0,6600.0
ITEM0013191,PUR007478,P0013,2,14500.0,29000.0
ITEM0013192,PUR007479,P0008,3,4200.0,12600.0
ITEM0013193,PUR007479,P0015,2,1200.0,2400.0
ITEM0013194,PUR007479,P0004,3,12500.0,37500.0
ITEM0013195,PUR007479,P0009,5,1900.0,9500.0
ITEM0013196,PUR007480,P0002,1,85000.0,85000.0
ITEM0013197,PUR007481,P0016,10,450.0,4500.0
ITEM0013198,PUR007482,P0008,1,4200.0,4200.0
ITEM0013199,PUR007482,P0005,1,4500.0,4500.0
ITEM0013200,PUR007483,P0008,5,4200.0,21000.0
ITEM0013201,PUR007484,P0005,3,4500.0,13500.0
ITEM0013202,PUR007484,P0019,1,1250.0,1250.0
ITEM0013203,PUR007484,P0004,2,12500.0,25000.0
ITEM0013204,PUR007485,P0010,3,2200.0,6600.0
ITEM0013205,PUR007486,P0019,5,1250.0,6250.0
ITEM0013206,PUR007486,P0008,3,4200.0,12600.0
ITEM0013207,PUR007487,P0007,4,1800.0,7200.0
ITEM0013208,PUR007487,P0005,3,4500.0,13500.0
ITEM0013209,PUR007488,P0009,2,1900.0,3800.0
ITEM0013210,PUR007488,P0019,5,1250.0,6250.0
ITEM0013211,PUR007489,P0013,1,14500.0,14500.0
ITEM0013212,PUR007490,P0010,5,2200.0,11000.0
ITEM0013213,PUR007491,P0001,1,65000.0,65000.0
ITEM0013214,PUR007492,P0005,3,4500.0,13500.0
ITEM0013215,PUR007492,P0003,3,32000.0,96000.0
ITEM0013216,PUR007492,P0008,1,4200.0,4200.0
ITEM0013217,PUR007493,P0017,2,18500.0,37000.0
ITEM0013218,PUR007494,P0017,1,18500.0,18500.0
ITEM0013219,PUR007495,P0019,1,1250.0,1250.0
ITEM0013220,PUR007496,P0009,4,1900.0,7600.0
ITEM0013221,PUR007496,P0020,4,499.0,1996.0
ITEM0013222,PUR007496,P0011,3,4500.0,13500.0
ITEM0013223,PUR007497,P0019,2,1250.0,2500.0
ITEM0013224,PUR007497,P0004,3,12500.0,37500.0
ITEM0013225,PUR007498,P0017,1,18500.0,18500.0
ITEM0013226,PUR007498,P0019,3,1250.0,3750.0
ITEM0013227,PUR007499,P0003,2,32000.0,64000.0
ITEM0013228,PUR007499,P0019,2,1250.0,2500.0
ITEM0013229,PUR007500,P0017,2,18500.0,37000.0
ITEM0013230,PUR007500,P0004,1,12500.0,12500.0
ITEM0013231,PUR007500,P0008,2,4200.0,8400.0
