purchase_id,customer_id,purchase_date,total_amount,status
PUR000001,C00555,2025-08-13 11:12:33,79500.0,Completed
PUR000002,C00683,2025-08-13 18:16:20,1350.0,Completed
PUR000003,C00070,2025-08-13 19:51:50,8050.0,Completed
PUR000004,C00466,2025-08-13 20:07:05,53750.0,Completed
PUR000005,C00672,2025-08-14 02:24:22,16800.0,Completed
PUR000006,C00365,2025-08-14 08:56:25,14500.0,Completed
PUR000007,C00128,2025-08-14 10:29:40,12000.0,Completed
PUR000008,C00402,2025-08-14 10:59:46,13500.0,Completed
PUR000009,C00631,2025-08-14 13:25:06,18500.0,Completed
PUR000010,C00267,2025-08-14 14:24:35,4400.0,Completed
PUR000011,C00407,2025-08-14 14:43:32,2700.0,Completed
PUR000012,C00285,2025-08-14 15:56:28,40250.0,Completed
PUR000013,C00735,2025-08-14 18:04:17,8000.0,Completed
PUR000014,C00139,2025-08-14 19:32:38,21300.0,Completed
PUR000015,C00119,2025-08-15 07:18:35,37600.0,Completed
PUR000016,C00555,2025-08-15 07:38:52,450.0,Completed
PUR000017,C00282,2025-08-15 08:01:18,11650.0,Completed
PUR000018,C00212,2025-08-15 08:30:29,1497.0,Completed
PUR000019,C00403,2025-08-15 09:56:54,64000.0,Completed
PUR000020,C00057,2025-08-15 10:04:44,26900.0,Completed
PUR000021,C00484,2025-08-15 10:44:36,56850.0,Completed
PUR000022,C00533,2025-08-15 22:31:47,32000.0,Completed
PUR000023,C00423,2025-08-15 22:50:57,15050.0,Completed
PUR000024,C00604,2025-08-16 01:44:41,16800.0,Completed
PUR000025,C00090,2025-08-16 02:29:23,8400.0,Completed
PUR000026,C00393,2025-08-16 04:00:15,8900.0,Completed
PUR000027,C00498,2025-08-16 05:07:40,190000.0,Completed
PUR000028,C00208,2025-08-16 06:28:49,133000.0,Completed
PUR000029,C00261,2025-08-16 08:47:37,32000.0,Completed
PUR000030,C00386,2025-08-16 11:55:14,3750.0,Completed
PUR000031,C00153,2025-08-16 12:15:24,5400.0,Completed
PUR000032,C00162,2025-08-16 12:36:42,11750.0,Completed
PUR000033,C00153,2025-08-16 15:32:44,22500.0,Completed
PUR000034,C00168,2025-08-16 17:24:35,18000.0,Completed
PUR000035,C00152,2025-08-16 20:42:49,101000.0,Completed
PUR000036,C00313,2025-08-17 01:37:46,28300.0,Completed
PUR000037,C00544,2025-08-17 05:00:47,9000.0,Completed
PUR000038,C00016,2025-08-17 06:46:55,7600.0,Completed
PUR000039,C00533,2025-08-17 09:41:22,18000.0,Completed
PUR000040,C00068,2025-08-17 13:02:42,28850.0,Completed
PUR000041,C00737,2025-08-17 13:29:55,22900.0,Completed
PUR000042,C00013,2025-08-17 20:24:37,6950.0,Completed
PUR000043,C00713,2025-08-17 20:49:06,17500.0,Completed
PUR000044,C00516,2025-08-17 21:05:16,37000.0,Completed
PUR000045,C00207,2025-08-17 22:15:52,9000.0,Completed
PUR000046,C00286,2025-08-18 00:56:26,9350.0,Completed
PUR000047,C00430,2025-08-18 02:29:00,22000.0,Completed
PUR000048,C00226,2025-08-18 04:25:03,4200.0,Completed
PUR000049,C00459,2025-08-18 05:56:14,40000.0,Completed
PUR000050,C00619,2025-08-18 07:12:48,103500.0,Completed
PUR000051,C00137,2025-08-18 09:48:56,77500.0,Completed
PUR000052,C00306,2025-08-18 10:18:27,7695.0,Completed
PUR000053,C00355,2025-08-18 15:53:56,340000.0,Completed
PUR000054,C00341,2025-08-18 19:07:24,5600.0,Completed
PUR000055,C00060,2025-08-18 19:56:47,2250.0,Completed
PUR000056,C00325,2025-08-18 20:32:49,15900.0,Completed
PUR000057,C00568,2025-08-18 22:15:50,499.0,Completed
PUR000058,C00594,2025-08-19 02:01:13,11650.0,Completed
PUR000059,C00334,2025-08-19 03:10:48,5100.0,Completed
PUR000060,C00435,2025-08-19 03:10:52,850.0,Completed
PUR000061,C00557,2025-08-19 03:45:18,21900.0,Completed
PUR000062,C00496,2025-08-19 04:46:40,37500.0,Completed
PUR000063,C00681,2025-08-19 04:49:50,4200.0,Completed
PUR000064,C00161,2025-08-19 06:27:00,96000.0,Completed
PUR000065,C00276,2025-08-19 12:09:45,63750.0,Completed
PUR000066,C00355,2025-08-19 15:23:14,29800.0,Completed
PUR000067,C00499,2025-08-19 16:35:28,3600.0,Completed
PUR000068,C00285,2025-08-19 18:51:07,43500.0,Completed
PUR000069,C00455,2025-08-19 22:32:42,5100.0,Completed
PUR000070,C00310,2025-08-20 00:22:28,18500.0,Completed
PUR000071,C00737,2025-08-20 01:31:31,4500.0,Completed
PUR000072,C00704,2025-08-20 04:28:20,2600.0,Completed
PUR000073,C00576,2025-08-20 14:43:11,13200.0,Completed
PUR000074,C00285,2025-08-20 19:10:36,20700.0,Completed
PUR000075,C00644,2025-08-20 20:15:41,170000.0,Completed
PUR000076,C00689,2025-08-20 21:08:01,64000.0,Completed
PUR000077,C00677,2025-08-20 22:57:39,34800.0,Completed
PUR000078,C00250,2025-08-21 00:33:28,18500.0,Completed
PUR000079,C00465,2025-08-21 06:31:45,26100.0,Completed
PUR000080,C00212,2025-08-21 07:39:51,8800.0,Completed
PUR000081,C00712,2025-08-21 07:50:08,16800.0,Completed
PUR000082,C00075,2025-08-21 08:47:14,64000.0,Completed
PUR000083,C00566,2025-08-21 09:20:47,12500.0,Completed
PUR000084,C00294,2025-08-21 12:00:03,22250.0,Completed
PUR000085,C00531,2025-08-21 16:31:53,61000.0,Completed
PUR000086,C00297,2025-08-21 18:58:59,1800.0,Completed
PUR000087,C00418,2025-08-21 21:14:40,8400.0,Completed
PUR000088,C00534,2025-08-21 21:44:00,13300.0,Completed
PUR000089,C00188,2025-08-21 23:50:09,18500.0,Completed
PUR000090,C00749,2025-08-22 01:40:03,15300.0,Completed
PUR000091,C00231,2025-08-22 04:15:41,55500.0,Completed
PUR000092,C00373,2025-08-22 06:05:46,2400.0,Completed
PUR000093,C00480,2025-08-22 09:12:53,13500.0,Completed
PUR000094,C00105,2025-08-22 11:07:59,5600.0,Completed
PUR000095,C00589,2025-08-22 14:49:03,170000.0,Completed
PUR000096,C00216,2025-08-22 14:56:05,66000.0,Completed
PUR000097,C00680,2025-08-22 16:31:09,102000.0,Completed
PUR000098,C00585,2025-08-22 17:51:31,48800.0,Completed
PUR000099,C00291,2025-08-22 20:54:50,103500.0,Completed
PUR000100,C00285,2025-08-22 23:07:59,15850.0,Completed
PUR000101,C00498,2025-08-22 23:13:07,214000.0,Completed
PUR000102,C00031,2025-08-23 04:56:34,21000.0,Completed
PUR000103,C00572,2025-08-23 07:31:00,8400.0,Completed
PUR000104,C00217,2025-08-23 08:08:31,140500.0,Completed
PUR000105,C00484,2025-08-23 09:59:13,3250.0,Completed
PUR000106,C00167,2025-08-23 10:55:24,6850.0,Completed
PUR000107,C00350,2025-08-23 15:06:06,329000.0,Completed
PUR000108,C00701,2025-08-23 16:06:40,10900.0,Completed
PUR000109,C00436,2025-08-23 20:25:46,25000.0,Completed
PUR000110,C00687,2025-08-23 20:46:37,17400.0,Completed
PUR000111,C00014,2025-08-24 01:48:50,15300.0,Completed
PUR000112,C00212,2025-08-24 06:04:40,4400.0,Completed
PUR000113,C00583,2025-08-24 14:30:28,10050.0,Completed
PUR000114,C00259,2025-08-24 18:22:59,4500.0,Completed
PUR000115,C00302,2025-08-24 18:41:59,18500.0,Completed
PUR000116,C00542,2025-08-24 20:19:44,79500.0,Completed
PUR000117,C00099,2025-08-24 21:49:23,1200.0,Completed
PUR000118,C00075,2025-08-24 22:06:53,2800.0,Completed
PUR000119,C00334,2025-08-25 00:56:15,29000.0,Completed
PUR000120,C00731,2025-08-25 02:08:55,1900.0,Completed
PUR000121,C00303,2025-08-25 06:51:43,65000.0,Completed
PUR000122,C00316,2025-08-25 07:47:21,102000.0,Completed
PUR000123,C00570,2025-08-25 08:03:31,9150.0,Completed
PUR000124,C00583,2025-08-25 14:30:53,15000.0,Completed
PUR000125,C00197,2025-08-25 15:41:55,133000.0,Completed
PUR000126,C00674,2025-08-25 16:57:25,184500.0,Completed
PUR000127,C00250,2025-08-25 21:44:54,26400.0,Completed
PUR000128,C00631,2025-08-25 22:21:29,6250.0,Completed
PUR000129,C00268,2025-08-26 00:22:32,3750.0,Completed
PUR000130,C00007,2025-08-26 00:41:21,1650.0,Completed
PUR000131,C00645,2025-08-26 02:43:11,96000.0,Completed
PUR000132,C00119,2025-08-26 02:51:41,24250.0,Completed
PUR000133,C00717,2025-08-26 05:47:17,4550.0,Completed
PUR000134,C00485,2025-08-26 06:44:47,43000.0,Completed
PUR000135,C00471,2025-08-26 08:16:30,14500.0,Completed
PUR000136,C00532,2025-08-26 13:29:44,313500.0,Completed
PUR000137,C00492,2025-08-26 14:20:09,32500.0,Completed
PUR000138,C00249,2025-08-26 20:15:06,64000.0,Completed
PUR000139,C00139,2025-08-26 21:12:15,9499.0,Completed
PUR000140,C00106,2025-08-26 22:53:41,42500.0,Completed
PUR000141,C00661,2025-08-26 23:03:57,64000.0,Completed
PUR000142,C00620,2025-08-26 23:39:27,281500.0,Completed
PUR000143,C00093,2025-08-27 02:08:50,182000.0,Completed
PUR000144,C00660,2025-08-27 02:47:39,14500.0,Completed
PUR000145,C00525,2025-08-27 06:43:29,4500.0,Completed
PUR000146,C00536,2025-08-27 08:17:59,14947.0,Completed
PUR000147,C00359,2025-08-27 10:07:36,9000.0,Completed
PUR000148,C00337,2025-08-27 12:01:46,30300.0,Completed
PUR000149,C00680,2025-08-27 12:07:21,5600.0,Completed
PUR000150,C00371,2025-08-27 19:36:31,29200.0,Completed
PUR000151,C00313,2025-08-27 19:40:36,17950.0,Completed
PUR000152,C00189,2025-08-27 19:53:34,19745.0,Completed
PUR000153,C00670,2025-08-27 22:33:55,25000.0,Completed
PUR000154,C00444,2025-08-27 23:49:02,96000.0,Completed
PUR000155,C00375,2025-08-28 03:06:36,17250.0,Completed
PUR000156,C00384,2025-08-28 03:44:04,18000.0,Completed
PUR000157,C00013,2025-08-28 04:22:12,7800.0,Completed
PUR000158,C00648,2025-08-28 04:41:01,9000.0,Completed
PUR000159,C00462,2025-08-28 06:56:33,16600.0,Completed
PUR000160,C00427,2025-08-28 06:59:44,4500.0,Completed
PUR000161,C00561,2025-08-28 08:23:38,4200.0,Completed
PUR000162,C00288,2025-08-28 09:18:07,13500.0,Completed
PUR000163,C00750,2025-08-28 10:09:14,57750.0,Completed
PUR000164,C00329,2025-08-28 13:19:08,37000.0,Completed
PUR000165,C00144,2025-08-28 13:52:02,14750.0,Completed
PUR000166,C00086,2025-08-28 14:59:47,16300.0,Completed
PUR000167,C00152,2025-08-28 15:22:01,13500.0,Completed
PUR000168,C00326,2025-08-28 15:28:26,2495.0,Completed
PUR000169,C00463,2025-08-28 19:06:01,4500.0,Completed
PUR000170,C00306,2025-08-28 20:15:22,7200.0,Completed
PUR000171,C00086,2025-08-28 22:44:51,26400.0,Completed
PUR000172,C00737,2025-08-29 04:28:37,45500.0,Completed
PUR000173,C00057,2025-08-29 07:01:04,13500.0,Completed
PUR000174,C00470,2025-08-29 08:50:31,18000.0,Completed
PUR000175,C00706,2025-08-29 09:45:05,24100.0,Completed
PUR000176,C00476,2025-08-29 15:38:02,123200.0,Completed
PUR000177,C00296,2025-08-29 16:22:28,97000.0,Completed
PUR000178,C00019,2025-08-29 18:10:46,14500.0,Completed
PUR000179,C00137,2025-08-29 20:00:13,8800.0,Completed
PUR000180,C00208,2025-08-29 20:59:53,170000.0,Completed
PUR000181,C00534,2025-08-29 21:35:24,37500.0,Completed
PUR000182,C00017,2025-08-29 22:50:46,21000.0,Completed
PUR000183,C00207,2025-08-30 00:28:05,96000.0,Completed
PUR000184,C00001,2025-08-30 03:26:27,3800.0,Completed
PUR000185,C00696,2025-08-30 04:15:12,36200.0,Completed
PUR000186,C00129,2025-08-30 05:01:35,5100.0,Completed
PUR000187,C00013,2025-08-30 05:07:00,49500.0,Completed
PUR000188,C00196,2025-08-30 08:28:09,550.0,Completed
PUR000189,C00264,2025-08-30 08:31:03,3600.0,Completed
PUR000190,C00546,2025-08-30 09:51:38,12400.0,Completed
PUR000191,C00139,2025-08-30 10:03:14,42800.0,Completed
PUR000192,C00511,2025-08-30 10:54:28,46600.0,Completed
PUR000193,C00541,2025-08-30 11:31:35,17300.0,Completed
PUR000194,C00373,2025-08-30 14:54:52,2500.0,Completed
PUR000195,C00466,2025-08-30 17:11:25,37500.0,Completed
PUR000196,C00169,2025-08-30 19:35:33,3600.0,Completed
PUR000197,C00521,2025-08-30 21:39:10,18000.0,Completed
PUR000198,C00633,2025-08-30 21:56:27,234000.0,Completed
PUR000199,C00346,2025-08-31 00:14:27,25000.0,Completed
PUR000200,C00276,2025-08-31 01:42:53,9900.0,Completed
PUR000201,C00748,2025-08-31 03:56:28,5247.0,Completed
PUR000202,C00433,2025-08-31 09:26:47,42700.0,Completed
PUR000203,C00331,2025-08-31 09:36:42,8400.0,Completed
PUR000204,C00433,2025-08-31 11:41:50,70700.0,Completed
PUR000205,C00314,2025-08-31 12:51:31,33000.0,Completed
PUR000206,C00242,2025-08-31 14:34:33,109500.0,Completed
PUR000207,C00494,2025-08-31 14:47:44,62950.0,Completed
PUR000208,C00570,2025-08-31 15:59:34,1250.0,Completed
PUR000209,C00674,2025-08-31 18:16:00,65000.0,Completed
PUR000210,C00421,2025-08-31 20:56:04,239000.0,Completed
PUR000211,C00465,2025-08-31 23:31:29,83000.0,Completed
PUR000212,C00134,2025-09-01 00:42:36,13500.0,Completed
PUR000213,C00744,2025-09-01 05:41:12,114500.0,Completed
PUR000214,C00407,2025-09-01 07:17:19,13200.0,Completed
PUR000215,C00394,2025-09-01 10:27:06,65250.0,Completed
PUR000216,C00433,2025-09-01 11:38:28,22550.0,Completed
PUR000217,C00318,2025-09-01 15:15:28,25000.0,Completed
PUR000218,C00365,2025-09-01 15:36:23,18500.0,Completed
PUR000219,C00341,2025-09-01 19:50:18,18500.0,Completed
PUR000220,C00100,2025-09-02 00:16:35,9000.0,Completed
PUR000221,C00750,2025-09-02 03:29:13,4450.0,Completed
PUR000222,C00558,2025-09-02 04:57:08,3250.0,Completed
PUR000223,C00665,2025-09-02 06:35:54,25000.0,Completed
PUR000224,C00393,2025-09-02 11:45:12,130000.0,Completed
PUR000225,C00562,2025-09-02 11:57:52,12400.0,Completed
PUR000226,C00183,2025-09-02 12:24:35,396000.0,Completed
PUR000227,C00738,2025-09-02 12:33:47,1800.0,Completed
PUR000228,C00060,2025-09-02 14:08:21,16800.0,Completed
PUR000229,C00090,2025-09-02 18:44:05,12600.0,Completed
PUR000230,C00667,2025-09-02 21:50:28,14500.0,Completed
PUR000231,C00103,2025-09-03 00:03:08,33000.0,Completed
PUR000232,C00311,2025-09-03 00:09:43,13500.0,Completed
PUR000233,C00130,2025-09-03 00:16:33,17700.0,Completed
PUR000234,C00325,2025-09-03 00:41:51,7600.0,Completed
PUR000235,C00169,2025-09-03 00:46:22,1950.0,Completed
PUR000236,C00679,2025-09-03 02:34:07,96000.0,Completed
PUR000237,C00470,2025-09-03 04:07:59,43250.0,Completed
PUR000238,C00719,2025-09-03 04:10:56,29300.0,Completed
PUR000239,C00126,2025-09-03 05:27:10,9000.0,Completed
PUR000240,C00492,2025-09-03 08:34:24,150000.0,Completed
PUR000241,C00525,2025-09-03 09:34:36,8400.0,Completed
PUR000242,C00314,2025-09-03 16:22:14,284500.0,Completed
PUR000243,C00713,2025-09-03 18:01:16,235000.0,Completed
PUR000244,C00531,2025-09-03 18:09:10,8400.0,Completed
PUR000245,C00291,2025-09-03 18:12:20,144500.0,Completed
PUR000246,C00733,2025-09-03 20:18:29,28250.0,Completed
PUR000247,C00218,2025-09-03 23:38:08,3400.0,Completed
PUR000248,C00114,2025-09-03 23:52:05,12500.0,Completed
PUR000249,C00225,2025-09-04 01:14:54,37500.0,Completed
PUR000250,C00520,2025-09-04 03:28:59,16700.0,Completed
PUR000251,C00559,2025-09-04 04:21:27,8300.0,Completed
PUR000252,C00683,2025-09-04 08:32:09,18500.0,Completed
PUR000253,C00057,2025-09-04 11:54:10,4200.0,Completed
PUR000254,C00054,2025-09-04 18:59:51,129000.0,Completed
PUR000255,C00286,2025-09-04 19:06:38,5550.0,Completed
PUR000256,C00348,2025-09-04 21:08:28,9000.0,Completed
PUR000257,C00129,2025-09-04 21:49:40,8250.0,Completed
PUR000258,C00162,2025-09-04 23:36:40,3600.0,Completed
PUR000259,C00349,2025-09-05 00:51:55,6497.0,Completed
PUR000260,C00157,2025-09-05 07:01:37,26000.0,Completed
PUR000261,C00661,2025-09-05 07:53:26,5000.0,Completed
PUR000262,C00144,2025-09-05 08:38:19,18000.0,Completed
PUR000263,C00095,2025-09-05 08:41:19,15200.0,Completed
PUR000264,C00043,2025-09-05 11:01:02,11000.0,Completed
PUR000265,C00268,2025-09-05 12:22:42,37500.0,Completed
PUR000266,C00078,2025-09-05 12:34:17,96000.0,Completed
PUR000267,C00306,2025-09-05 14:42:00,10750.0,Completed
PUR000268,C00442,2025-09-05 15:30:32,20600.0,Completed
PUR000269,C00226,2025-09-05 15:47:52,117000.0,Completed
PUR000270,C00689,2025-09-05 19:59:17,14500.0,Completed
PUR000271,C00739,2025-09-06 01:07:26,30497.0,Completed
PUR000272,C00252,2025-09-06 02:02:26,3600.0,Completed
PUR000273,C00258,2025-09-06 03:31:16,5400.0,Completed
PUR000274,C00106,2025-09-06 06:27:50,24700.0,Completed
PUR000275,C00674,2025-09-06 07:02:26,56050.0,Completed
PUR000276,C00367,2025-09-06 07:17:20,22500.0,Completed
PUR000277,C00374,2025-09-06 09:30:49,15000.0,Completed
PUR000278,C00633,2025-09-06 17:39:27,2800.0,Completed
PUR000279,C00306,2025-09-06 18:50:38,4047.0,Completed
PUR000280,C00604,2025-09-06 19:16:32,12649.0,Completed
PUR000281,C00382,2025-09-06 19:45:00,53000.0,Completed
PUR000282,C00115,2025-09-06 21:51:07,7248.0,Completed
PUR000283,C00681,2025-09-06 22:03:41,16800.0,Completed
PUR000284,C00559,2025-09-06 22:29:17,77000.0,Completed
PUR000285,C00704,2025-09-06 22:50:08,8400.0,Completed
PUR000286,C00147,2025-09-07 05:17:45,20100.0,Completed
PUR000287,C00577,2025-09-07 06:24:17,14500.0,Completed
PUR000288,C00464,2025-09-07 07:01:55,45900.0,Completed
PUR000289,C00670,2025-09-07 09:50:39,450.0,Completed
PUR000290,C00177,2025-09-07 10:51:56,32000.0,Completed
PUR000291,C00550,2025-09-07 11:04:53,43100.0,Completed
PUR000292,C00664,2025-09-07 11:58:16,8300.0,Completed
PUR000293,C00201,2025-09-07 13:44:29,15000.0,Completed
PUR000294,C00350,2025-09-07 13:54:12,29000.0,Completed
PUR000295,C00451,2025-09-07 14:25:32,16100.0,Completed
PUR000296,C00025,2025-09-07 14:40:44,37000.0,Completed
PUR000297,C00540,2025-09-07 16:09:20,87500.0,Completed
PUR000298,C00097,2025-09-07 16:53:39,38400.0,Completed
PUR000299,C00738,2025-09-07 17:49:27,4400.0,Completed
PUR000300,C00134,2025-09-07 19:56:19,12600.0,Completed
PUR000301,C00161,2025-09-07 20:32:53,9500.0,Completed
PUR000302,C00250,2025-09-07 21:40:24,30250.0,Completed
PUR000303,C00182,2025-09-08 00:53:15,5498.0,Completed
PUR000304,C00353,2025-09-08 02:00:32,20350.0,Completed
PUR000305,C00455,2025-09-08 02:32:40,29000.0,Completed
PUR000306,C00164,2025-09-08 04:23:33,11100.0,Completed
PUR000307,C00700,2025-09-08 04:25:19,32000.0,Completed
PUR000308,C00707,2025-09-08 05:08:59,61000.0,Completed
PUR000309,C00713,2025-09-08 06:19:34,11200.0,Completed
PUR000310,C00021,2025-09-08 06:46:47,9500.0,Completed
PUR000311,C00349,2025-09-08 08:54:53,11850.0,Completed
PUR000312,C00289,2025-09-08 09:37:54,37500.0,Completed
PUR000313,C00628,2025-09-08 10:01:35,29000.0,Completed
PUR000314,C00542,2025-09-08 16:26:15,130000.0,Completed
PUR000315,C00605,2025-09-08 16:52:07,4200.0,Completed
PUR000316,C00526,2025-09-08 20:45:23,10300.0,Completed
PUR000317,C00291,2025-09-08 21:10:02,14500.0,Completed
PUR000318,C00470,2025-09-08 21:11:31,14500.0,Completed
PUR000319,C00345,2025-09-08 21:30:56,13500.0,Completed
PUR000320,C00670,2025-09-08 22:56:24,63050.0,Completed
PUR000321,C00738,2025-09-09 00:48:40,21000.0,Completed
PUR000322,C00452,2025-09-09 04:34:29,9000.0,Completed
PUR000323,C00201,2025-09-09 05:17:36,2400.0,Completed
PUR000324,C00271,2025-09-09 08:46:50,46250.0,Completed
PUR000325,C00592,2025-09-09 11:13:01,19750.0,Completed
PUR000326,C00359,2025-09-09 12:01:31,2400.0,Completed
PUR000327,C00201,2025-09-09 12:57:01,9700.0,Completed
PUR000328,C00622,2025-09-09 14:26:06,11700.0,Completed
PUR000329,C00633,2025-09-09 15:22:59,3750.0,Completed
PUR000330,C00712,2025-09-09 16:59:05,16000.0,Completed
PUR000331,C00633,2025-09-09 17:15:31,29000.0,Completed
PUR000332,C00167,2025-09-09 17:16:19,9400.0,Completed
PUR000333,C00427,2025-09-09 17:40:38,37500.0,Completed
PUR000334,C00542,2025-09-09 18:20:00,313500.0,Completed
PUR000335,C00454,2025-09-09 20:39:51,300000.0,Completed
PUR000336,C00576,2025-09-09 21:05:59,12500.0,Completed
PUR000337,C00670,2025-09-09 22:02:12,13500.0,Completed
PUR000338,C00127,2025-09-10 00:13:21,4500.0,Completed
PUR000339,C00155,2025-09-10 06:46:24,5000.0,Completed
PUR000340,C00341,2025-09-10 07:46:40,12500.0,Completed
PUR000341,C00431,2025-09-10 08:37:47,12500.0,Completed
PUR000342,C00370,2025-09-10 09:48:57,499.0,Completed
PUR000343,C00742,2025-09-10 13:43:16,17000.0,Completed
PUR000344,C00209,2025-09-10 15:06:53,4500.0,Completed
PUR000345,C00125,2025-09-10 15:52:21,25000.0,Completed
PUR000346,C00662,2025-09-10 16:57:33,94000.0,Completed
PUR000347,C00705,2025-09-10 20:59:41,14500.0,Completed
PUR000348,C00021,2025-09-10 22:59:49,6250.0,Completed
PUR000349,C00344,2025-09-10 23:26:28,18500.0,Completed
PUR000350,C00331,2025-09-11 01:31:45,81400.0,Completed
PUR000351,C00104,2025-09-11 10:06:37,4200.0,Completed
PUR000352,C00267,2025-09-11 16:06:38,4500.0,Completed
PUR000353,C00382,2025-09-11 18:23:46,3800.0,Completed
PUR000354,C00542,2025-09-11 21:51:46,93000.0,Completed
PUR000355,C00071,2025-09-11 23:46:28,65000.0,Completed
PUR000356,C00134,2025-09-12 01:09:36,8400.0,Completed
PUR000357,C00604,2025-09-12 07:45:55,25000.0,Completed
PUR000358,C00314,2025-09-12 13:55:19,11200.0,Completed
PUR000359,C00166,2025-09-12 14:09:08,8400.0,Completed
PUR000360,C00063,2025-09-12 15:49:49,5600.0,Completed
PUR000361,C00267,2025-09-12 22:08:12,6400.0,Completed
PUR000362,C00113,2025-09-13 00:24:29,84850.0,Completed
PUR000363,C00109,2025-09-13 01:45:48,170000.0,Completed
PUR000364,C00687,2025-09-13 02:06:20,2800.0,Completed
PUR000365,C00341,2025-09-13 04:19:50,46500.0,Completed
PUR000366,C00099,2025-09-13 04:47:13,2800.0,Completed
PUR000367,C00105,2025-09-13 05:28:23,11800.0,Completed
PUR000368,C00723,2025-09-13 05:48:07,96000.0,Completed
PUR000369,C00041,2025-09-13 05:50:14,32000.0,Completed
PUR000370,C00185,2025-09-13 11:01:05,5700.0,Completed
PUR000371,C00555,2025-09-13 12:36:16,51500.0,Completed
PUR000372,C00370,2025-09-13 19:22:44,6250.0,Completed
PUR000373,C00631,2025-09-14 02:38:21,17900.0,Completed
PUR000374,C00312,2025-09-14 03:45:52,83500.0,Completed
PUR000375,C00168,2025-09-14 09:40:38,13800.0,Completed
PUR000376,C00459,2025-09-14 13:53:36,114500.0,Completed
PUR000377,C00388,2025-09-14 14:34:17,31000.0,Completed
PUR000378,C00534,2025-09-14 15:16:56,2800.0,Completed
PUR000379,C00462,2025-09-14 19:01:57,5100.0,Completed
PUR000380,C00277,2025-09-14 22:29:58,83600.0,Completed
PUR000381,C00723,2025-09-14 22:34:34,3750.0,Completed
PUR000382,C00068,2025-09-14 23:16:46,65000.0,Completed
PUR000383,C00035,2025-09-15 00:23:45,18000.0,Completed
PUR000384,C00721,2025-09-15 02:09:09,7700.0,Completed
PUR000385,C00686,2025-09-15 02:22:39,37000.0,Completed
PUR000386,C00267,2025-09-15 03:16:33,11000.0,Completed
PUR000387,C00228,2025-09-15 03:18:07,16800.0,Completed
PUR000388,C00498,2025-09-15 06:12:01,14500.0,Completed
PUR000389,C00216,2025-09-15 09:17:02,32000.0,Completed
PUR000390,C00003,2025-09-15 12:29:12,9500.0,Completed
PUR000391,C00129,2025-09-15 13:59:55,14500.0,Completed
PUR000392,C00057,2025-09-15 15:08:11,184500.0,Completed
PUR000393,C00054,2025-09-15 15:27:56,3250.0,Completed
PUR000394,C00581,2025-09-15 19:34:35,32200.0,Completed
PUR000395,C00263,2025-09-15 21:02:30,3750.0,Completed
PUR000396,C00371,2025-09-15 22:59:22,4500.0,Completed
PUR000397,C00114,2025-09-15 23:08:27,17050.0,Completed
PUR000398,C00026,2025-09-16 04:07:43,20200.0,Completed
PUR000399,C00715,2025-09-16 05:09:18,21000.0,Completed
PUR000400,C00161,2025-09-16 05:36:05,6400.0,Completed
PUR000401,C00487,2025-09-16 05:50:54,6250.0,Completed
PUR000402,C00732,2025-09-16 09:26:12,998.0,Completed
PUR000403,C00200,2025-09-16 11:07:43,18500.0,Completed
PUR000404,C00400,2025-09-16 11:53:54,2400.0,Completed
PUR000405,C00498,2025-09-16 15:26:20,64000.0,Completed
PUR000406,C00126,2025-09-16 15:54:58,19850.0,Completed
PUR000407,C00077,2025-09-16 16:10:12,29000.0,Completed
PUR000408,C00037,2025-09-16 16:25:48,44500.0,Completed
PUR000409,C00181,2025-09-16 18:48:45,37500.0,Completed
PUR000410,C00667,2025-09-16 19:02:34,12150.0,Completed
PUR000411,C00276,2025-09-16 20:02:50,15950.0,Completed
PUR000412,C00160,2025-09-16 20:26:17,30500.0,Completed
PUR000413,C00501,2025-09-16 20:37:14,4500.0,Completed
PUR000414,C00589,2025-09-16 23:32:45,98000.0,Completed
PUR000415,C00008,2025-09-17 05:12:49,64000.0,Completed
PUR000416,C00413,2025-09-17 05:59:03,14850.0,Completed
PUR000417,C00257,2025-09-17 08:13:58,114500.0,Completed
PUR000418,C00557,2025-09-17 08:59:17,1996.0,Completed
PUR000419,C00297,2025-09-17 11:36:54,51200.0,Completed
PUR000420,C00470,2025-09-17 16:46:07,49850.0,Completed
PUR000421,C00063,2025-09-17 17:49:46,264000.0,Completed
PUR000422,C00659,2025-09-17 20:47:39,64000.0,Completed
PUR000423,C00662,2025-09-17 22:19:29,295000.0,Completed
PUR000424,C00057,2025-09-17 23:15:27,27500.0,Completed
PUR000425,C00153,2025-09-18 05:58:01,4300.0,Completed
PUR000426,C00031,2025-09-18 06:29:15,7800.0,Completed
PUR000427,C00026,2025-09-18 08:36:15,16700.0,Completed
PUR000428,C00302,2025-09-18 08:52:57,4047.0,Completed
PUR000429,C00466,2025-09-18 10:57:38,24500.0,Completed
PUR000430,C00166,2025-09-18 12:06:55,2550.0,Completed
PUR000431,C00576,2025-09-18 13:40:29,6250.0,Completed
PUR000432,C00014,2025-09-18 13:42:09,21000.0,Completed
PUR000433,C00424,2025-09-18 14:50:23,2450.0,Completed
PUR000434,C00523,2025-09-18 15:01:20,9000.0,Completed
PUR000435,C00331,2025-09-18 15:22:15,223000.0,Completed
PUR000436,C00370,2025-09-18 15:54:32,56400.0,Completed
PUR000437,C00075,2025-09-18 16:02:51,75500.0,Completed
PUR000438,C00348,2025-09-18 17:17:48,35800.0,Completed
PUR000439,C00129,2025-09-18 21:59:00,7750.0,Completed
PUR000440,C00140,2025-09-19 01:11:36,107350.0,Completed
PUR000441,C00518,2025-09-19 04:28:41,5600.0,Completed
PUR000442,C00731,2025-09-19 09:21:05,4196.0,Completed
PUR000443,C00689,2025-09-19 09:31:22,98800.0,Completed
PUR000444,C00153,2025-09-19 19:25:48,24650.0,Completed
PUR000445,C00681,2025-09-19 20:04:44,37000.0,Completed
PUR000446,C00261,2025-09-19 21:24:49,39200.0,Completed
PUR000447,C00374,2025-09-19 22:12:15,65000.0,Completed
PUR000448,C00359,2025-09-19 23:04:33,1250.0,Completed
PUR000449,C00292,2025-09-20 01:22:37,4500.0,Completed
PUR000450,C00167,2025-09-20 04:46:48,998.0,Completed
PUR000451,C00452,2025-09-20 10:01:15,85000.0,Completed
PUR000452,C00203,2025-09-20 11:23:07,1700.0,Completed
PUR000453,C00200,2025-09-20 12:46:49,79500.0,Completed
PUR000454,C00721,2025-09-20 15:05:58,3150.0,Completed
PUR000455,C00683,2025-09-20 17:32:43,7950.0,Completed
PUR000456,C00125,2025-09-20 17:40:27,168500.0,Completed
PUR000457,C00186,2025-09-20 17:44:06,8400.0,Completed
PUR000458,C00247,2025-09-20 19:28:05,11000.0,Completed
PUR000459,C00088,2025-09-20 20:25:27,331000.0,Completed
PUR000460,C00732,2025-09-20 22:31:40,13250.0,Completed
PUR000461,C00604,2025-09-20 23:01:36,18000.0,Completed
PUR000462,C00391,2025-09-21 01:06:41,6050.0,Completed
PUR000463,C00436,2025-09-21 01:25:23,14100.0,Completed
PUR000464,C00399,2025-09-21 02:29:56,64000.0,Completed
PUR000465,C00166,2025-09-21 03:10:47,19746.0,Completed
PUR000466,C00006,2025-09-21 04:43:21,2550.0,Completed
PUR000467,C00503,2025-09-21 05:06:25,15250.0,Completed
PUR000468,C00139,2025-09-21 06:09:14,29400.0,Completed
PUR000469,C00645,2025-09-21 06:42:24,182000.0,Completed
PUR000470,C00512,2025-09-21 13:09:45,104100.0,Completed
PUR000471,C00162,2025-09-21 14:52:41,29100.0,Completed
PUR000472,C00144,2025-09-21 16:18:16,40250.0,Completed
PUR000473,C00494,2025-09-21 17:36:23,11550.0,Completed
PUR000474,C00095,2025-09-21 19:27:01,23600.0,Completed
PUR000475,C00439,2025-09-21 20:27:31,1200.0,Completed
PUR000476,C00070,2025-09-21 20:39:25,194000.0,Completed
PUR000477,C00292,2025-09-21 21:57:57,46945.0,Completed
PUR000478,C00407,2025-09-21 22:28:02,11750.0,Completed
PUR000479,C00099,2025-09-22 00:30:01,17400.0,Completed
PUR000480,C00589,2025-09-22 03:05:47,31150.0,Completed
PUR000481,C00283,2025-09-22 03:34:28,26650.0,Completed
PUR000482,C00432,2025-09-22 03:48:26,6000.0,Completed
PUR000483,C00472,2025-09-22 06:17:15,20100.0,Completed
PUR000484,C00367,2025-09-22 06:59:35,65500.0,Completed
PUR000485,C00637,2025-09-22 07:51:15,25500.0,Completed
PUR000486,C00592,2025-09-22 07:56:50,27600.0,Completed
PUR000487,C00223,2025-09-22 08:58:11,2500.0,Completed
PUR000488,C00250,2025-09-22 09:09:01,4700.0,Completed
PUR000489,C00288,2025-09-22 12:19:36,18000.0,Completed
PUR000490,C00146,2025-09-22 13:35:54,1700.0,Completed
PUR000491,C00741,2025-09-22 13:42:35,37000.0,Completed
PUR000492,C00671,2025-09-22 16:39:49,17450.0,Completed
PUR000493,C00595,2025-09-22 19:38:37,14400.0,Completed
PUR000494,C00293,2025-09-22 20:17:46,14500.0,Completed
PUR000495,C00311,2025-09-22 20:50:09,3050.0,Completed
PUR000496,C00549,2025-09-22 20:52:57,95200.0,Completed
PUR000497,C00706,2025-09-22 21:28:02,246000.0,Completed
PUR000498,C00387,2025-09-22 23:28:30,33500.0,Completed
PUR000499,C00276,2025-09-22 23:32:18,7400.0,Completed
PUR000500,C00374,2025-09-23 03:40:35,267000.0,Completed
PUR000501,C00148,2025-09-23 03:43:30,32400.0,Completed
PUR000502,C00640,2025-09-23 03:50:10,102250.0,Completed
PUR000503,C00681,2025-09-23 05:02:55,78500.0,Completed
PUR000504,C00148,2025-09-23 08:46:26,29000.0,Completed
PUR000505,C00493,2025-09-23 09:00:36,4200.0,Completed
PUR000506,C00329,2025-09-23 17:36:13,3300.0,Completed
PUR000507,C00247,2025-09-23 17:54:38,4500.0,Completed
PUR000508,C00555,2025-09-23 19:00:39,50000.0,Completed
PUR000509,C00139,2025-09-23 22:59:06,23000.0,Completed
PUR000510,C00450,2025-09-24 01:47:43,9596.0,Completed
PUR000511,C00526,2025-09-24 02:31:02,2800.0,Completed
PUR000512,C00191,2025-09-24 03:38:51,10396.0,Completed
PUR000513,C00662,2025-09-24 04:23:02,14500.0,Completed
PUR000514,C00645,2025-09-24 05:03:31,93700.0,Completed
PUR000515,C00431,2025-09-24 07:46:34,29600.0,Completed
PUR000516,C00604,2025-09-24 07:59:41,14496.0,Completed
PUR000517,C00484,2025-09-24 08:39:46,19900.0,Completed
PUR000518,C00261,2025-09-24 10:25:32,167000.0,Completed
PUR000519,C00459,2025-09-24 11:11:13,8400.0,Completed
PUR000520,C00109,2025-09-24 11:17:34,18500.0,Completed
PUR000521,C00496,2025-09-24 12:11:18,85000.0,Completed
PUR000522,C00436,2025-09-24 12:42:56,4700.0,Completed
PUR000523,C00167,2025-09-24 15:44:45,73000.0,Completed
PUR000524,C00525,2025-09-24 17:30:48,13798.0,Completed
PUR000525,C00621,2025-09-25 03:24:36,29000.0,Completed
PUR000526,C00288,2025-09-25 04:37:47,11000.0,Completed
PUR000527,C00186,2025-09-25 05:13:57,19500.0,Completed
PUR000528,C00074,2025-09-25 06:49:14,49800.0,Completed
PUR000529,C00449,2025-09-25 10:22:05,1200.0,Completed
PUR000530,C00122,2025-09-25 11:36:13,25000.0,Completed
PUR000531,C00296,2025-09-25 11:42:52,5900.0,Completed
PUR000532,C00093,2025-09-25 12:48:48,1950.0,Completed
PUR000533,C00179,2025-09-25 13:27:39,2495.0,Completed
PUR000534,C00099,2025-09-25 13:36:30,44100.0,Completed
PUR000535,C00456,2025-09-25 18:55:51,21800.0,Completed
PUR000536,C00516,2025-09-25 21:54:36,56800.0,Completed
PUR000537,C00008,2025-09-25 21:54:56,37400.0,Completed
PUR000538,C00467,2025-09-26 05:17:19,37000.0,Completed
PUR000539,C00591,2025-09-26 07:04:12,50100.0,Completed
PUR000540,C00252,2025-09-26 08:48:08,9000.0,Completed
PUR000541,C00136,2025-09-26 12:17:39,3250.0,Completed
PUR000542,C00365,2025-09-26 12:48:36,4500.0,Completed
PUR000543,C00382,2025-09-26 12:53:43,85000.0,Completed
PUR000544,C00124,2025-09-26 13:34:04,10150.0,Completed
PUR000545,C00316,2025-09-26 14:58:02,168500.0,Completed
PUR000546,C00047,2025-09-26 15:22:35,100200.0,Completed
PUR000547,C00421,2025-09-27 02:01:08,4500.0,Completed
PUR000548,C00566,2025-09-27 03:15:28,20700.0,Completed
PUR000549,C00129,2025-09-27 04:06:42,3750.0,Completed
PUR000550,C00036,2025-09-27 05:27:21,26700.0,Completed
PUR000551,C00440,2025-09-27 06:33:13,9000.0,Completed
PUR000552,C00276,2025-09-27 06:45:37,26900.0,Completed
PUR000553,C00605,2025-09-27 08:29:19,181500.0,Completed
PUR000554,C00193,2025-09-27 10:30:43,37000.0,Completed
PUR000555,C00326,2025-09-27 10:51:27,1250.0,Completed
PUR000556,C00531,2025-09-27 11:42:58,1800.0,Completed
PUR000557,C00259,2025-09-27 12:56:30,2500.0,Completed
PUR000558,C00375,2025-09-27 18:50:27,22200.0,Completed
PUR000559,C00576,2025-09-27 19:17:09,5300.0,Completed
PUR000560,C00347,2025-09-27 20:59:08,29000.0,Completed
PUR000561,C00247,2025-09-27 21:21:22,3650.0,Completed
PUR000562,C00161,2025-09-27 21:44:28,11200.0,Completed
PUR000563,C00152,2025-09-27 22:39:50,249500.0,Completed
PUR000564,C00110,2025-09-27 22:58:27,24600.0,Completed
PUR000565,C00394,2025-09-28 00:34:04,184500.0,Completed
PUR000566,C00134,2025-09-28 02:44:45,16800.0,Completed
PUR000567,C00440,2025-09-28 03:00:10,4500.0,Completed
PUR000568,C00311,2025-09-28 03:29:25,9250.0,Completed
PUR000569,C00712,2025-09-28 03:35:37,6250.0,Completed
PUR000570,C00376,2025-09-28 03:36:09,7900.0,Completed
PUR000571,C00428,2025-09-28 03:37:30,43000.0,Completed
PUR000572,C00042,2025-09-28 03:39:30,8800.0,Completed
PUR000573,C00226,2025-09-28 06:33:29,27300.0,Completed
PUR000574,C00197,2025-09-28 07:22:37,18500.0,Completed
PUR000575,C00688,2025-09-28 07:30:43,19400.0,Completed
PUR000576,C00259,2025-09-28 08:40:19,2600.0,Completed
PUR000577,C00483,2025-09-28 10:38:17,3600.0,Completed
PUR000578,C00373,2025-09-28 16:33:56,11200.0,Completed
PUR000579,C00592,2025-09-28 19:06:40,46500.0,Completed
PUR000580,C00259,2025-09-28 20:00:09,19500.0,Completed
PUR000581,C00393,2025-09-28 21:31:19,69000.0,Completed
PUR000582,C00103,2025-09-29 00:18:15,9650.0,Completed
PUR000583,C00314,2025-09-29 00:30:32,37000.0,Completed
PUR000584,C00224,2025-09-29 00:44:07,12450.0,Completed
PUR000585,C00585,2025-09-29 01:19:53,16300.0,Completed
PUR000586,C00471,2025-09-29 09:09:51,130000.0,Completed
PUR000587,C00100,2025-09-29 09:12:39,35500.0,Completed
PUR000588,C00071,2025-09-29 09:55:48,59500.0,Completed
PUR000589,C00346,2025-09-29 14:45:19,6600.0,Completed
PUR000590,C00143,2025-09-29 20:16:33,32500.0,Completed
PUR000591,C00155,2025-09-29 21:50:47,42600.0,Completed
PUR000592,C00035,2025-09-29 22:42:17,9950.0,Completed
PUR000593,C00139,2025-09-29 23:40:59,112800.0,Completed
PUR000594,C00286,2025-09-30 01:06:01,18500.0,Completed
PUR000595,C00677,2025-09-30 02:47:21,9000.0,Completed
PUR000596,C00316,2025-09-30 09:20:12,226000.0,Completed
PUR000597,C00723,2025-09-30 13:00:48,27000.0,Completed
PUR000598,C00164,2025-09-30 13:30:36,23450.0,Completed
PUR000599,C00592,2025-09-30 15:09:44,14500.0,Completed
PUR000600,C00577,2025-09-30 21:12:26,202000.0,Completed
PUR000601,C00214,2025-09-30 21:30:42,48050.0,Completed
PUR000602,C00645,2025-10-01 00:13:25,18500.0,Completed
PUR000603,C00721,2025-10-01 00:38:27,4400.0,Completed
PUR000604,C00125,2025-10-01 00:48:30,29000.0,Completed
PUR000605,C00279,2025-10-01 00:58:57,8400.0,Completed
PUR000606,C00060,2025-10-01 01:09:03,280500.0,Completed
PUR000607,C00242,2025-10-01 01:27:04,32000.0,Completed
PUR000608,C00113,2025-10-01 01:30:54,14500.0,Completed
PUR000609,C00148,2025-10-01 02:31:12,170000.0,Completed
PUR000610,C00103,2025-10-01 02:57:30,9050.0,Completed
PUR000611,C00079,2025-10-01 03:22:52,12600.0,Completed
PUR000612,C00598,2025-10-01 04:01:11,186000.0,Completed
PUR000613,C00662,2025-10-01 04:22:46,13198.0,Completed
PUR000614,C00285,2025-10-01 04:59:23,12700.0,Completed
PUR000615,C00452,2025-10-01 05:25:20,103500.0,Completed
PUR000616,C00056,2025-10-01 05:40:13,3400.0,Completed
PUR000617,C00113,2025-10-01 05:53:44,3400.0,Completed
PUR000618,C00329,2025-10-01 06:33:18,12500.0,Completed
PUR000619,C00021,2025-10-01 08:29:38,29500.0,Completed
PUR000620,C00054,2025-10-01 09:35:25,105500.0,Completed
PUR000621,C00619,2025-10-01 09:43:34,29000.0,Completed
PUR000622,C00306,2025-10-01 10:00:29,1200.0,Completed
PUR000623,C00250,2025-10-01 10:41:55,37000.0,Completed
PUR000624,C00743,2025-10-01 10:49:33,6995.0,Completed
PUR000625,C00223,2025-10-01 11:17:08,13500.0,Completed
PUR000626,C00079,2025-10-01 11:21:58,31000.0,Completed
PUR000627,C00553,2025-10-01 11:34:39,9550.0,Completed
PUR000628,C00122,2025-10-01 12:15:21,8400.0,Completed
PUR000629,C00259,2025-10-01 12:25:08,25350.0,Completed
PUR000630,C00641,2025-10-01 12:53:05,21050.0,Completed
PUR000631,C00715,2025-10-01 14:52:16,2550.0,Completed
PUR000632,C00068,2025-10-01 18:30:25,110500.0,Completed
PUR000633,C00250,2025-10-01 18:54:07,23100.0,Completed
PUR000634,C00706,2025-10-01 19:08:01,64000.0,Completed
PUR000635,C00152,2025-10-01 19:29:34,65000.0,Completed
PUR000636,C00283,2025-10-01 20:05:15,6250.0,Completed
PUR000637,C00093,2025-10-01 21:24:06,138000.0,Completed
PUR000638,C00365,2025-10-01 21:52:41,249500.0,Completed
PUR000639,C00225,2025-10-01 22:28:06,96000.0,Completed
PUR000640,C00634,2025-10-01 23:10:15,22700.0,Completed
PUR000641,C00521,2025-10-02 00:01:23,4500.0,Completed
PUR000642,C00204,2025-10-02 00:33:01,16200.0,Completed
PUR000643,C00550,2025-10-02 01:26:09,25950.0,Completed
PUR000644,C00510,2025-10-02 01:33:01,194000.0,Completed
PUR000645,C00681,2025-10-02 02:09:22,21900.0,Completed
PUR000646,C00431,2025-10-02 03:10:29,5747.0,Completed
PUR000647,C00484,2025-10-02 03:14:19,31000.0,Completed
PUR000648,C00720,2025-10-02 03:36:53,3900.0,Completed
PUR000649,C00247,2025-10-02 04:30:16,5000.0,Completed
PUR000650,C00196,2025-10-02 04:50:31,102250.0,Completed
PUR000651,C00373,2025-10-02 05:04:09,2800.0,Completed
PUR000652,C00317,2025-10-02 07:56:21,37500.0,Completed
PUR000653,C00671,2025-10-02 08:37:41,1700.0,Completed
PUR000654,C00174,2025-10-02 11:20:15,2500.0,Completed
PUR000655,C00609,2025-10-02 11:57:21,13098.0,Completed
PUR000656,C00427,2025-10-02 12:48:00,85000.0,Completed
PUR000657,C00715,2025-10-02 14:33:30,18500.0,Completed
PUR000658,C00205,2025-10-02 15:42:01,9850.0,Completed
PUR000659,C00739,2025-10-02 15:53:21,13500.0,Completed
PUR000660,C00535,2025-10-02 16:05:06,13700.0,Completed
PUR000661,C00605,2025-10-02 17:44:12,54250.0,Completed
PUR000662,C00597,2025-10-02 18:15:58,32000.0,Completed
PUR000663,C00726,2025-10-02 20:14:04,9650.0,Completed
PUR000664,C00555,2025-10-02 21:15:08,197500.0,Completed
PUR000665,C00553,2025-10-02 21:27:48,59100.0,Completed
PUR000666,C00196,2025-10-03 00:42:41,29000.0,Completed
PUR000667,C00712,2025-10-03 00:58:25,9300.0,Completed
PUR000668,C00367,2025-10-03 01:27:13,4800.0,Completed
PUR000669,C00144,2025-10-03 02:48:17,64000.0,Completed
PUR000670,C00344,2025-10-03 05:11:18,18500.0,Completed
PUR000671,C00231,2025-10-03 05:25:04,2500.0,Completed
PUR000672,C00550,2025-10-03 05:40:41,41550.0,Completed
PUR000673,C00577,2025-10-03 06:52:49,65000.0,Completed
PUR000674,C00433,2025-10-03 07:30:57,35650.0,Completed
PUR000675,C00209,2025-10-03 08:09:22,170000.0,Completed
PUR000676,C00112,2025-10-03 09:01:00,11750.0,Completed
PUR000677,C00429,2025-10-03 09:41:01,998.0,Completed
PUR000678,C00670,2025-10-03 10:24:08,2400.0,Completed
PUR000679,C00068,2025-10-03 10:56:04,100500.0,Completed
PUR000680,C00334,2025-10-03 11:44:16,24000.0,Completed
PUR000681,C00645,2025-10-03 11:57:26,37500.0,Completed
PUR000682,C00201,2025-10-03 12:24:53,13800.0,Completed
PUR000683,C00136,2025-10-03 13:48:40,2200.0,Completed
PUR000684,C00293,2025-10-03 13:52:50,13500.0,Completed
PUR000685,C00162,2025-10-03 14:10:57,27100.0,Completed
PUR000686,C00224,2025-10-03 14:19:35,64000.0,Completed
PUR000687,C00536,2025-10-03 14:38:25,14000.0,Completed
PUR000688,C00350,2025-10-03 14:39:06,66000.0,Completed
PUR000689,C00682,2025-10-03 16:05:53,7600.0,Completed
PUR000690,C00680,2025-10-03 16:32:14,131000.0,Completed
PUR000691,C00042,2025-10-03 16:39:36,1950.0,Completed
PUR000692,C00060,2025-10-03 17:16:30,65000.0,Completed
PUR000693,C00329,2025-10-03 18:57:24,96000.0,Completed
PUR000694,C00032,2025-10-03 19:39:28,25000.0,Completed
PUR000695,C00178,2025-10-03 19:53:40,176500.0,Completed
PUR000696,C00134,2025-10-03 20:37:04,4500.0,Completed
PUR000697,C00013,2025-10-03 20:39:02,9150.0,Completed
PUR000698,C00411,2025-10-03 21:05:18,14500.0,Completed
PUR000699,C00645,2025-10-03 22:10:02,4200.0,Completed
PUR000700,C00663,2025-10-04 00:45:41,14500.0,Completed
PUR000701,C00352,2025-10-04 01:38:18,26100.0,Completed
PUR000702,C00433,2025-10-04 01:52:11,14500.0,Completed
PUR000703,C00580,2025-10-04 02:25:09,5700.0,Completed
PUR000704,C00157,2025-10-04 03:10:54,4500.0,Completed
PUR000705,C00588,2025-10-04 03:28:14,5250.0,Completed
PUR000706,C00301,2025-10-04 04:12:51,8400.0,Completed
PUR000707,C00209,2025-10-04 04:21:26,29000.0,Completed
PUR000708,C00249,2025-10-04 04:30:42,13500.0,Completed
PUR000709,C00212,2025-10-04 05:26:56,6250.0,Completed
PUR000710,C00169,2025-10-04 05:33:41,9900.0,Completed
PUR000711,C00742,2025-10-04 06:14:01,7850.0,Completed
PUR000712,C00285,2025-10-04 06:22:33,13500.0,Completed
PUR000713,C00103,2025-10-04 06:34:09,25000.0,Completed
PUR000714,C00725,2025-10-04 06:40:38,12500.0,Completed
PUR000715,C00465,2025-10-04 07:53:23,26095.0,Completed
PUR000716,C00201,2025-10-04 09:07:16,11800.0,Completed
PUR000717,C00288,2025-10-04 09:25:50,1800.0,Completed
PUR000718,C00531,2025-10-04 09:35:52,28300.0,Completed
PUR000719,C00433,2025-10-04 09:36:30,9000.0,Completed
PUR000720,C00249,2025-10-04 11:00:34,14700.0,Completed
PUR000721,C00520,2025-10-04 11:48:52,41750.0,Completed
PUR000722,C00088,2025-10-04 11:53:18,4500.0,Completed
PUR000723,C00693,2025-10-04 13:17:13,12200.0,Completed
PUR000724,C00706,2025-10-04 14:45:19,9000.0,Completed
PUR000725,C00181,2025-10-04 16:28:17,48100.0,Completed
PUR000726,C00659,2025-10-04 16:34:56,336000.0,Completed
PUR000727,C00183,2025-10-04 17:06:31,18000.0,Completed
PUR000728,C00277,2025-10-04 17:08:06,8400.0,Completed
PUR000729,C00702,2025-10-04 17:52:10,4300.0,Completed
PUR000730,C00737,2025-10-04 18:31:51,15300.0,Completed
PUR000731,C00100,2025-10-04 18:42:09,2200.0,Completed
PUR000732,C00631,2025-10-04 20:35:31,21400.0,Completed
PUR000733,C00301,2025-10-04 21:35:53,13500.0,Completed
PUR000734,C00566,2025-10-04 22:10:05,5750.0,Completed
PUR000735,C00310,2025-10-05 00:11:05,101000.0,Completed
PUR000736,C00216,2025-10-05 00:38:36,235000.0,Completed
PUR000737,C00650,2025-10-05 00:48:16,22300.0,Completed
PUR000738,C00626,2025-10-05 02:12:00,19395.0,Completed
PUR000739,C00435,2025-10-05 02:33:49,126000.0,Completed
PUR000740,C00257,2025-10-05 02:41:38,163000.0,Completed
PUR000741,C00532,2025-10-05 03:49:25,42000.0,Completed
PUR000742,C00182,2025-10-05 04:09:47,21000.0,Completed
PUR000743,C00285,2025-10-05 05:03:47,499.0,Completed
PUR000744,C00551,2025-10-05 05:26:32,149000.0,Completed
PUR000745,C00400,2025-10-05 05:35:06,10200.0,Completed
PUR000746,C00025,2025-10-05 05:46:33,3850.0,Completed
PUR000747,C00062,2025-10-05 06:20:38,97000.0,Completed
PUR000748,C00076,2025-10-05 06:39:07,106000.0,Completed
PUR000749,C00605,2025-10-05 07:31:56,14500.0,Completed
PUR000750,C00277,2025-10-05 08:58:06,3450.0,Completed
PUR000751,C00047,2025-10-05 09:46:29,37000.0,Completed
PUR000752,C00671,2025-10-05 10:21:29,3400.0,Completed
PUR000753,C00194,2025-10-05 11:32:19,6900.0,Completed
PUR000754,C00439,2025-10-05 12:32:49,18000.0,Completed
PUR000755,C00077,2025-10-05 14:56:32,130000.0,Completed
PUR000756,C00369,2025-10-05 15:17:18,16300.0,Completed
PUR000757,C00428,2025-10-05 15:23:58,5246.0,Completed
PUR000758,C00364,2025-10-05 15:33:42,59400.0,Completed
PUR000759,C00315,2025-10-05 15:45:21,45400.0,Completed
PUR000760,C00131,2025-10-05 16:39:43,45700.0,Completed
PUR000761,C00625,2025-10-05 17:21:33,46000.0,Completed
PUR000762,C00008,2025-10-05 18:18:25,66000.0,Completed
PUR000763,C00161,2025-10-05 19:04:04,16600.0,Completed
PUR000764,C00598,2025-10-05 20:31:25,5000.0,Completed
PUR000765,C00680,2025-10-05 21:48:33,68500.0,Completed
PUR000766,C00498,2025-10-05 22:55:28,271000.0,Completed
PUR000767,C00423,2025-10-06 01:18:48,5400.0,Completed
PUR000768,C00466,2025-10-06 01:33:11,43500.0,Completed
PUR000769,C00260,2025-10-06 01:35:14,74500.0,Completed
PUR000770,C00283,2025-10-06 02:46:52,12600.0,Completed
PUR000771,C00192,2025-10-06 03:02:05,2500.0,Completed
PUR000772,C00312,2025-10-06 04:21:47,7250.0,Completed
PUR000773,C00137,2025-10-06 04:24:01,170000.0,Completed
PUR000774,C00730,2025-10-06 04:52:27,80200.0,Completed
PUR000775,C00731,2025-10-06 05:13:44,50900.0,Completed
PUR000776,C00721,2025-10-06 06:55:31,2550.0,Completed
PUR000777,C00166,2025-10-06 06:58:35,6250.0,Completed
PUR000778,C00183,2025-10-06 08:02:35,144500.0,Completed
PUR000779,C00462,2025-10-06 08:40:09,96000.0,Completed
PUR000780,C00720,2025-10-06 09:23:57,2495.0,Completed
PUR000781,C00370,2025-10-06 09:24:04,8100.0,Completed
PUR000782,C00550,2025-10-06 10:11:02,5000.0,Completed
PUR000783,C00744,2025-10-06 12:33:35,8400.0,Completed
PUR000784,C00207,2025-10-06 13:33:11,13400.0,Completed
PUR000785,C00306,2025-10-06 15:04:33,6550.0,Completed
PUR000786,C00670,2025-10-06 15:06:39,16200.0,Completed
PUR000787,C00660,2025-10-06 15:41:14,12500.0,Completed
PUR000788,C00154,2025-10-06 15:41:27,2800.0,Completed
PUR000789,C00157,2025-10-06 15:48:18,13500.0,Completed
PUR000790,C00621,2025-10-06 16:55:51,21000.0,Completed
PUR000791,C00271,2025-10-06 17:27:20,1350.0,Completed
PUR000792,C00577,2025-10-06 17:44:32,1497.0,Completed
PUR000793,C00465,2025-10-06 19:57:23,1200.0,Completed
PUR000794,C00360,2025-10-06 20:38:31,34800.0,Completed
PUR000795,C00562,2025-10-06 21:05:28,40000.0,Completed
PUR000796,C00427,2025-10-06 22:22:22,85000.0,Completed
PUR000797,C00542,2025-10-06 22:57:59,14500.0,Completed
PUR000798,C00157,2025-10-06 23:17:17,32000.0,Completed
PUR000799,C00062,2025-10-06 23:48:17,125000.0,Completed
PUR000800,C00525,2025-10-07 01:11:25,13400.0,Completed
PUR000801,C00129,2025-10-07 02:03:49,17900.0,Completed
PUR000802,C00207,2025-10-07 02:13:14,1996.0,Completed
PUR000803,C00201,2025-10-07 02:21:35,1300.0,Completed
PUR000804,C00525,2025-10-07 02:22:36,3900.0,Completed
PUR000805,C00047,2025-10-07 02:36:58,9000.0,Completed
PUR000806,C00344,2025-10-07 02:42:36,66000.0,Completed
PUR000807,C00592,2025-10-07 04:04:12,37000.0,Completed
PUR000808,C00735,2025-10-07 04:15:20,1700.0,Completed
PUR000809,C00423,2025-10-07 04:25:54,37500.0,Completed
PUR000810,C00508,2025-10-07 04:39:59,69500.0,Completed
PUR000811,C00390,2025-10-07 07:16:52,1250.0,Completed
PUR000812,C00288,2025-10-07 07:24:40,26200.0,Completed
PUR000813,C00551,2025-10-07 09:02:40,14500.0,Completed
PUR000814,C00527,2025-10-07 10:18:03,20000.0,Completed
PUR000815,C00411,2025-10-07 10:47:33,130000.0,Completed
PUR000816,C00585,2025-10-07 13:58:15,21000.0,Completed
PUR000817,C00117,2025-10-07 14:52:42,25000.0,Completed
PUR000818,C00491,2025-10-07 15:41:08,129000.0,Completed
PUR000819,C00569,2025-10-07 16:43:57,2600.0,Completed
PUR000820,C00035,2025-10-07 16:49:16,3750.0,Completed
PUR000821,C00246,2025-10-07 17:00:17,4400.0,Completed
PUR000822,C00147,2025-10-07 17:33:22,4500.0,Completed
PUR000823,C00465,2025-10-07 20:29:27,2495.0,Completed
PUR000824,C00674,2025-10-07 20:37:56,247000.0,Completed
PUR000825,C00126,2025-10-07 20:46:55,16800.0,Completed
PUR000826,C00360,2025-10-07 22:12:22,19295.0,Completed
PUR000827,C00731,2025-10-07 22:25:33,146500.0,Completed
PUR000828,C00407,2025-10-07 22:28:58,5000.0,Completed
PUR000829,C00636,2025-10-07 23:00:24,10497.0,Completed
PUR000830,C00487,2025-10-08 00:33:50,6250.0,Completed
PUR000831,C00652,2025-10-08 01:54:11,4800.0,Completed
PUR000832,C00542,2025-10-08 02:24:44,247000.0,Completed
PUR000833,C00749,2025-10-08 02:26:04,65000.0,Completed
PUR000834,C00181,2025-10-08 03:46:55,96000.0,Completed
PUR000835,C00488,2025-10-08 05:45:45,29300.0,Completed
PUR000836,C00442,2025-10-08 06:16:06,11000.0,Completed
PUR000837,C00570,2025-10-08 06:54:13,5247.0,Completed
PUR000838,C00621,2025-10-08 07:05:16,194000.0,Completed
PUR000839,C00723,2025-10-08 08:40:44,37500.0,Completed
PUR000840,C00666,2025-10-08 08:45:57,33000.0,Completed
PUR000841,C00529,2025-10-08 08:54:11,850.0,Completed
PUR000842,C00663,2025-10-08 09:53:27,3600.0,Completed
PUR000843,C00067,2025-10-08 09:59:38,8400.0,Completed
PUR000844,C00099,2025-10-08 10:13:35,20495.0,Completed
PUR000845,C00090,2025-10-08 11:07:32,2800.0,Completed
PUR000846,C00214,2025-10-08 11:13:33,37000.0,Completed
PUR000847,C00265,2025-10-08 12:40:59,8250.0,Completed
PUR000848,C00301,2025-10-08 12:50:19,25000.0,Completed
PUR000849,C00604,2025-10-08 13:09:47,12845.0,Completed
PUR000850,C00716,2025-10-08 14:13:25,2650.0,Completed
PUR000851,C00019,2025-10-08 14:19:36,52000.0,Completed
PUR000852,C00048,2025-10-08 14:40:39,20950.0,Completed
PUR000853,C00516,2025-10-08 15:06:27,8400.0,Completed
PUR000854,C00749,2025-10-08 15:50:54,16500.0,Completed
PUR000855,C00401,2025-10-08 16:06:56,16250.0,Completed
PUR000856,C00671,2025-10-08 16:12:11,38150.0,Completed
PUR000857,C00285,2025-10-08 17:32:33,40298.0,Completed
PUR000858,C00318,2025-10-08 20:37:44,5000.0,Completed
PUR000859,C00435,2025-10-08 20:42:51,95000.0,Completed
PUR000860,C00270,2025-10-08 20:59:09,29000.0,Completed
PUR000861,C00265,2025-10-08 23:43:25,72400.0,Completed
PUR000862,C00671,2025-10-09 00:14:58,6450.0,Completed
PUR000863,C00035,2025-10-09 00:45:54,5600.0,Completed
PUR000864,C00563,2025-10-09 03:21:25,60500.0,Completed
PUR000865,C00155,2025-10-09 03:34:41,5400.0,Completed
PUR000866,C00033,2025-10-09 03:46:18,16800.0,Completed
PUR000867,C00105,2025-10-09 04:00:05,550.0,Completed
PUR000868,C00281,2025-10-09 06:00:27,11000.0,Completed
PUR000869,C00197,2025-10-09 07:33:22,122900.0,Completed
PUR000870,C00349,2025-10-09 07:42:14,1250.0,Completed
PUR000871,C00557,2025-10-09 09:10:52,7200.0,Completed
PUR000872,C00671,2025-10-09 10:01:59,21300.0,Completed
PUR000873,C00604,2025-10-09 10:48:00,16900.0,Completed
PUR000874,C00670,2025-10-09 11:14:34,11000.0,Completed
PUR000875,C00094,2025-10-09 16:37:03,2400.0,Completed
PUR000876,C00433,2025-10-09 17:02:05,16100.0,Completed
PUR000877,C00103,2025-10-09 17:27:18,26697.0,Completed
PUR000878,C00331,2025-10-09 17:40:56,29000.0,Completed
PUR000879,C00018,2025-10-09 19:24:48,12600.0,Completed
PUR000880,C00693,2025-10-09 21:52:46,45500.0,Completed
PUR000881,C00318,2025-10-09 22:10:02,9750.0,Completed
PUR000882,C00712,2025-10-10 00:01:37,1800.0,Completed
PUR000883,C00183,2025-10-10 00:23:02,40750.0,Completed
PUR000884,C00197,2025-10-10 00:44:24,226000.0,Completed
PUR000885,C00435,2025-10-10 01:00:24,101000.0,Completed
PUR000886,C00006,2025-10-10 01:47:47,12950.0,Completed
PUR000887,C00303,2025-10-10 01:57:06,29000.0,Completed
PUR000888,C00103,2025-10-10 02:56:17,18550.0,Completed
PUR000889,C00200,2025-10-10 03:44:22,29000.0,Completed
PUR000890,C00106,2025-10-10 04:08:29,56500.0,Completed
PUR000891,C00152,2025-10-10 04:20:34,32000.0,Completed
PUR000892,C00009,2025-10-10 05:17:16,43200.0,Completed
PUR000893,C00553,2025-10-10 05:44:47,31800.0,Completed
PUR000894,C00394,2025-10-10 05:46:39,126000.0,Completed
PUR000895,C00105,2025-10-10 06:10:59,41400.0,Completed
PUR000896,C00535,2025-10-10 07:15:12,6550.0,Completed
PUR000897,C00028,2025-10-10 07:56:56,2250.0,Completed
PUR000898,C00535,2025-10-10 08:48:11,24500.0,Completed
PUR000899,C00282,2025-10-10 09:04:54,998.0,Completed
PUR000900,C00380,2025-10-10 10:11:00,1800.0,Completed
PUR000901,C00212,2025-10-10 11:16:29,37500.0,Completed
PUR000902,C00478,2025-10-10 13:28:07,15195.0,Completed
PUR000903,C00191,2025-10-10 13:48:16,24300.0,Completed
PUR000904,C00168,2025-10-10 14:07:45,1250.0,Completed
PUR000905,C00005,2025-10-10 14:41:28,6700.0,Completed
PUR000906,C00516,2025-10-10 14:54:00,46500.0,Completed
PUR000907,C00155,2025-10-10 16:06:29,6300.0,Completed
PUR000908,C00008,2025-10-10 17:25:30,37000.0,Completed
PUR000909,C00432,2025-10-10 17:45:04,18500.0,Completed
PUR000910,C00634,2025-10-10 18:49:36,9500.0,Completed
PUR000911,C00507,2025-10-10 19:28:07,24450.0,Completed
PUR000912,C00447,2025-10-10 22:54:42,67600.0,Completed
PUR000913,C00687,2025-10-10 23:59:55,16200.0,Completed
PUR000914,C00365,2025-10-11 00:11:57,29000.0,Completed
PUR000915,C00227,2025-10-11 02:28:01,450.0,Completed
PUR000916,C00139,2025-10-11 03:15:11,16697.0,Completed
PUR000917,C00267,2025-10-11 03:51:02,5200.0,Completed
PUR000918,C00667,2025-10-11 04:23:41,226000.0,Completed
PUR000919,C00355,2025-10-11 07:12:07,12500.0,Completed
PUR000920,C00411,2025-10-11 07:13:16,64000.0,Completed
PUR000921,C00026,2025-10-11 08:22:56,18500.0,Completed
PUR000922,C00454,2025-10-11 08:26:19,14500.0,Completed
PUR000923,C00588,2025-10-11 08:53:01,12500.0,Completed
PUR000924,C00645,2025-10-11 09:44:19,29000.0,Completed
PUR000925,C00231,2025-10-11 09:49:04,5150.0,Completed
PUR000926,C00577,2025-10-11 10:39:43,65000.0,Completed
PUR000927,C00229,2025-10-11 10:43:03,8400.0,Completed
PUR000928,C00650,2025-10-11 12:33:54,17400.0,Completed
PUR000929,C00029,2025-10-11 12:44:04,2700.0,Completed
PUR000930,C00302,2025-10-11 13:31:49,2200.0,Completed
PUR000931,C00204,2025-10-11 14:13:31,3850.0,Completed
PUR000932,C00005,2025-10-11 14:16:51,5600.0,Completed
PUR000933,C00129,2025-10-11 14:31:08,37598.0,Completed
PUR000934,C00609,2025-10-11 15:57:36,106500.0,Completed
PUR000935,C00640,2025-10-11 16:09:33,9500.0,Completed
PUR000936,C00644,2025-10-11 19:18:10,150000.0,Completed
PUR000937,C00201,2025-10-11 19:35:09,5100.0,Completed
PUR000938,C00096,2025-10-11 19:35:54,65000.0,Completed
PUR000939,C00678,2025-10-11 20:00:40,9000.0,Completed
PUR000940,C00219,2025-10-11 21:21:57,24500.0,Completed
PUR000941,C00745,2025-10-11 22:03:29,27600.0,Completed
PUR000942,C00510,2025-10-12 00:21:08,129000.0,Completed
PUR000943,C00147,2025-10-12 00:55:09,6900.0,Completed
PUR000944,C00427,2025-10-12 01:25:25,29000.0,Completed
PUR000945,C00166,2025-10-12 01:52:27,5750.0,Completed
PUR000946,C00598,2025-10-12 01:54:41,37500.0,Completed
PUR000947,C00618,2025-10-12 03:12:05,37500.0,Completed
PUR000948,C00742,2025-10-12 05:16:59,60995.0,Completed
PUR000949,C00129,2025-10-12 07:11:56,2700.0,Completed
PUR000950,C00377,2025-10-12 07:30:40,9500.0,Completed
PUR000951,C00628,2025-10-12 11:02:46,18500.0,Completed
PUR000952,C00187,2025-10-12 11:57:55,29000.0,Completed
PUR000953,C00153,2025-10-12 13:50:36,4500.0,Completed
PUR000954,C00286,2025-10-12 14:39:06,33099.0,Completed
PUR000955,C00549,2025-10-12 14:48:34,9000.0,Completed
PUR000956,C00301,2025-10-12 15:14:36,3750.0,Completed
PUR000957,C00580,2025-10-12 15:55:55,3150.0,Completed
PUR000958,C00344,2025-10-12 16:25:50,130000.0,Completed
PUR000959,C00162,2025-10-12 17:11:25,17800.0,Completed
PUR000960,C00032,2025-10-12 18:12:00,102500.0,Completed
PUR000961,C00393,2025-10-12 18:55:18,18500.0,Completed
PUR000962,C00546,2025-10-12 19:44:48,4500.0,Completed
PUR000963,C00566,2025-10-12 21:54:03,4500.0,Completed
PUR000964,C00136,2025-10-12 22:02:11,29000.0,Completed
PUR000965,C00050,2025-10-13 00:20:48,65000.0,Completed
PUR000966,C00208,2025-10-13 00:56:05,29000.0,Completed
PUR000967,C00230,2025-10-13 03:13:03,170000.0,Completed
PUR000968,C00595,2025-10-13 03:44:37,18000.0,Completed
PUR000969,C00531,2025-10-13 04:29:32,3297.0,Completed
PUR000970,C00347,2025-10-13 04:42:04,37500.0,Completed
PUR000971,C00312,2025-10-13 05:01:46,202000.0,Completed
PUR000972,C00465,2025-10-13 06:21:49,9500.0,Completed
PUR000973,C00224,2025-10-13 06:28:03,14750.0,Completed
PUR000974,C00088,2025-10-13 06:51:29,18500.0,Completed
PUR000975,C00520,2025-10-13 07:40:57,56550.0,Completed
PUR000976,C00631,2025-10-13 11:32:10,5700.0,Completed
PUR000977,C00254,2025-10-13 11:36:41,8800.0,Completed
PUR000978,C00169,2025-10-13 11:53:03,29300.0,Completed
PUR000979,C00051,2025-10-13 12:42:39,9600.0,Completed
PUR000980,C00322,2025-10-13 13:35:30,3600.0,Completed
PUR000981,C00507,2025-10-13 14:38:23,15250.0,Completed
PUR000982,C00632,2025-10-13 17:24:36,19550.0,Completed
PUR000983,C00350,2025-10-13 18:16:24,151000.0,Completed
PUR000984,C00748,2025-10-13 18:18:16,51000.0,Completed
PUR000985,C00705,2025-10-13 18:44:00,1800.0,Completed
PUR000986,C00021,2025-10-13 19:04:36,9149.0,Completed
PUR000987,C00471,2025-10-13 19:37:31,114000.0,Completed
PUR000988,C00379,2025-10-13 20:19:41,18500.0,Completed
PUR000989,C00620,2025-10-13 20:31:18,11200.0,Completed
PUR000990,C00237,2025-10-13 20:48:39,4400.0,Completed
PUR000991,C00127,2025-10-13 21:49:10,36800.0,Completed
PUR000992,C00421,2025-10-13 22:08:42,47500.0,Completed
PUR000993,C00738,2025-10-14 00:03:01,1100.0,Completed
PUR000994,C00038,2025-10-14 00:24:36,40950.0,Completed
PUR000995,C00410,2025-10-14 02:05:53,163000.0,Completed
PUR000996,C00677,2025-10-14 02:11:47,83500.0,Completed
PUR000997,C00503,2025-10-14 02:16:00,4650.0,Completed
PUR000998,C00605,2025-10-14 03:43:28,336000.0,Completed
PUR000999,C00719,2025-10-14 04:43:12,10100.0,Completed
PUR001000,C00174,2025-10-14 05:13:58,12500.0,Completed
PUR001001,C00719,2025-10-14 06:03:49,3600.0,Completed
PUR001002,C00216,2025-10-14 07:16:43,57350.0,Completed
PUR001003,C00424,2025-10-14 08:33:28,24700.0,Completed
PUR001004,C00427,2025-10-14 08:44:33,96000.0,Completed
PUR001005,C00534,2025-10-14 08:53:38,13500.0,Completed
PUR001006,C00588,2025-10-14 09:25:51,3795.0,Completed
PUR001007,C00200,2025-10-14 09:41:58,37000.0,Completed
PUR001008,C00604,2025-10-14 10:11:13,6900.0,Completed
PUR001009,C00103,2025-10-14 10:29:16,17300.0,Completed
PUR001010,C00282,2025-10-14 10:33:27,21000.0,Completed
PUR001011,C00706,2025-10-14 10:34:55,49500.0,Completed
PUR001012,C00086,2025-10-14 11:10:22,37000.0,Completed
PUR001013,C00290,2025-10-14 11:14:30,5200.0,Completed
PUR001014,C00193,2025-10-14 12:22:38,85000.0,Completed
PUR001015,C00192,2025-10-14 15:15:32,5400.0,Completed
PUR001016,C00209,2025-10-14 15:25:17,30500.0,Completed
PUR001017,C00741,2025-10-14 18:29:05,70250.0,Completed
PUR001018,C00367,2025-10-14 18:31:37,24750.0,Completed
PUR001019,C00017,2025-10-14 19:53:11,64000.0,Completed
PUR001020,C00501,2025-10-14 21:07:49,2400.0,Completed
PUR001021,C00093,2025-10-14 21:44:31,11745.0,Completed
PUR001022,C00648,2025-10-14 22:01:14,1100.0,Completed
PUR001023,C00431,2025-10-14 22:05:29,37500.0,Completed
PUR001024,C00422,2025-10-14 23:55:57,14500.0,Completed
PUR001025,C00683,2025-10-15 00:28:17,129500.0,Completed
PUR001026,C00292,2025-10-15 01:06:23,20897.0,Completed
PUR001027,C00308,2025-10-15 01:24:02,4800.0,Completed
PUR001028,C00503,2025-10-15 01:31:08,1497.0,Completed
PUR001029,C00090,2025-10-15 02:36:14,17900.0,Completed
PUR001030,C00283,2025-10-15 03:37:27,37500.0,Completed
PUR001031,C00139,2025-10-15 04:20:37,2200.0,Completed
PUR001032,C00088,2025-10-15 05:49:08,50500.0,Completed
PUR001033,C00365,2025-10-15 05:50:38,4500.0,Completed
PUR001034,C00096,2025-10-15 06:02:14,16900.0,Completed
PUR001035,C00152,2025-10-15 08:21:59,114000.0,Completed
PUR001036,C00125,2025-10-15 08:38:07,234000.0,Completed
PUR001037,C00296,2025-10-15 08:49:24,29000.0,Completed
PUR001038,C00605,2025-10-15 11:05:07,3350.0,Completed
PUR001039,C00171,2025-10-15 11:28:48,18600.0,Completed
PUR001040,C00534,2025-10-15 11:31:47,4500.0,Completed
PUR001041,C00226,2025-10-15 11:53:40,8198.0,Completed
PUR001042,C00147,2025-10-15 12:45:59,30200.0,Completed
PUR001043,C00103,2025-10-15 14:35:42,13247.0,Completed
PUR001044,C00070,2025-10-15 17:13:13,56000.0,Completed
PUR001045,C00545,2025-10-15 17:53:46,11200.0,Completed
PUR001046,C00353,2025-10-15 19:12:54,9000.0,Completed
PUR001047,C00569,2025-10-15 20:31:53,3750.0,Completed
PUR001048,C00643,2025-10-15 21:27:33,1300.0,Completed
PUR001049,C00385,2025-10-15 21:38:02,18000.0,Completed
PUR001050,C00342,2025-10-15 23:59:16,5295.0,Completed
PUR001051,C00099,2025-10-16 00:34:46,13400.0,Completed
PUR001052,C00670,2025-10-16 02:03:24,10200.0,Completed
PUR001053,C00006,2025-10-16 03:13:28,17000.0,Completed
PUR001054,C00193,2025-10-16 03:20:02,94000.0,Completed
PUR001055,C00070,2025-10-16 05:15:01,4800.0,Completed
PUR001056,C00621,2025-10-16 05:41:49,14500.0,Completed
PUR001057,C00330,2025-10-16 05:42:48,66500.0,Completed
PUR001058,C00285,2025-10-16 06:55:52,23700.0,Completed
PUR001059,C00283,2025-10-16 07:03:52,12500.0,Completed
PUR001060,C00225,2025-10-16 07:07:04,7400.0,Completed
PUR001061,C00410,2025-10-16 08:17:08,29000.0,Completed
PUR001062,C00712,2025-10-16 08:21:22,1100.0,Completed
PUR001063,C00237,2025-10-16 08:39:34,65000.0,Completed
PUR001064,C00719,2025-10-16 08:57:10,11600.0,Completed
PUR001065,C00162,2025-10-16 09:09:58,3750.0,Completed
PUR001066,C00749,2025-10-16 09:26:00,47800.0,Completed
PUR001067,C00570,2025-10-16 09:40:29,20700.0,Completed
PUR001068,C00431,2025-10-16 10:00:05,37500.0,Completed
PUR001069,C00050,2025-10-16 10:15:59,102000.0,Completed
PUR001070,C00702,2025-10-16 10:30:27,9000.0,Completed
PUR001071,C00696,2025-10-16 10:42:53,162000.0,Completed
PUR001072,C00644,2025-10-16 11:32:40,6250.0,Completed
PUR001073,C00343,2025-10-16 12:50:30,40400.0,Completed
PUR001074,C00431,2025-10-16 17:01:51,8400.0,Completed
PUR001075,C00407,2025-10-16 17:46:28,3400.0,Completed
PUR001076,C00197,2025-10-16 18:36:35,14448.0,Completed
PUR001077,C00344,2025-10-16 18:42:59,37000.0,Completed
PUR001078,C00167,2025-10-16 18:45:08,4550.0,Completed
PUR001079,C00541,2025-10-16 18:54:53,93500.0,Completed
PUR001080,C00032,2025-10-16 19:23:21,5400.0,Completed
PUR001081,C00531,2025-10-16 19:35:00,4850.0,Completed
PUR001082,C00589,2025-10-16 20:56:44,64000.0,Completed
PUR001083,C00390,2025-10-17 01:18:48,231000.0,Completed
PUR001084,C00551,2025-10-17 01:48:15,85000.0,Completed
PUR001085,C00267,2025-10-17 02:04:09,2800.0,Completed
PUR001086,C00422,2025-10-17 03:09:48,6600.0,Completed
PUR001087,C00201,2025-10-17 03:31:42,12500.0,Completed
PUR001088,C00369,2025-10-17 03:42:54,14500.0,Completed
PUR001089,C00018,2025-10-17 04:35:02,78500.0,Completed
PUR001090,C00191,2025-10-17 05:41:36,4500.0,Completed
PUR001091,C00096,2025-10-17 06:23:46,181000.0,Completed
PUR001092,C00481,2025-10-17 07:55:37,42500.0,Completed
PUR001093,C00645,2025-10-17 08:45:07,27700.0,Completed
PUR001094,C00321,2025-10-17 09:30:12,13500.0,Completed
PUR001095,C00119,2025-10-17 09:37:56,14500.0,Completed
PUR001096,C00735,2025-10-17 09:47:11,41450.0,Completed
PUR001097,C00736,2025-10-17 10:07:31,9000.0,Completed
PUR001098,C00280,2025-10-17 10:45:40,8850.0,Completed
PUR001099,C00260,2025-10-17 10:47:11,2495.0,Completed
PUR001100,C00478,2025-10-17 13:55:33,37000.0,Completed
PUR001101,C00717,2025-10-17 14:12:39,15100.0,Completed
PUR001102,C00039,2025-10-17 14:20:08,5600.0,Completed
PUR001103,C00169,2025-10-17 14:34:51,1650.0,Completed
PUR001104,C00470,2025-10-17 15:39:00,4500.0,Completed
PUR001105,C00279,2025-10-17 15:50:54,25000.0,Completed
PUR001106,C00675,2025-10-17 16:50:40,97000.0,Completed
PUR001107,C00162,2025-10-17 17:57:14,10200.0,Completed
PUR001108,C00343,2025-10-17 18:07:17,32000.0,Completed
PUR001109,C00569,2025-10-17 18:22:53,9450.0,Completed
PUR001110,C00485,2025-10-17 18:30:24,7950.0,Completed
PUR001111,C00525,2025-10-17 19:00:16,22250.0,Completed
PUR001112,C00071,2025-10-17 20:15:15,170000.0,Completed
PUR001113,C00440,2025-10-17 20:49:44,2800.0,Completed
PUR001114,C00026,2025-10-17 21:31:59,304000.0,Completed
PUR001115,C00309,2025-10-17 22:18:40,1700.0,Completed
PUR001116,C00551,2025-10-17 22:29:27,34000.0,Completed
PUR001117,C00125,2025-10-17 22:32:23,168500.0,Completed
PUR001118,C00629,2025-10-17 23:06:10,1250.0,Completed
PUR001119,C00514,2025-10-17 23:18:03,17700.0,Completed
PUR001120,C00734,2025-10-18 02:12:37,4400.0,Completed
PUR001121,C00650,2025-10-18 04:07:13,12800.0,Completed
PUR001122,C00589,2025-10-18 04:33:23,4500.0,Completed
PUR001123,C00068,2025-10-18 04:57:04,33000.0,Completed
PUR001124,C00452,2025-10-18 05:07:38,37000.0,Completed
PUR001125,C00129,2025-10-18 05:23:09,37500.0,Completed
PUR001126,C00070,2025-10-18 07:45:37,167000.0,Completed
PUR001127,C00334,2025-10-18 07:58:36,14250.0,Completed
PUR001128,C00236,2025-10-18 08:21:27,5400.0,Completed
PUR001129,C00713,2025-10-18 09:14:26,17100.0,Completed
PUR001130,C00539,2025-10-18 09:35:38,30300.0,Completed
PUR001131,C00347,2025-10-18 09:36:39,18000.0,Completed
PUR001132,C00350,2025-10-18 09:49:02,49750.0,Completed
PUR001133,C00008,2025-10-18 10:41:14,85000.0,Completed
PUR001134,C00708,2025-10-18 10:43:58,8397.0,Completed
PUR001135,C00534,2025-10-18 11:04:39,18300.0,Completed
PUR001136,C00375,2025-10-18 11:13:06,11200.0,Completed
PUR001137,C00454,2025-10-18 11:30:42,2500.0,Completed
PUR001138,C00317,2025-10-18 11:53:17,32000.0,Completed
PUR001139,C00666,2025-10-18 12:16:24,13500.0,Completed
PUR001140,C00333,2025-10-18 12:50:49,5600.0,Completed
PUR001141,C00322,2025-10-18 13:10:46,100250.0,Completed
PUR001142,C00198,2025-10-18 13:56:39,4500.0,Completed
PUR001143,C00738,2025-10-18 14:03:39,2500.0,Completed
PUR001144,C00078,2025-10-18 14:22:03,4750.0,Completed
PUR001145,C00657,2025-10-18 14:33:54,8848.0,Completed
PUR001146,C00734,2025-10-18 14:53:45,134250.0,Completed
PUR001147,C00512,2025-10-18 15:14:00,2750.0,Completed
PUR001148,C00410,2025-10-18 15:26:56,164500.0,Completed
PUR001149,C00169,2025-10-18 16:58:23,33400.0,Completed
PUR001150,C00048,2025-10-18 17:07:53,2200.0,Completed
PUR001151,C00060,2025-10-18 18:18:38,34800.0,Completed
PUR001152,C00184,2025-10-18 18:44:55,42500.0,Completed
PUR001153,C00451,2025-10-18 20:21:18,5896.0,Completed
PUR001154,C00095,2025-10-18 20:40:16,1800.0,Completed
PUR001155,C00382,2025-10-18 20:55:22,103500.0,Completed
PUR001156,C00717,2025-10-18 21:59:17,60950.0,Completed
PUR001157,C00696,2025-10-18 22:09:54,18000.0,Completed
PUR001158,C00334,2025-10-19 00:01:03,53300.0,Completed
PUR001159,C00499,2025-10-19 00:16:33,8400.0,Completed
PUR001160,C00218,2025-10-19 00:23:47,499.0,Completed
PUR001161,C00452,2025-10-19 00:50:00,96000.0,Completed
PUR001162,C00212,2025-10-19 01:03:18,47000.0,Completed
PUR001163,C00276,2025-10-19 01:48:31,7996.0,Completed
PUR001164,C00720,2025-10-19 02:25:19,4500.0,Completed
PUR001165,C00382,2025-10-19 02:38:15,32000.0,Completed
PUR001166,C00169,2025-10-19 05:08:53,8400.0,Completed
PUR001167,C00721,2025-10-19 05:44:17,50500.0,Completed
PUR001168,C00060,2025-10-19 06:21:13,5600.0,Completed
PUR001169,C00710,2025-10-19 06:23:12,37500.0,Completed
PUR001170,C00639,2025-10-19 07:52:18,16300.0,Completed
PUR001171,C00338,2025-10-19 08:05:10,19100.0,Completed
PUR001172,C00523,2025-10-19 08:55:11,56000.0,Completed
PUR001173,C00209,2025-10-19 11:05:09,207000.0,Completed
PUR001174,C00100,2025-10-19 13:50:15,64000.0,Completed
PUR001175,C00439,2025-10-19 14:11:03,11250.0,Completed
PUR001176,C00178,2025-10-19 15:23:50,29000.0,Completed
PUR001177,C00534,2025-10-19 15:47:26,4500.0,Completed
PUR001178,C00707,2025-10-19 17:30:43,69000.0,Completed
PUR001179,C00470,2025-10-19 19:54:27,14500.0,Completed
PUR001180,C00228,2025-10-19 21:25:24,4500.0,Completed
PUR001181,C00346,2025-10-20 01:13:31,6000.0,Completed
PUR001182,C00225,2025-10-20 01:39:24,16900.0,Completed
PUR001183,C00620,2025-10-20 03:45:24,27100.0,Completed
PUR001184,C00288,2025-10-20 03:48:20,12300.0,Completed
PUR001185,C00719,2025-10-20 05:06:32,3250.0,Completed
PUR001186,C00103,2025-10-20 05:50:52,1650.0,Completed
PUR001187,C00015,2025-10-20 06:00:01,50500.0,Completed
PUR001188,C00689,2025-10-20 07:10:50,18500.0,Completed
PUR001189,C00390,2025-10-20 07:18:37,23800.0,Completed
PUR001190,C00503,2025-10-20 08:02:55,13950.0,Completed
PUR001191,C00459,2025-10-20 08:14:01,3400.0,Completed
PUR001192,C00028,2025-10-20 09:14:33,9000.0,Completed
PUR001193,C00422,2025-10-20 09:42:09,96000.0,Completed
PUR001194,C00702,2025-10-20 11:29:46,38000.0,Completed
PUR001195,C00183,2025-10-20 11:50:00,182000.0,Completed
PUR001196,C00501,2025-10-20 12:29:26,31600.0,Completed
PUR001197,C00589,2025-10-20 12:49:36,3750.0,Completed
PUR001198,C00292,2025-10-20 13:31:56,25700.0,Completed
PUR001199,C00734,2025-10-20 13:34:42,1996.0,Completed
PUR001200,C00555,2025-10-20 13:46:04,49250.0,Completed
PUR001201,C00058,2025-10-20 13:52:53,32000.0,Completed
PUR001202,C00089,2025-10-20 17:02:17,114500.0,Completed
PUR001203,C00237,2025-10-20 18:50:19,499.0,Completed
PUR001204,C00388,2025-10-20 19:22:49,6600.0,Completed
PUR001205,C00670,2025-10-20 19:43:53,5700.0,Completed
PUR001206,C00368,2025-10-20 20:10:38,10450.0,Completed
PUR001207,C00042,2025-10-20 20:18:47,8400.0,Completed
PUR001208,C00732,2025-10-20 20:22:04,5600.0,Completed
PUR001209,C00273,2025-10-20 20:57:09,9900.0,Completed
PUR001210,C00411,2025-10-20 22:38:13,234000.0,Completed
PUR001211,C00674,2025-10-21 00:24:41,51500.0,Completed
PUR001212,C00582,2025-10-21 01:41:51,4050.0,Completed
PUR001213,C00407,2025-10-21 01:42:17,1800.0,Completed
PUR001214,C00488,2025-10-21 02:06:39,69600.0,Completed
PUR001215,C00484,2025-10-21 03:31:20,9000.0,Completed
PUR001216,C00374,2025-10-21 04:23:39,20450.0,Completed
PUR001217,C00553,2025-10-21 04:46:41,14500.0,Completed
PUR001218,C00712,2025-10-21 05:25:57,8800.0,Completed
PUR001219,C00382,2025-10-21 06:08:45,29000.0,Completed
PUR001220,C00272,2025-10-21 07:00:37,9000.0,Completed
PUR001221,C00070,2025-10-21 08:44:44,18500.0,Completed
PUR001222,C00688,2025-10-21 08:55:35,47500.0,Completed
PUR001223,C00233,2025-10-21 09:08:47,5600.0,Completed
PUR001224,C00484,2025-10-21 09:22:58,13200.0,Completed
PUR001225,C00134,2025-10-21 10:50:35,1650.0,Completed
PUR001226,C00346,2025-10-21 11:06:35,9800.0,Completed
PUR001227,C00206,2025-10-21 11:11:48,10100.0,Completed
PUR001228,C00421,2025-10-21 11:35:01,21350.0,Completed
PUR001229,C00225,2025-10-21 11:40:14,6700.0,Completed
PUR001230,C00041,2025-10-21 11:52:59,105000.0,Completed
PUR001231,C00447,2025-10-21 11:59:17,38750.0,Completed
PUR001232,C00393,2025-10-21 12:02:13,29000.0,Completed
PUR001233,C00553,2025-10-21 12:45:04,2200.0,Completed
PUR001234,C00464,2025-10-21 13:02:23,96000.0,Completed
PUR001235,C00027,2025-10-21 13:54:17,35300.0,Completed
PUR001236,C00240,2025-10-21 14:27:34,46100.0,Completed
PUR001237,C00242,2025-10-21 15:47:48,18000.0,Completed
PUR001238,C00302,2025-10-21 15:54:31,14500.0,Completed
PUR001239,C00099,2025-10-21 16:48:07,14500.0,Completed
PUR001240,C00406,2025-10-21 16:56:13,9500.0,Completed
PUR001241,C00383,2025-10-21 17:49:04,17200.0,Completed
PUR001242,C00511,2025-10-21 17:49:25,16800.0,Completed
PUR001243,C00166,2025-10-21 18:05:23,17600.0,Completed
PUR001244,C00202,2025-10-21 18:35:15,130000.0,Completed
PUR001245,C00737,2025-10-21 18:37:33,6100.0,Completed
PUR001246,C00723,2025-10-21 20:25:51,8450.0,Completed
PUR001247,C00166,2025-10-21 20:57:36,11200.0,Completed
PUR001248,C00109,2025-10-21 21:44:40,202000.0,Completed
PUR001249,C00620,2025-10-21 23:06:31,18000.0,Completed
PUR001250,C00600,2025-10-21 23:58:12,5900.0,Completed
PUR001251,C00593,2025-10-22 00:32:53,7950.0,Completed
PUR001252,C00512,2025-10-22 01:47:53,14500.0,Completed
PUR001253,C00166,2025-10-22 02:06:08,105000.0,Completed
PUR001254,C00327,2025-10-22 02:55:41,12600.0,Completed
PUR001255,C00557,2025-10-22 03:34:41,22900.0,Completed
PUR001256,C00071,2025-10-22 04:17:09,40000.0,Completed
PUR001257,C00628,2025-10-22 04:34:00,40300.0,Completed
PUR001258,C00741,2025-10-22 05:05:45,25000.0,Completed
PUR001259,C00187,2025-10-22 07:54:54,18500.0,Completed
PUR001260,C00191,2025-10-22 08:13:05,3850.0,Completed
PUR001261,C00419,2025-10-22 08:18:10,14500.0,Completed
PUR001262,C00375,2025-10-22 08:35:15,5000.0,Completed
PUR001263,C00666,2025-10-22 08:40:56,8400.0,Completed
PUR001264,C00483,2025-10-22 09:44:10,15300.0,Completed
PUR001265,C00549,2025-10-22 11:20:13,16300.0,Completed
PUR001266,C00175,2025-10-22 11:29:00,96000.0,Completed
PUR001267,C00346,2025-10-22 12:40:06,8800.0,Completed
PUR001268,C00486,2025-10-22 12:41:20,4200.0,Completed
PUR001269,C00129,2025-10-22 15:13:41,9000.0,Completed
PUR001270,C00146,2025-10-22 15:30:40,103000.0,Completed
PUR001271,C00671,2025-10-22 16:22:08,14500.0,Completed
PUR001272,C00242,2025-10-22 16:56:46,18000.0,Completed
PUR001273,C00036,2025-10-22 18:04:37,28750.0,Completed
PUR001274,C00598,2025-10-22 20:00:16,3750.0,Completed
PUR001275,C00139,2025-10-22 20:13:33,14500.0,Completed
PUR001276,C00191,2025-10-22 21:43:01,14000.0,Completed
PUR001277,C00533,2025-10-22 22:53:14,9000.0,Completed
PUR001278,C00206,2025-10-22 23:51:41,23500.0,Completed
PUR001279,C00225,2025-10-23 00:48:59,1900.0,Completed
PUR001280,C00655,2025-10-23 03:00:40,6550.0,Completed
PUR001281,C00612,2025-10-23 03:50:05,18500.0,Completed
PUR001282,C00681,2025-10-23 04:44:17,120100.0,Completed
PUR001283,C00592,2025-10-23 05:05:50,14500.0,Completed
PUR001284,C00100,2025-10-23 05:27:10,16800.0,Completed
PUR001285,C00167,2025-10-23 06:29:24,4500.0,Completed
PUR001286,C00288,2025-10-23 10:47:57,33550.0,Completed
PUR001287,C00707,2025-10-23 11:27:32,18500.0,Completed
PUR001288,C00166,2025-10-23 13:28:27,13500.0,Completed
PUR001289,C00399,2025-10-23 14:51:04,46500.0,Completed
PUR001290,C00216,2025-10-23 15:06:59,66000.0,Completed
PUR001291,C00200,2025-10-23 15:22:36,41750.0,Completed
PUR001292,C00544,2025-10-23 15:38:35,5600.0,Completed
PUR001293,C00633,2025-10-23 16:44:39,150000.0,Completed
PUR001294,C00641,2025-10-23 17:13:47,18000.0,Completed
PUR001295,C00678,2025-10-23 17:48:47,2250.0,Completed
PUR001296,C00164,2025-10-23 17:55:17,87000.0,Completed
PUR001297,C00211,2025-10-23 20:19:20,12600.0,Completed
PUR001298,C00419,2025-10-23 20:46:12,6100.0,Completed
PUR001299,C00671,2025-10-23 21:16:05,34000.0,Completed
PUR001300,C00225,2025-10-23 22:05:39,4500.0,Completed
PUR001301,C00613,2025-10-23 22:13:46,2600.0,Completed
PUR001302,C00125,2025-10-23 22:21:13,4500.0,Completed
PUR001303,C00151,2025-10-23 22:44:31,100200.0,Completed
PUR001304,C00229,2025-10-23 22:54:52,10500.0,Completed
PUR001305,C00531,2025-10-23 23:46:45,13500.0,Completed
PUR001306,C00383,2025-10-24 00:43:25,5400.0,Completed
PUR001307,C00109,2025-10-24 01:26:17,40400.0,Completed
PUR001308,C00394,2025-10-24 02:05:13,28600.0,Completed
PUR001309,C00260,2025-10-24 02:11:37,9000.0,Completed
PUR001310,C00561,2025-10-24 02:43:39,9000.0,Completed
PUR001311,C00302,2025-10-24 06:15:07,52000.0,Completed
PUR001312,C00100,2025-10-24 07:23:40,2495.0,Completed
PUR001313,C00346,2025-10-24 07:48:48,3196.0,Completed
PUR001314,C00576,2025-10-24 08:23:45,4500.0,Completed
PUR001315,C00541,2025-10-24 08:30:46,300000.0,Completed
PUR001316,C00416,2025-10-24 08:41:22,95250.0,Completed
PUR001317,C00382,2025-10-24 11:38:18,14500.0,Completed
PUR001318,C00131,2025-10-24 12:18:58,25800.0,Completed
PUR001319,C00312,2025-10-24 13:09:39,8400.0,Completed
PUR001320,C00008,2025-10-24 15:18:32,18500.0,Completed
PUR001321,C00094,2025-10-24 15:53:36,96000.0,Completed
PUR001322,C00390,2025-10-24 18:24:20,14600.0,Completed
PUR001323,C00480,2025-10-24 18:57:47,15000.0,Completed
PUR001324,C00233,2025-10-24 19:16:24,21300.0,Completed
PUR001325,C00288,2025-10-24 19:29:03,14900.0,Completed
PUR001326,C00645,2025-10-24 19:30:47,96000.0,Completed
PUR001327,C00106,2025-10-24 19:53:16,50500.0,Completed
PUR001328,C00109,2025-10-24 20:51:06,64000.0,Completed
PUR001329,C00729,2025-10-24 22:27:24,3150.0,Completed
PUR001330,C00529,2025-10-24 22:59:11,13500.0,Completed
PUR001331,C00309,2025-10-24 23:13:44,5200.0,Completed
PUR001332,C00090,2025-10-24 23:49:38,23500.0,Completed
PUR001333,C00149,2025-10-25 00:06:52,4800.0,Completed
PUR001334,C00563,2025-10-25 01:13:24,13500.0,Completed
PUR001335,C00360,2025-10-25 01:51:44,4500.0,Completed
PUR001336,C00268,2025-10-25 02:19:11,14500.0,Completed
PUR001337,C00134,2025-10-25 02:41:33,21000.0,Completed
PUR001338,C00416,2025-10-25 02:44:48,146500.0,Completed
PUR001339,C00706,2025-10-25 03:42:46,129000.0,Completed
PUR001340,C00166,2025-10-25 04:05:05,5650.0,Completed
PUR001341,C00707,2025-10-25 06:35:47,85000.0,Completed
PUR001342,C00180,2025-10-25 07:32:30,179000.0,Completed
PUR001343,C00557,2025-10-25 07:57:03,38700.0,Completed
PUR001344,C00631,2025-10-25 07:59:14,2600.0,Completed
PUR001345,C00267,2025-10-25 09:11:28,12750.0,Completed
PUR001346,C00268,2025-10-25 09:16:49,60600.0,Completed
PUR001347,C00665,2025-10-25 10:52:07,249500.0,Completed
PUR001348,C00095,2025-10-25 11:43:16,29000.0,Completed
PUR001349,C00148,2025-10-25 12:39:12,96000.0,Completed
PUR001350,C00439,2025-10-25 13:01:44,41600.0,Completed
PUR001351,C00667,2025-10-25 13:57:01,29000.0,Completed
PUR001352,C00689,2025-10-25 14:19:36,14500.0,Completed
PUR001353,C00393,2025-10-25 14:47:54,37000.0,Completed
PUR001354,C00050,2025-10-25 15:59:50,244500.0,Completed
PUR001355,C00195,2025-10-25 16:04:20,2600.0,Completed
PUR001356,C00252,2025-10-25 19:05:00,2750.0,Completed
PUR001357,C00353,2025-10-25 19:55:22,68250.0,Completed
PUR001358,C00440,2025-10-25 20:23:26,36500.0,Completed
PUR001359,C00649,2025-10-25 21:36:22,59100.0,Completed
PUR001360,C00718,2025-10-25 22:13:22,25000.0,Completed
PUR001361,C00510,2025-10-25 22:42:43,67000.0,Completed
PUR001362,C00219,2025-10-25 22:44:29,3850.0,Completed
PUR001363,C00719,2025-10-25 23:25:00,4200.0,Completed
PUR001364,C00071,2025-10-26 00:36:50,154000.0,Completed
PUR001365,C00334,2025-10-26 01:14:41,5000.0,Completed
PUR001366,C00306,2025-10-26 02:55:13,20295.0,Completed
PUR001367,C00570,2025-10-26 03:36:17,7350.0,Completed
PUR001368,C00398,2025-10-26 05:54:22,16800.0,Completed
PUR001369,C00070,2025-10-26 06:20:02,170000.0,Completed
PUR001370,C00249,2025-10-26 06:55:39,96000.0,Completed
PUR001371,C00370,2025-10-26 07:06:41,11800.0,Completed
PUR001372,C00226,2025-10-26 08:48:08,25700.0,Completed
PUR001373,C00187,2025-10-26 09:17:56,35500.0,Completed
PUR001374,C00527,2025-10-26 10:03:28,1900.0,Completed
PUR001375,C00022,2025-10-26 11:53:44,14500.0,Completed
PUR001376,C00559,2025-10-26 13:20:36,5000.0,Completed
PUR001377,C00257,2025-10-26 13:29:12,136500.0,Completed
PUR001378,C00255,2025-10-26 13:38:30,9000.0,Completed
PUR001379,C00365,2025-10-26 14:40:59,234000.0,Completed
PUR001380,C00544,2025-10-26 14:46:27,550.0,Completed
PUR001381,C00039,2025-10-26 15:08:24,5600.0,Completed
PUR001382,C00173,2025-10-26 18:02:52,18000.0,Completed
PUR001383,C00140,2025-10-26 18:21:03,45400.0,Completed
PUR001384,C00178,2025-10-26 18:59:49,18500.0,Completed
PUR001385,C00197,2025-10-26 19:02:07,103500.0,Completed
PUR001386,C00736,2025-10-26 19:29:39,4500.0,Completed
PUR001387,C00303,2025-10-26 20:06:04,130000.0,Completed
PUR001388,C00436,2025-10-26 20:56:27,3850.0,Completed
PUR001389,C00068,2025-10-26 21:37:45,37000.0,Completed
PUR001390,C00270,2025-10-26 22:33:05,1650.0,Completed
PUR001391,C00512,2025-10-26 22:35:21,12500.0,Completed
PUR001392,C00227,2025-10-26 23:01:16,11200.0,Completed
PUR001393,C00111,2025-10-26 23:12:25,78800.0,Completed
PUR001394,C00501,2025-10-26 23:34:02,3400.0,Completed
PUR001395,C00749,2025-10-26 23:50:10,9350.0,Completed
PUR001396,C00042,2025-10-27 00:02:18,4800.0,Completed
PUR001397,C00194,2025-10-27 00:47:38,66800.0,Completed
PUR001398,C00719,2025-10-27 01:09:32,5748.0,Completed
PUR001399,C00227,2025-10-27 01:19:42,1497.0,Completed
PUR001400,C00472,2025-10-27 03:38:57,61700.0,Completed
PUR001401,C00306,2025-10-27 05:30:47,8650.0,Completed
PUR001402,C00259,2025-10-27 05:41:53,5000.0,Completed
PUR001403,C00486,2025-10-27 06:10:15,133500.0,Completed
PUR001404,C00134,2025-10-27 07:16:08,4250.0,Completed
PUR001405,C00707,2025-10-27 07:59:55,234000.0,Completed
PUR001406,C00451,2025-10-27 08:25:04,2600.0,Completed
PUR001407,C00550,2025-10-27 08:28:27,18000.0,Completed
PUR001408,C00309,2025-10-27 10:15:57,37500.0,Completed
PUR001409,C00349,2025-10-27 14:18:48,81800.0,Completed
PUR001410,C00616,2025-10-27 14:51:39,113400.0,Completed
PUR001411,C00043,2025-10-27 15:19:27,18000.0,Completed
PUR001412,C00026,2025-10-27 16:15:18,48200.0,Completed
PUR001413,C00576,2025-10-27 17:59:41,3400.0,Completed
PUR001414,C00444,2025-10-27 18:08:57,133500.0,Completed
PUR001415,C00521,2025-10-27 18:28:54,37000.0,Completed
PUR001416,C00440,2025-10-27 19:01:10,78500.0,Completed
PUR001417,C00648,2025-10-27 19:10:01,15700.0,Completed
PUR001418,C00683,2025-10-27 19:12:01,13500.0,Completed
PUR001419,C00665,2025-10-27 19:23:09,5600.0,Completed
PUR001420,C00524,2025-10-27 20:27:56,45600.0,Completed
PUR001421,C00659,2025-10-27 20:31:10,61000.0,Completed
PUR001422,C00539,2025-10-27 20:54:30,32396.0,Completed
PUR001423,C00022,2025-10-27 21:17:47,13500.0,Completed
PUR001424,C00244,2025-10-27 21:36:01,1950.0,Completed
PUR001425,C00514,2025-10-27 22:11:42,27000.0,Completed
PUR001426,C00285,2025-10-27 22:57:06,4500.0,Completed
PUR001427,C00223,2025-10-27 22:57:55,19800.0,Completed
PUR001428,C00330,2025-10-27 23:20:19,114000.0,Completed
PUR001429,C00076,2025-10-27 23:41:09,60400.0,Completed
PUR001430,C00560,2025-10-27 23:57:19,84200.0,Completed
PUR001431,C00147,2025-10-28 01:36:45,13400.0,Completed
PUR001432,C00642,2025-10-28 02:34:27,37600.0,Completed
PUR001433,C00206,2025-10-28 03:14:16,96000.0,Completed
PUR001434,C00355,2025-10-28 03:41:32,3600.0,Completed
PUR001435,C00404,2025-10-28 04:18:33,4500.0,Completed
PUR001436,C00395,2025-10-28 05:05:31,2500.0,Completed
PUR001437,C00586,2025-10-28 06:23:21,130000.0,Completed
PUR001438,C00736,2025-10-28 07:09:48,55500.0,Completed
PUR001439,C00704,2025-10-28 07:39:38,18296.0,Completed
PUR001440,C00103,2025-10-28 08:05:36,3800.0,Completed
PUR001441,C00157,2025-10-28 08:24:12,26900.0,Completed
PUR001442,C00179,2025-10-28 09:03:56,998.0,Completed
PUR001443,C00276,2025-10-28 09:10:52,11000.0,Completed
PUR001444,C00220,2025-10-28 09:17:03,103700.0,Completed
PUR001445,C00095,2025-10-28 09:19:15,5200.0,Completed
PUR001446,C00140,2025-10-28 10:24:49,2200.0,Completed
PUR001447,C00288,2025-10-28 11:35:39,13600.0,Completed
PUR001448,C00079,2025-10-28 11:41:04,18750.0,Completed
PUR001449,C00486,2025-10-28 12:10:03,4800.0,Completed
PUR001450,C00742,2025-10-28 13:31:22,93000.0,Completed
PUR001451,C00158,2025-10-28 13:41:45,9000.0,Completed
PUR001452,C00005,2025-10-28 14:06:07,25200.0,Completed
PUR001453,C00604,2025-10-28 14:59:15,12500.0,Completed
PUR001454,C00614,2025-10-28 15:36:41,5200.0,Completed
PUR001455,C00183,2025-10-28 16:04:39,125000.0,Completed
PUR001456,C00655,2025-10-28 16:12:21,16800.0,Completed
PUR001457,C00665,2025-10-28 16:20:19,34000.0,Completed
PUR001458,C00427,2025-10-28 17:35:02,20100.0,Completed
PUR001459,C00041,2025-10-28 17:48:34,37000.0,Completed
PUR001460,C00576,2025-10-28 18:55:35,18998.0,Completed
PUR001461,C00680,2025-10-28 20:38:54,130000.0,Completed
PUR001462,C00325,2025-10-28 20:43:00,2800.0,Completed
PUR001463,C00744,2025-10-28 20:48:43,850.0,Completed
PUR001464,C00429,2025-10-28 21:24:49,21000.0,Completed
PUR001465,C00230,2025-10-28 21:33:33,3800.0,Completed
PUR001466,C00333,2025-10-28 22:16:30,5700.0,Completed
PUR001467,C00723,2025-10-28 22:44:22,12500.0,Completed
PUR001468,C00555,2025-10-28 23:24:05,1250.0,Completed
PUR001469,C00112,2025-10-28 23:28:41,3800.0,Completed
PUR001470,C00144,2025-10-28 23:41:12,3750.0,Completed
PUR001471,C00632,2025-10-28 23:53:36,27896.0,Completed
PUR001472,C00650,2025-10-29 00:20:44,7200.0,Completed
PUR001473,C00636,2025-10-29 00:21:09,21000.0,Completed
PUR001474,C00667,2025-10-29 00:24:22,19800.0,Completed
PUR001475,C00351,2025-10-29 00:42:47,29000.0,Completed
PUR001476,C00094,2025-10-29 02:48:04,18000.0,Completed
PUR001477,C00013,2025-10-29 04:02:35,1497.0,Completed
PUR001478,C00039,2025-10-29 05:31:02,42400.0,Completed
PUR001479,C00265,2025-10-29 06:53:47,10800.0,Completed
PUR001480,C00609,2025-10-29 07:13:51,5400.0,Completed
PUR001481,C00695,2025-10-29 07:43:05,2200.0,Completed
PUR001482,C00679,2025-10-29 08:04:44,28750.0,Completed
PUR001483,C00189,2025-10-29 08:59:41,68300.0,Completed
PUR001484,C00501,2025-10-29 09:14:36,8400.0,Completed
PUR001485,C00227,2025-10-29 10:08:07,7300.0,Completed
PUR001486,C00152,2025-10-29 10:14:40,167000.0,Completed
PUR001487,C00309,2025-10-29 10:19:23,3600.0,Completed
PUR001488,C00076,2025-10-29 10:42:04,18500.0,Completed
PUR001489,C00017,2025-10-29 11:21:30,3300.0,Completed
PUR001490,C00696,2025-10-29 13:36:14,150000.0,Completed
PUR001491,C00099,2025-10-29 14:18:04,21000.0,Completed
PUR001492,C00627,2025-10-29 15:01:48,35900.0,Completed
PUR001493,C00549,2025-10-29 15:16:06,9850.0,Completed
PUR001494,C00407,2025-10-29 15:57:39,499.0,Completed
PUR001495,C00122,2025-10-29 16:45:58,9000.0,Completed
PUR001496,C00464,2025-10-29 18:02:06,64000.0,Completed
PUR001497,C00628,2025-10-29 18:17:01,28850.0,Completed
PUR001498,C00399,2025-10-29 19:32:59,65000.0,Completed
PUR001499,C00332,2025-10-29 21:52:51,13300.0,Completed
PUR001500,C00333,2025-10-29 22:08:08,70250.0,Completed
PUR001501,C00368,2025-10-29 23:19:56,5697.0,Completed
PUR001502,C00194,2025-10-29 23:31:58,57500.0,Completed
PUR001503,C00702,2025-10-30 00:41:53,142000.0,Completed
PUR001504,C00407,2025-10-30 01:21:19,3600.0,Completed
PUR001505,C00422,2025-10-30 01:37:48,29000.0,Completed
PUR001506,C00166,2025-10-30 02:08:18,5100.0,Completed
PUR001507,C00606,2025-10-30 03:19:17,317500.0,Completed
PUR001508,C00471,2025-10-30 04:18:49,93000.0,Completed
PUR001509,C00715,2025-10-30 04:41:21,37000.0,Completed
PUR001510,C00398,2025-10-30 05:32:30,29000.0,Completed
PUR001511,C00247,2025-10-30 06:06:20,35400.0,Completed
PUR001512,C00565,2025-10-30 07:44:47,11000.0,Completed
PUR001513,C00466,2025-10-30 08:17:03,39900.0,Completed
PUR001514,C00669,2025-10-30 09:53:01,9248.0,Completed
PUR001515,C00105,2025-10-30 10:30:14,51500.0,Completed
PUR001516,C00028,2025-10-30 10:49:16,4050.0,Completed
PUR001517,C00550,2025-10-30 10:49:45,10850.0,Completed
PUR001518,C00459,2025-10-30 11:15:36,4200.0,Completed
PUR001519,C00008,2025-10-30 11:41:13,65000.0,Completed
PUR001520,C00229,2025-10-30 12:18:36,13500.0,Completed
PUR001521,C00618,2025-10-30 12:25:16,1700.0,Completed
PUR001522,C00201,2025-10-30 14:50:38,5450.0,Completed
PUR001523,C00152,2025-10-30 15:32:12,130000.0,Completed
PUR001524,C00126,2025-10-30 15:50:05,9000.0,Completed
PUR001525,C00128,2025-10-30 18:40:02,13500.0,Completed
PUR001526,C00477,2025-10-30 19:01:27,6100.0,Completed
PUR001527,C00230,2025-10-30 19:23:56,13500.0,Completed
PUR001528,C00455,2025-10-30 20:08:29,15750.0,Completed
PUR001529,C00312,2025-10-30 20:58:22,199000.0,Completed
PUR001530,C00557,2025-10-31 01:41:20,37999.0,Completed
PUR001531,C00060,2025-10-31 02:51:57,37000.0,Completed
PUR001532,C00645,2025-10-31 03:12:10,146000.0,Completed
PUR001533,C00614,2025-10-31 03:13:58,29000.0,Completed
PUR001534,C00297,2025-10-31 03:29:14,94000.0,Completed
PUR001535,C00182,2025-10-31 03:54:13,16650.0,Completed
PUR001536,C00550,2025-10-31 04:00:41,4800.0,Completed
PUR001537,C00377,2025-10-31 04:24:50,10396.0,Completed
PUR001538,C00345,2025-10-31 04:41:32,37500.0,Completed
PUR001539,C00029,2025-10-31 04:52:44,1200.0,Completed
PUR001540,C00282,2025-10-31 06:08:41,3600.0,Completed
PUR001541,C00525,2025-10-31 10:19:54,18000.0,Completed
PUR001542,C00576,2025-10-31 11:40:03,4200.0,Completed
PUR001543,C00494,2025-10-31 11:40:35,6400.0,Completed
PUR001544,C00157,2025-10-31 11:45:21,9000.0,Completed
PUR001545,C00248,2025-10-31 11:56:14,10200.0,Completed
PUR001546,C00136,2025-10-31 12:09:43,18000.0,Completed
PUR001547,C00247,2025-10-31 13:00:13,3150.0,Completed
PUR001548,C00493,2025-10-31 13:09:12,13500.0,Completed
PUR001549,C00129,2025-10-31 13:37:09,2200.0,Completed
PUR001550,C00427,2025-10-31 17:45:03,14500.0,Completed
PUR001551,C00710,2025-10-31 19:04:20,18000.0,Completed
PUR001552,C00390,2025-10-31 19:57:30,78500.0,Completed
PUR001553,C00683,2025-10-31 20:35:05,1497.0,Completed
PUR001554,C00579,2025-10-31 21:55:00,27900.0,Completed
PUR001555,C00545,2025-10-31 22:43:09,41500.0,Completed
PUR001556,C00319,2025-10-31 22:56:26,3800.0,Completed
PUR001557,C00312,2025-10-31 23:25:32,40300.0,Completed
PUR001558,C00454,2025-10-31 23:32:59,215000.0,Completed
PUR001559,C00660,2025-11-01 02:12:05,21000.0,Completed
PUR001560,C00532,2025-11-01 02:31:33,29000.0,Completed
PUR001561,C00094,2025-11-01 02:53:52,18495.0,Completed
PUR001562,C00616,2025-11-01 04:13:42,37000.0,Completed
PUR001563,C00102,2025-11-01 04:31:19,37500.0,Completed
PUR001564,C00205,2025-11-01 04:41:01,46500.0,Completed
PUR001565,C00457,2025-11-01 04:49:36,27900.0,Completed
PUR001566,C00386,2025-11-01 05:59:05,29000.0,Completed
PUR001567,C00283,2025-11-01 06:09:06,9550.0,Completed
PUR001568,C00512,2025-11-01 07:21:22,84200.0,Completed
PUR001569,C00124,2025-11-01 08:02:22,9000.0,Completed
PUR001570,C00136,2025-11-01 08:17:43,2798.0,Completed
PUR001571,C00574,2025-11-01 08:56:12,42100.0,Completed
PUR001572,C00145,2025-11-01 09:33:21,61750.0,Completed
PUR001573,C00419,2025-11-01 12:18:05,5000.0,Completed
PUR001574,C00352,2025-11-01 12:38:55,22900.0,Completed
PUR001575,C00666,2025-11-01 13:40:10,14500.0,Completed
PUR001576,C00545,2025-11-01 13:52:01,6199.0,Completed
PUR001577,C00742,2025-11-01 15:05:28,20050.0,Completed
PUR001578,C00413,2025-11-01 16:28:14,25050.0,Completed
PUR001579,C00643,2025-11-01 16:28:34,20900.0,Completed
PUR001580,C00225,2025-11-01 16:56:03,13500.0,Completed
PUR001581,C00459,2025-11-01 18:16:41,5150.0,Completed
PUR001582,C00576,2025-11-01 19:46:25,6099.0,Completed
PUR001583,C00512,2025-11-01 19:56:32,9000.0,Completed
PUR001584,C00557,2025-11-01 20:09:12,14600.0,Completed
PUR001585,C00477,2025-11-01 20:25:28,9000.0,Completed
PUR001586,C00112,2025-11-01 20:52:27,66000.0,Completed
PUR001587,C00431,2025-11-01 22:50:14,109500.0,Completed
PUR001588,C00102,2025-11-01 23:18:31,4500.0,Completed
PUR001589,C00403,2025-11-01 23:34:20,9000.0,Completed
PUR001590,C00255,2025-11-02 01:13:09,4748.0,Completed
PUR001591,C00413,2025-11-02 01:46:10,31300.0,Completed
PUR001592,C00331,2025-11-02 03:27:04,202000.0,Completed
PUR001593,C00600,2025-11-02 04:39:31,26950.0,Completed
PUR001594,C00059,2025-11-02 05:01:09,8800.0,Completed
PUR001595,C00576,2025-11-02 05:05:22,4200.0,Completed
PUR001596,C00416,2025-11-02 05:09:50,39496.0,Completed
PUR001597,C00586,2025-11-02 05:54:50,244000.0,Completed
PUR001598,C00433,2025-11-02 07:52:35,17000.0,Completed
PUR001599,C00742,2025-11-02 08:00:16,51500.0,Completed
PUR001600,C00267,2025-11-02 08:07:50,20100.0,Completed
PUR001601,C00667,2025-11-02 08:43:00,18500.0,Completed
PUR001602,C00662,2025-11-02 09:29:45,314500.0,Completed
PUR001603,C00719,2025-11-02 09:33:14,1800.0,Completed
PUR001604,C00444,2025-11-02 09:48:25,11600.0,Completed
PUR001605,C00739,2025-11-02 09:57:38,998.0,Completed
PUR001606,C00484,2025-11-02 10:33:49,3650.0,Completed
PUR001607,C00001,2025-11-02 13:12:40,2500.0,Completed
PUR001608,C00539,2025-11-02 14:00:43,100500.0,Completed
PUR001609,C00345,2025-11-02 14:13:33,12000.0,Completed
PUR001610,C00006,2025-11-02 14:35:53,16900.0,Completed
PUR001611,C00367,2025-11-02 15:17:18,1800.0,Completed
PUR001612,C00542,2025-11-02 16:22:16,65000.0,Completed
PUR001613,C00309,2025-11-02 16:38:01,7448.0,Completed
PUR001614,C00677,2025-11-02 17:08:27,65800.0,Completed
PUR001615,C00048,2025-11-02 17:11:00,18000.0,Completed
PUR001616,C00667,2025-11-02 17:25:24,180500.0,Completed
PUR001617,C00507,2025-11-02 18:07:28,1497.0,Completed
PUR001618,C00702,2025-11-02 18:48:40,14700.0,Completed
PUR001619,C00230,2025-11-02 19:43:52,126500.0,Completed
PUR001620,C00103,2025-11-02 19:44:14,96000.0,Completed
PUR001621,C00569,2025-11-02 19:45:23,23500.0,Completed
PUR001622,C00542,2025-11-02 20:07:46,85000.0,Completed
PUR001623,C00660,2025-11-02 21:00:06,13300.0,Completed
PUR001624,C00542,2025-11-02 21:08:26,207000.0,Completed
PUR001625,C00125,2025-11-02 21:52:23,5600.0,Completed
PUR001626,C00165,2025-11-03 00:57:50,9150.0,Completed
PUR001627,C00646,2025-11-03 02:37:01,18000.0,Completed
PUR001628,C00507,2025-11-03 02:38:40,12700.0,Completed
PUR001629,C00373,2025-11-03 04:35:02,23500.0,Completed
PUR001630,C00438,2025-11-03 04:58:38,37000.0,Completed
PUR001631,C00282,2025-11-03 05:08:02,17400.0,Completed
PUR001632,C00459,2025-11-03 05:43:57,9000.0,Completed
PUR001633,C00129,2025-11-03 07:42:35,14500.0,Completed
PUR001634,C00018,2025-11-03 09:43:45,34800.0,Completed
PUR001635,C00449,2025-11-03 11:03:12,4500.0,Completed
PUR001636,C00319,2025-11-03 11:08:42,2495.0,Completed
PUR001637,C00067,2025-11-03 11:16:17,19500.0,Completed
PUR001638,C00097,2025-11-03 12:03:46,64000.0,Completed
PUR001639,C00258,2025-11-03 14:02:06,1950.0,Completed
PUR001640,C00197,2025-11-03 14:13:38,130000.0,Completed
PUR001641,C00678,2025-11-03 16:18:22,149000.0,Completed
PUR001642,C00113,2025-11-03 17:54:29,11850.0,Completed
PUR001643,C00671,2025-11-03 18:23:33,13500.0,Completed
PUR001644,C00110,2025-11-03 18:26:43,6700.0,Completed
PUR001645,C00145,2025-11-03 19:02:44,2698.0,Completed
PUR001646,C00670,2025-11-03 20:36:25,72300.0,Completed
PUR001647,C00555,2025-11-03 20:53:40,117000.0,Completed
PUR001648,C00007,2025-11-03 21:15:27,16800.0,Completed
PUR001649,C00240,2025-11-03 22:38:22,18500.0,Completed
PUR001650,C00723,2025-11-03 23:19:53,42500.0,Completed
PUR001651,C00119,2025-11-04 00:13:24,64000.0,Completed
PUR001652,C00103,2025-11-04 03:29:20,2800.0,Completed
PUR001653,C00033,2025-11-04 03:32:39,9000.0,Completed
PUR001654,C00059,2025-11-04 04:00:26,261500.0,Completed
PUR001655,C00484,2025-11-04 05:30:42,18500.0,Completed
PUR001656,C00493,2025-11-04 06:07:18,18100.0,Completed
PUR001657,C00662,2025-11-04 06:26:42,998.0,Completed
PUR001658,C00549,2025-11-04 06:48:14,4050.0,Completed
PUR001659,C00736,2025-11-04 09:30:38,15150.0,Completed
PUR001660,C00570,2025-11-04 09:45:35,60500.0,Completed
PUR001661,C00620,2025-11-04 10:08:51,280500.0,Completed
PUR001662,C00479,2025-11-04 10:31:03,24300.0,Completed
PUR001663,C00226,2025-11-04 11:45:06,8400.0,Completed
PUR001664,C00355,2025-11-04 11:56:01,96000.0,Completed
PUR001665,C00392,2025-11-04 12:00:41,6250.0,Completed
PUR001666,C00135,2025-11-04 12:11:10,9000.0,Completed
PUR001667,C00657,2025-11-04 12:14:43,162000.0,Completed
PUR001668,C00609,2025-11-04 14:29:35,82500.0,Completed
PUR001669,C00057,2025-11-04 14:38:22,7200.0,Completed
PUR001670,C00650,2025-11-04 14:39:08,7800.0,Completed
PUR001671,C00334,2025-11-04 15:11:47,7300.0,Completed
PUR001672,C00139,2025-11-04 16:07:51,12600.0,Completed
PUR001673,C00525,2025-11-04 16:10:42,4200.0,Completed
PUR001674,C00161,2025-11-04 18:16:13,4500.0,Completed
PUR001675,C00461,2025-11-04 20:21:03,164500.0,Completed
PUR001676,C00681,2025-11-04 20:25:11,4500.0,Completed
PUR001677,C00314,2025-11-04 21:08:28,159000.0,Completed
PUR001678,C00189,2025-11-04 21:17:19,64000.0,Completed
PUR001679,C00209,2025-11-04 21:32:46,29000.0,Completed
PUR001680,C00612,2025-11-04 22:16:23,6400.0,Completed
PUR001681,C00305,2025-11-04 22:53:19,6400.0,Completed
PUR001682,C00680,2025-11-05 01:42:09,99500.0,Completed
PUR001683,C00502,2025-11-05 02:02:47,42500.0,Completed
PUR001684,C00492,2025-11-05 02:09:53,13600.0,Completed
PUR001685,C00321,2025-11-05 02:12:26,16650.0,Completed
PUR001686,C00583,2025-11-05 03:00:41,1250.0,Completed
PUR001687,C00592,2025-11-05 03:18:24,2800.0,Completed
PUR001688,C00663,2025-11-05 03:23:09,5598.0,Completed
PUR001689,C00248,2025-11-05 03:48:30,5747.0,Completed
PUR001690,C00563,2025-11-05 04:29:09,18500.0,Completed
PUR001691,C00588,2025-11-05 05:20:46,52600.0,Completed
PUR001692,C00450,2025-11-05 06:05:51,2800.0,Completed
PUR001693,C00035,2025-11-05 06:15:05,18500.0,Completed
PUR001694,C00375,2025-11-05 06:45:54,85000.0,Completed
PUR001695,C00272,2025-11-05 07:11:27,239000.0,Completed
PUR001696,C00191,2025-11-05 08:23:38,21000.0,Completed
PUR001697,C00184,2025-11-05 09:05:41,71000.0,Completed
PUR001698,C00316,2025-11-05 09:19:31,102000.0,Completed
PUR001699,C00311,2025-11-05 09:38:25,18000.0,Completed
PUR001700,C00016,2025-11-05 10:20:31,2200.0,Completed
PUR001701,C00477,2025-11-05 10:54:01,9097.0,Completed
PUR001702,C00574,2025-11-05 11:05:29,8800.0,Completed
PUR001703,C00462,2025-11-05 11:11:31,9850.0,Completed
PUR001704,C00721,2025-11-05 11:36:50,29000.0,Completed
PUR001705,C00225,2025-11-05 12:57:34,5700.0,Completed
PUR001706,C00363,2025-11-05 13:17:15,19500.0,Completed
PUR001707,C00536,2025-11-05 15:40:07,25000.0,Completed
PUR001708,C00622,2025-11-05 15:53:24,3600.0,Completed
PUR001709,C00099,2025-11-05 15:58:28,7700.0,Completed
PUR001710,C00617,2025-11-05 17:11:51,29295.0,Completed
PUR001711,C00740,2025-11-05 17:28:09,14200.0,Completed
PUR001712,C00302,2025-11-05 17:36:44,8400.0,Completed
PUR001713,C00482,2025-11-05 17:42:12,37000.0,Completed
PUR001714,C00649,2025-11-05 19:24:04,25000.0,Completed
PUR001715,C00380,2025-11-05 21:13:55,4400.0,Completed
PUR001716,C00353,2025-11-05 21:25:10,29000.0,Completed
PUR001717,C00418,2025-11-05 21:54:18,69000.0,Completed
PUR001718,C00503,2025-11-05 22:00:43,37000.0,Completed
PUR001719,C00257,2025-11-05 22:28:14,163000.0,Completed
PUR001720,C00003,2025-11-06 01:30:33,127300.0,Completed
PUR001721,C00323,2025-11-06 01:36:38,14500.0,Completed
PUR001722,C00459,2025-11-06 02:12:36,14000.0,Completed
PUR001723,C00147,2025-11-06 04:14:27,9500.0,Completed
PUR001724,C00533,2025-11-06 04:37:47,28600.0,Completed
PUR001725,C00135,2025-11-06 04:47:21,13500.0,Completed
PUR001726,C00164,2025-11-06 05:48:29,13500.0,Completed
PUR001727,C00357,2025-11-06 06:18:08,14500.0,Completed
PUR001728,C00521,2025-11-06 06:30:35,29000.0,Completed
PUR001729,C00437,2025-11-06 07:06:21,21900.0,Completed
PUR001730,C00452,2025-11-06 07:54:02,215000.0,Completed
PUR001731,C00436,2025-11-06 08:33:04,18800.0,Completed
PUR001732,C00249,2025-11-06 10:14:16,63300.0,Completed
PUR001733,C00183,2025-11-06 11:11:53,37000.0,Completed
PUR001734,C00270,2025-11-06 12:32:47,54700.0,Completed
PUR001735,C00336,2025-11-06 13:29:21,36200.0,Completed
PUR001736,C00284,2025-11-06 13:34:23,8400.0,Completed
PUR001737,C00379,2025-11-06 13:46:23,8400.0,Completed
PUR001738,C00374,2025-11-06 14:56:44,2800.0,Completed
PUR001739,C00390,2025-11-06 15:41:47,9000.0,Completed
PUR001740,C00327,2025-11-06 16:16:10,21300.0,Completed
PUR001741,C00649,2025-11-06 18:04:56,29500.0,Completed
PUR001742,C00313,2025-11-06 18:27:13,14500.0,Completed
PUR001743,C00134,2025-11-06 19:25:25,13750.0,Completed
PUR001744,C00357,2025-11-06 19:41:10,277500.0,Completed
PUR001745,C00209,2025-11-06 19:43:50,147500.0,Completed
PUR001746,C00600,2025-11-06 22:17:47,5750.0,Completed
PUR001747,C00540,2025-11-07 00:08:26,19400.0,Completed
PUR001748,C00286,2025-11-07 00:55:37,10200.0,Completed
PUR001749,C00194,2025-11-07 01:14:11,37500.0,Completed
PUR001750,C00265,2025-11-07 02:18:38,112800.0,Completed
PUR001751,C00257,2025-11-07 04:26:10,166000.0,Completed
PUR001752,C00134,2025-11-07 05:08:29,18000.0,Completed
PUR001753,C00650,2025-11-07 05:18:08,10600.0,Completed
PUR001754,C00741,2025-11-07 05:32:58,2800.0,Completed
PUR001755,C00134,2025-11-07 05:46:24,34800.0,Completed
PUR001756,C00201,2025-11-07 07:08:32,64000.0,Completed
PUR001757,C00272,2025-11-07 07:34:11,8400.0,Completed
PUR001758,C00329,2025-11-07 08:09:44,850.0,Completed
PUR001759,C00157,2025-11-07 08:38:00,24500.0,Completed
PUR001760,C00671,2025-11-07 09:02:58,2500.0,Completed
PUR001761,C00522,2025-11-07 09:19:15,148900.0,Completed
PUR001762,C00013,2025-11-07 12:08:06,25900.0,Completed
PUR001763,C00290,2025-11-07 14:28:20,1800.0,Completed
PUR001764,C00076,2025-11-07 14:49:55,130000.0,Completed
PUR001765,C00003,2025-11-07 15:18:23,1497.0,Completed
PUR001766,C00592,2025-11-07 17:06:15,18000.0,Completed
PUR001767,C00255,2025-11-07 18:14:07,16800.0,Completed
PUR001768,C00655,2025-11-07 18:56:33,12600.0,Completed
PUR001769,C00531,2025-11-07 19:08:25,32000.0,Completed
PUR001770,C00484,2025-11-07 19:29:15,6600.0,Completed
PUR001771,C00247,2025-11-07 19:54:22,37500.0,Completed
PUR001772,C00380,2025-11-07 20:36:12,14500.0,Completed
PUR001773,C00599,2025-11-07 20:55:35,29000.0,Completed
PUR001774,C00537,2025-11-07 21:20:19,11200.0,Completed
PUR001775,C00346,2025-11-07 22:08:56,1497.0,Completed
PUR001776,C00110,2025-11-07 22:34:24,5000.0,Completed
PUR001777,C00021,2025-11-07 23:33:18,170000.0,Completed
PUR001778,C00103,2025-11-08 00:09:53,23600.0,Completed
PUR001779,C00600,2025-11-08 02:31:19,80350.0,Completed
PUR001780,C00621,2025-11-08 02:58:35,202000.0,Completed
PUR001781,C00344,2025-11-08 03:13:15,94000.0,Completed
PUR001782,C00067,2025-11-08 04:43:31,15750.0,Completed
PUR001783,C00696,2025-11-08 05:22:23,12500.0,Completed
PUR001784,C00551,2025-11-08 05:24:14,48750.0,Completed
PUR001785,C00102,2025-11-08 06:34:59,13500.0,Completed
PUR001786,C00746,2025-11-08 07:28:36,5200.0,Completed
PUR001787,C00003,2025-11-08 07:48:14,51000.0,Completed
PUR001788,C00094,2025-11-08 08:00:58,32000.0,Completed
PUR001789,C00643,2025-11-08 08:46:35,37500.0,Completed
PUR001790,C00356,2025-11-08 11:34:02,4400.0,Completed
PUR001791,C00688,2025-11-08 13:09:47,12500.0,Completed
PUR001792,C00025,2025-11-08 13:24:57,30600.0,Completed
PUR001793,C00154,2025-11-08 14:29:33,50100.0,Completed
PUR001794,C00077,2025-11-08 14:49:58,35600.0,Completed
PUR001795,C00431,2025-11-08 15:06:33,3345.0,Completed
PUR001796,C00104,2025-11-08 16:34:21,43250.0,Completed
PUR001797,C00431,2025-11-08 16:39:16,14500.0,Completed
PUR001798,C00067,2025-11-08 17:14:41,2800.0,Completed
PUR001799,C00150,2025-11-08 17:23:31,110500.0,Completed
PUR001800,C00190,2025-11-08 17:24:36,11550.0,Completed
PUR001801,C00748,2025-11-08 17:53:03,4350.0,Completed
PUR001802,C00148,2025-11-08 18:11:57,37000.0,Completed
PUR001803,C00574,2025-11-08 18:20:06,1950.0,Completed
PUR001804,C00231,2025-11-08 19:07:24,3150.0,Completed
PUR001805,C00488,2025-11-08 19:24:45,85000.0,Completed
PUR001806,C00705,2025-11-08 21:17:20,7996.0,Completed
PUR001807,C00540,2025-11-08 21:57:19,86250.0,Completed
PUR001808,C00103,2025-11-08 23:21:16,11000.0,Completed
PUR001809,C00477,2025-11-09 00:41:09,1200.0,Completed
PUR001810,C00101,2025-11-09 00:56:00,4400.0,Completed
PUR001811,C00689,2025-11-09 01:16:37,29000.0,Completed
PUR001812,C00212,2025-11-09 02:57:55,499.0,Completed
PUR001813,C00414,2025-11-09 05:05:57,170000.0,Completed
PUR001814,C00042,2025-11-09 07:28:29,499.0,Completed
PUR001815,C00211,2025-11-09 08:15:49,7600.0,Completed
PUR001816,C00186,2025-11-09 09:05:28,1900.0,Completed
PUR001817,C00327,2025-11-09 09:15:47,998.0,Completed
PUR001818,C00399,2025-11-09 09:16:11,65000.0,Completed
PUR001819,C00191,2025-11-09 10:30:29,19300.0,Completed
PUR001820,C00003,2025-11-09 10:45:54,4500.0,Completed
PUR001821,C00212,2025-11-09 11:28:37,4800.0,Completed
PUR001822,C00159,2025-11-09 12:21:43,1950.0,Completed
PUR001823,C00535,2025-11-09 12:39:40,130000.0,Completed
PUR001824,C00274,2025-11-09 13:42:55,93000.0,Completed
PUR001825,C00713,2025-11-09 14:22:16,279000.0,Completed
PUR001826,C00705,2025-11-09 15:49:42,45500.0,Completed
PUR001827,C00209,2025-11-09 16:32:02,130000.0,Completed
PUR001828,C00420,2025-11-09 16:42:47,49600.0,Completed
PUR001829,C00388,2025-11-09 17:50:10,7200.0,Completed
PUR001830,C00548,2025-11-09 18:39:10,8700.0,Completed
PUR001831,C00132,2025-11-09 18:50:40,11450.0,Completed
PUR001832,C00468,2025-11-09 18:56:01,231000.0,Completed
PUR001833,C00676,2025-11-09 19:16:34,11200.0,Completed
PUR001834,C00468,2025-11-09 19:20:50,114500.0,Completed
PUR001835,C00228,2025-11-09 20:05:52,14500.0,Completed
PUR001836,C00427,2025-11-09 20:38:16,37000.0,Completed
PUR001837,C00468,2025-11-09 23:13:59,4500.0,Completed
PUR001838,C00435,2025-11-09 23:18:51,37000.0,Completed
PUR001839,C00524,2025-11-09 23:37:35,15047.0,Completed
PUR001840,C00152,2025-11-10 00:09:06,18500.0,Completed
PUR001841,C00129,2025-11-10 00:56:37,23900.0,Completed
PUR001842,C00410,2025-11-10 00:58:39,85000.0,Completed
PUR001843,C00749,2025-11-10 01:38:25,25000.0,Completed
PUR001844,C00699,2025-11-10 01:59:23,25850.0,Completed
PUR001845,C00568,2025-11-10 02:24:21,10250.0,Completed
PUR001846,C00597,2025-11-10 02:27:04,5800.0,Completed
PUR001847,C00100,2025-11-10 02:57:57,5000.0,Completed
PUR001848,C00407,2025-11-10 03:21:51,10750.0,Completed
PUR001849,C00681,2025-11-10 03:39:13,29400.0,Completed
PUR001850,C00334,2025-11-10 04:19:34,2200.0,Completed
PUR001851,C00065,2025-11-10 04:22:16,21400.0,Completed
PUR001852,C00632,2025-11-10 04:54:09,12250.0,Completed
PUR001853,C00486,2025-11-10 05:12:16,50000.0,Completed
PUR001854,C00193,2025-11-10 05:13:57,67250.0,Completed
PUR001855,C00259,2025-11-10 05:59:59,21000.0,Completed
PUR001856,C00181,2025-11-10 06:29:22,132800.0,Completed
PUR001857,C00419,2025-11-10 07:22:47,29000.0,Completed
PUR001858,C00576,2025-11-10 08:18:34,37500.0,Completed
PUR001859,C00390,2025-11-10 08:42:42,17500.0,Completed
PUR001860,C00183,2025-11-10 09:29:02,61150.0,Completed
PUR001861,C00704,2025-11-10 11:05:25,12000.0,Completed
PUR001862,C00585,2025-11-10 11:09:20,5650.0,Completed
PUR001863,C00357,2025-11-10 11:47:46,1650.0,Completed
PUR001864,C00466,2025-11-10 12:22:41,24800.0,Completed
PUR001865,C00433,2025-11-10 12:35:17,3800.0,Completed
PUR001866,C00071,2025-11-10 13:33:26,130000.0,Completed
PUR001867,C00362,2025-11-10 14:11:34,168500.0,Completed
PUR001868,C00675,2025-11-10 14:13:30,34550.0,Completed
PUR001869,C00526,2025-11-10 14:45:18,19300.0,Completed
PUR001870,C00534,2025-11-10 14:49:25,96000.0,Completed
PUR001871,C00024,2025-11-10 14:54:30,25000.0,Completed
PUR001872,C00682,2025-11-10 16:15:25,16000.0,Completed
PUR001873,C00080,2025-11-10 16:26:58,4400.0,Completed
PUR001874,C00102,2025-11-10 16:29:54,6600.0,Completed
PUR001875,C00123,2025-11-10 17:16:30,13500.0,Completed
PUR001876,C00024,2025-11-10 17:53:10,101000.0,Completed
PUR001877,C00609,2025-11-10 18:30:56,85000.0,Completed
PUR001878,C00563,2025-11-10 19:04:29,6700.0,Completed
PUR001879,C00310,2025-11-10 20:22:47,7600.0,Completed
PUR001880,C00506,2025-11-10 20:31:11,105000.0,Completed
PUR001881,C00272,2025-11-10 21:10:20,2600.0,Completed
PUR001882,C00425,2025-11-10 22:45:48,6100.0,Completed
PUR001883,C00550,2025-11-10 22:51:58,3900.0,Completed
PUR001884,C00057,2025-11-10 23:11:40,9000.0,Completed
PUR001885,C00497,2025-11-10 23:12:52,32000.0,Completed
PUR001886,C00355,2025-11-11 01:07:59,4500.0,Completed
PUR001887,C00734,2025-11-11 01:22:23,21000.0,Completed
PUR001888,C00174,2025-11-11 01:25:58,29000.0,Completed
PUR001889,C00577,2025-11-11 01:54:35,32000.0,Completed
PUR001890,C00060,2025-11-11 01:56:01,66000.0,Completed
PUR001891,C00217,2025-11-11 02:09:37,16800.0,Completed
PUR001892,C00579,2025-11-11 05:27:34,18000.0,Completed
PUR001893,C00227,2025-11-11 05:30:51,29100.0,Completed
PUR001894,C00312,2025-11-11 06:22:06,114500.0,Completed
PUR001895,C00167,2025-11-11 06:40:52,13500.0,Completed
PUR001896,C00583,2025-11-11 06:41:42,332000.0,Completed
PUR001897,C00534,2025-11-11 07:58:13,5000.0,Completed
PUR001898,C00212,2025-11-11 08:26:59,11499.0,Completed
PUR001899,C00382,2025-11-11 09:26:17,58500.0,Completed
PUR001900,C00013,2025-11-11 10:08:04,8946.0,Completed
PUR001901,C00411,2025-11-11 11:23:52,13500.0,Completed
PUR001902,C00605,2025-11-11 12:58:03,150000.0,Completed
PUR001903,C00667,2025-11-11 15:28:51,14500.0,Completed
PUR001904,C00700,2025-11-11 16:53:36,3750.0,Completed
PUR001905,C00503,2025-11-11 21:01:39,44300.0,Completed
PUR001906,C00103,2025-11-11 22:47:15,22296.0,Completed
PUR001907,C00351,2025-11-11 23:35:22,5600.0,Completed
PUR001908,C00186,2025-11-12 01:18:00,101500.0,Completed
PUR001909,C00171,2025-11-12 01:56:54,4200.0,Completed
PUR001910,C00113,2025-11-12 02:29:28,29000.0,Completed
PUR001911,C00113,2025-11-12 02:52:03,5600.0,Completed
PUR001912,C00336,2025-11-12 04:37:16,37000.0,Completed
PUR001913,C00411,2025-11-12 05:58:53,234000.0,Completed
PUR001914,C00032,2025-11-12 07:28:29,16800.0,Completed
PUR001915,C00006,2025-11-12 07:53:12,13500.0,Completed
PUR001916,C00454,2025-11-12 09:52:07,9000.0,Completed
PUR001917,C00688,2025-11-12 11:09:45,11200.0,Completed
PUR001918,C00217,2025-11-12 11:13:15,10800.0,Completed
PUR001919,C00733,2025-11-12 11:25:03,33400.0,Completed
PUR001920,C00566,2025-11-12 11:33:10,45800.0,Completed
PUR001921,C00650,2025-11-12 11:42:01,22400.0,Completed
PUR001922,C00100,2025-11-12 11:44:35,23500.0,Completed
PUR001923,C00521,2025-11-12 12:00:59,65000.0,Completed
PUR001924,C00184,2025-11-12 13:33:23,108600.0,Completed
PUR001925,C00224,2025-11-12 13:47:13,14500.0,Completed
PUR001926,C00099,2025-11-12 16:17:46,5600.0,Completed
PUR001927,C00621,2025-11-12 17:01:43,10600.0,Completed
PUR001928,C00075,2025-11-12 17:41:54,32000.0,Completed
PUR001929,C00146,2025-11-12 18:40:17,13500.0,Completed
PUR001930,C00357,2025-11-12 19:59:25,253500.0,Completed
PUR001931,C00008,2025-11-12 19:59:38,64000.0,Completed
PUR001932,C00374,2025-11-12 20:28:53,64000.0,Completed
PUR001933,C00595,2025-11-12 20:30:24,4800.0,Completed
PUR001934,C00187,2025-11-12 20:40:22,66800.0,Completed
PUR001935,C00570,2025-11-12 21:12:45,43750.0,Completed
PUR001936,C00531,2025-11-12 21:44:34,15700.0,Completed
PUR001937,C00595,2025-11-12 22:21:59,56750.0,Completed
PUR001938,C00174,2025-11-12 23:42:05,35400.0,Completed
PUR001939,C00177,2025-11-13 00:13:15,14500.0,Completed
PUR001940,C00683,2025-11-13 00:38:07,8400.0,Completed
PUR001941,C00145,2025-11-13 01:01:42,4500.0,Completed
PUR001942,C00325,2025-11-13 01:17:02,18000.0,Completed
PUR001943,C00145,2025-11-13 01:37:40,10296.0,Completed
PUR001944,C00061,2025-11-13 01:57:24,3600.0,Completed
PUR001945,C00351,2025-11-13 02:14:32,22700.0,Completed
PUR001946,C00170,2025-11-13 02:30:39,7600.0,Completed
PUR001947,C00436,2025-11-13 02:33:28,13250.0,Completed
PUR001948,C00095,2025-11-13 02:58:50,5700.0,Completed
PUR001949,C00502,2025-11-13 03:21:42,162000.0,Completed
PUR001950,C00683,2025-11-13 05:43:15,24800.0,Completed
PUR001951,C00586,2025-11-13 06:14:56,2500.0,Completed
PUR001952,C00687,2025-11-13 06:54:28,20900.0,Completed
PUR001953,C00585,2025-11-13 07:15:38,9000.0,Completed
PUR001954,C00200,2025-11-13 07:29:42,7600.0,Completed
PUR001955,C00521,2025-11-13 07:48:53,170000.0,Completed
PUR001956,C00700,2025-11-13 08:12:13,32000.0,Completed
PUR001957,C00434,2025-11-13 08:14:33,2200.0,Completed
PUR001958,C00737,2025-11-13 10:15:28,37200.0,Completed
PUR001959,C00031,2025-11-13 10:19:24,6350.0,Completed
PUR001960,C00494,2025-11-13 10:36:35,6600.0,Completed
PUR001961,C00181,2025-11-13 11:24:48,80400.0,Completed
PUR001962,C00113,2025-11-13 11:53:44,25000.0,Completed
PUR001963,C00747,2025-11-13 12:50:42,1250.0,Completed
PUR001964,C00504,2025-11-13 13:13:58,9000.0,Completed
PUR001965,C00347,2025-11-13 14:46:52,1100.0,Completed
PUR001966,C00559,2025-11-13 15:27:08,17800.0,Completed
PUR001967,C00563,2025-11-13 17:32:29,161000.0,Completed
PUR001968,C00145,2025-11-13 17:36:56,12050.0,Completed
PUR001969,C00670,2025-11-13 19:30:52,22850.0,Completed
PUR001970,C00348,2025-11-13 19:35:38,10100.0,Completed
PUR001971,C00433,2025-11-13 19:58:17,11800.0,Completed
PUR001972,C00452,2025-11-13 21:10:08,64000.0,Completed
PUR001973,C00255,2025-11-13 21:13:45,12600.0,Completed
PUR001974,C00489,2025-11-13 21:20:36,25000.0,Completed
PUR001975,C00085,2025-11-13 21:41:58,6450.0,Completed
PUR001976,C00271,2025-11-13 21:56:59,1250.0,Completed
PUR001977,C00583,2025-11-14 00:49:47,5000.0,Completed
PUR001978,C00042,2025-11-14 01:41:46,19199.0,Completed
PUR001979,C00436,2025-11-14 02:11:56,1950.0,Completed
PUR001980,C00312,2025-11-14 02:15:11,2495.0,Completed
PUR001981,C00411,2025-11-14 03:25:27,215000.0,Completed
PUR001982,C00498,2025-11-14 05:52:19,4500.0,Completed
PUR001983,C00330,2025-11-14 06:33:26,207000.0,Completed
PUR001984,C00020,2025-11-14 06:50:45,18500.0,Completed
PUR001985,C00502,2025-11-14 07:34:40,14500.0,Completed
PUR001986,C00459,2025-11-14 07:48:48,3850.0,Completed
PUR001987,C00689,2025-11-14 08:46:36,32000.0,Completed
PUR001988,C00574,2025-11-14 08:51:56,37000.0,Completed
PUR001989,C00472,2025-11-14 10:04:01,4800.0,Completed
PUR001990,C00416,2025-11-14 13:10:56,1700.0,Completed
PUR001991,C00100,2025-11-14 13:58:06,50849.0,Completed
PUR001992,C00507,2025-11-14 14:44:39,32000.0,Completed
PUR001993,C00609,2025-11-14 15:10:25,14300.0,Completed
PUR001994,C00606,2025-11-14 15:34:20,14500.0,Completed
PUR001995,C00016,2025-11-14 15:47:47,4650.0,Completed
PUR001996,C00388,2025-11-14 17:23:29,50000.0,Completed
PUR001997,C00215,2025-11-14 17:29:59,5200.0,Completed
PUR001998,C00724,2025-11-14 19:10:48,45400.0,Completed
PUR001999,C00424,2025-11-14 19:24:11,64000.0,Completed
PUR002000,C00373,2025-11-14 19:43:14,2800.0,Completed
PUR002001,C00131,2025-11-14 19:47:09,18000.0,Completed
PUR002002,C00227,2025-11-14 21:06:57,8050.0,Completed
PUR002003,C00161,2025-11-14 21:29:04,46700.0,Completed
PUR002004,C00025,2025-11-14 22:50:56,37500.0,Completed
PUR002005,C00003,2025-11-14 23:02:32,8400.0,Completed
PUR002006,C00551,2025-11-14 23:22:11,32000.0,Completed
PUR002007,C00157,2025-11-14 23:31:35,6600.0,Completed
PUR002008,C00467,2025-11-14 23:36:59,21500.0,Completed
PUR002009,C00183,2025-11-15 01:17:09,13500.0,Completed
PUR002010,C00193,2025-11-15 03:27:31,33000.0,Completed
PUR002011,C00744,2025-11-15 04:05:40,37000.0,Completed
PUR002012,C00050,2025-11-15 04:37:07,130000.0,Completed
PUR002013,C00113,2025-11-15 06:18:31,30300.0,Completed
PUR002014,C00654,2025-11-15 09:24:25,10950.0,Completed
PUR002015,C00286,2025-11-15 10:29:10,11200.0,Completed
PUR002016,C00714,2025-11-15 10:31:04,47000.0,Completed
PUR002017,C00449,2025-11-15 12:29:29,41500.0,Completed
PUR002018,C00102,2025-11-15 13:36:31,9600.0,Completed
PUR002019,C00520,2025-11-15 15:27:10,29000.0,Completed
PUR002020,C00372,2025-11-15 15:28:41,4500.0,Completed
PUR002021,C00274,2025-11-15 15:33:26,7100.0,Completed
PUR002022,C00176,2025-11-15 15:37:22,14700.0,Completed
PUR002023,C00242,2025-11-15 17:14:01,69500.0,Completed
PUR002024,C00718,2025-11-15 17:43:36,64000.0,Completed
PUR002025,C00633,2025-11-15 19:09:44,32000.0,Completed
PUR002026,C00011,2025-11-15 19:11:22,5100.0,Completed
PUR002027,C00323,2025-11-15 19:36:11,16800.0,Completed
PUR002028,C00618,2025-11-15 19:48:08,129000.0,Completed
PUR002029,C00660,2025-11-15 21:55:53,37000.0,Completed
PUR002030,C00605,2025-11-15 23:09:02,32000.0,Completed
PUR002031,C00349,2025-11-15 23:14:16,2495.0,Completed
PUR002032,C00373,2025-11-16 00:32:54,13500.0,Completed
PUR002033,C00247,2025-11-16 00:58:06,8596.0,Completed
PUR002034,C00162,2025-11-16 02:04:04,3600.0,Completed
PUR002035,C00711,2025-11-16 02:12:42,25650.0,Completed
PUR002036,C00131,2025-11-16 02:13:58,38500.0,Completed
PUR002037,C00260,2025-11-16 02:18:00,119050.0,Completed
PUR002038,C00466,2025-11-16 03:08:05,3900.0,Completed
PUR002039,C00623,2025-11-16 04:06:47,2200.0,Completed
PUR002040,C00241,2025-11-16 05:06:24,143500.0,Completed
PUR002041,C00466,2025-11-16 07:03:22,1800.0,Completed
PUR002042,C00277,2025-11-16 08:34:53,67800.0,Completed
PUR002043,C00042,2025-11-16 09:45:55,3600.0,Completed
PUR002044,C00667,2025-11-16 11:30:10,12450.0,Completed
PUR002045,C00100,2025-11-16 11:36:50,8850.0,Completed
PUR002046,C00423,2025-11-16 11:58:41,8950.0,Completed
PUR002047,C00412,2025-11-16 13:04:02,998.0,Completed
PUR002048,C00182,2025-11-16 14:27:11,4250.0,Completed
PUR002049,C00329,2025-11-16 14:32:25,70250.0,Completed
PUR002050,C00141,2025-11-16 14:46:16,450.0,Completed
PUR002051,C00236,2025-11-16 15:03:59,6000.0,Completed
PUR002052,C00197,2025-11-16 15:11:22,8400.0,Completed
PUR002053,C00077,2025-11-16 17:27:50,26900.0,Completed
PUR002054,C00464,2025-11-16 17:37:12,130000.0,Completed
PUR002055,C00047,2025-11-16 18:30:25,3650.0,Completed
PUR002056,C00674,2025-11-16 18:54:22,215000.0,Completed
PUR002057,C00456,2025-11-16 19:21:14,4500.0,Completed
PUR002058,C00201,2025-11-16 19:49:12,16800.0,Completed
PUR002059,C00589,2025-11-16 20:25:05,16900.0,Completed
PUR002060,C00523,2025-11-16 20:48:23,14500.0,Completed
PUR002061,C00123,2025-11-16 22:56:36,86400.0,Completed
PUR002062,C00407,2025-11-16 23:00:33,2750.0,Completed
PUR002063,C00550,2025-11-16 23:04:33,6600.0,Completed
PUR002064,C00169,2025-11-17 00:08:04,5400.0,Completed
PUR002065,C00166,2025-11-17 00:39:45,100500.0,Completed
PUR002066,C00576,2025-11-17 00:53:26,2495.0,Completed
PUR002067,C00071,2025-11-17 01:27:39,130000.0,Completed
PUR002068,C00346,2025-11-17 01:33:32,5000.0,Completed
PUR002069,C00719,2025-11-17 02:24:54,27500.0,Completed
PUR002070,C00206,2025-11-17 02:55:33,13500.0,Completed
PUR002071,C00375,2025-11-17 03:14:16,105000.0,Completed
PUR002072,C00471,2025-11-17 03:29:56,32000.0,Completed
PUR002073,C00186,2025-11-17 03:36:35,13500.0,Completed
PUR002074,C00181,2025-11-17 04:14:23,136300.0,Completed
PUR002075,C00387,2025-11-17 04:34:56,6900.0,Completed
PUR002076,C00276,2025-11-17 04:53:41,16800.0,Completed
PUR002077,C00534,2025-11-17 06:40:39,96000.0,Completed
PUR002078,C00559,2025-11-17 06:56:16,9000.0,Completed
PUR002079,C00497,2025-11-17 07:01:02,6400.0,Completed
PUR002080,C00154,2025-11-17 07:36:47,7200.0,Completed
PUR002081,C00041,2025-11-17 07:49:28,71500.0,Completed
PUR002082,C00415,2025-11-17 08:28:21,31400.0,Completed
PUR002083,C00024,2025-11-17 08:29:32,5000.0,Completed
PUR002084,C00276,2025-11-17 11:08:15,1996.0,Completed
PUR002085,C00678,2025-11-17 12:25:58,18500.0,Completed
PUR002086,C00676,2025-11-17 12:53:05,9000.0,Completed
PUR002087,C00088,2025-11-17 13:19:16,18500.0,Completed
PUR002088,C00471,2025-11-17 14:04:47,134000.0,Completed
PUR002089,C00068,2025-11-17 15:02:58,14500.0,Completed
PUR002090,C00341,2025-11-17 15:06:25,236000.0,Completed
PUR002091,C00394,2025-11-17 15:17:42,194000.0,Completed
PUR002092,C00440,2025-11-17 15:27:09,14700.0,Completed
PUR002093,C00349,2025-11-17 16:06:42,8400.0,Completed
PUR002094,C00735,2025-11-17 16:46:40,16950.0,Completed
PUR002095,C00212,2025-11-17 17:06:01,20650.0,Completed
PUR002096,C00739,2025-11-17 17:17:59,5000.0,Completed
PUR002097,C00388,2025-11-17 17:38:38,28750.0,Completed
PUR002098,C00118,2025-11-17 18:29:01,11200.0,Completed
PUR002099,C00169,2025-11-17 19:00:14,1300.0,Completed
PUR002100,C00707,2025-11-17 20:13:25,147500.0,Completed
PUR002101,C00369,2025-11-17 20:25:28,29000.0,Completed
PUR002102,C00542,2025-11-17 21:22:57,30600.0,Completed
PUR002103,C00504,2025-11-17 21:27:54,8400.0,Completed
PUR002104,C00539,2025-11-17 22:03:41,31000.0,Completed
PUR002105,C00525,2025-11-17 22:36:21,1300.0,Completed
PUR002106,C00276,2025-11-17 22:44:21,1497.0,Completed
PUR002107,C00123,2025-11-17 23:44:12,1497.0,Completed
PUR002108,C00316,2025-11-18 00:00:57,215000.0,Completed
PUR002109,C00351,2025-11-18 00:02:33,5400.0,Completed
PUR002110,C00640,2025-11-18 01:07:45,26900.0,Completed
PUR002111,C00094,2025-11-18 03:42:52,13500.0,Completed
PUR002112,C00341,2025-11-18 04:44:05,114500.0,Completed
PUR002113,C00112,2025-11-18 05:17:52,2500.0,Completed
PUR002114,C00344,2025-11-18 05:34:50,170000.0,Completed
PUR002115,C00697,2025-11-18 05:37:08,6900.0,Completed
PUR002116,C00568,2025-11-18 05:46:42,2800.0,Completed
PUR002117,C00400,2025-11-18 06:14:44,21000.0,Completed
PUR002118,C00261,2025-11-18 07:06:12,25000.0,Completed
PUR002119,C00629,2025-11-18 07:16:02,331000.0,Completed
PUR002120,C00510,2025-11-18 08:53:23,18500.0,Completed
PUR002121,C00107,2025-11-18 09:42:46,170000.0,Completed
PUR002122,C00538,2025-11-18 10:07:46,3847.0,Completed
PUR002123,C00627,2025-11-18 10:49:35,29000.0,Completed
PUR002124,C00257,2025-11-18 11:06:03,65000.0,Completed
PUR002125,C00581,2025-11-18 11:11:16,11150.0,Completed
PUR002126,C00484,2025-11-18 11:11:21,12200.0,Completed
PUR002127,C00129,2025-11-18 11:40:40,1250.0,Completed
PUR002128,C00559,2025-11-18 11:43:39,7100.0,Completed
PUR002129,C00576,2025-11-18 12:49:08,37000.0,Completed
PUR002130,C00500,2025-11-18 13:34:42,5300.0,Completed
PUR002131,C00431,2025-11-18 15:19:59,3750.0,Completed
PUR002132,C00100,2025-11-18 15:39:17,21000.0,Completed
PUR002133,C00621,2025-11-18 17:35:35,5600.0,Completed
PUR002134,C00539,2025-11-18 18:07:16,2399.0,Completed
PUR002135,C00516,2025-11-18 18:45:03,106500.0,Completed
PUR002136,C00125,2025-11-18 19:07:39,29000.0,Completed
PUR002137,C00139,2025-11-18 20:01:52,15400.0,Completed
PUR002138,C00373,2025-11-18 20:34:28,12800.0,Completed
PUR002139,C00022,2025-11-18 21:25:25,53800.0,Completed
PUR002140,C00307,2025-11-18 21:27:15,12400.0,Completed
PUR002141,C00542,2025-11-18 22:24:22,55000.0,Completed
PUR002142,C00123,2025-11-18 22:25:21,11200.0,Completed
PUR002143,C00006,2025-11-18 23:07:33,13000.0,Completed
PUR002144,C00286,2025-11-18 23:14:18,13500.0,Completed
PUR002145,C00410,2025-11-19 01:15:35,97000.0,Completed
PUR002146,C00179,2025-11-19 01:39:18,3750.0,Completed
PUR002147,C00743,2025-11-19 02:58:36,7350.0,Completed
PUR002148,C00094,2025-11-19 03:11:18,6550.0,Completed
PUR002149,C00704,2025-11-19 03:42:51,1700.0,Completed
PUR002150,C00330,2025-11-19 03:58:39,170000.0,Completed
PUR002151,C00116,2025-11-19 04:35:51,15650.0,Completed
PUR002152,C00634,2025-11-19 04:43:15,20800.0,Completed
PUR002153,C00500,2025-11-19 05:52:13,78500.0,Completed
PUR002154,C00147,2025-11-19 06:03:52,26700.0,Completed
PUR002155,C00411,2025-11-19 06:09:51,43250.0,Completed
PUR002156,C00200,2025-11-19 06:54:27,14500.0,Completed
PUR002157,C00482,2025-11-19 07:04:59,184500.0,Completed
PUR002158,C00279,2025-11-19 07:05:01,54300.0,Completed
PUR002159,C00670,2025-11-19 07:29:32,5600.0,Completed
PUR002160,C00102,2025-11-19 08:50:09,37500.0,Completed
PUR002161,C00671,2025-11-19 09:07:04,34500.0,Completed
PUR002162,C00683,2025-11-19 09:19:22,11800.0,Completed
PUR002163,C00062,2025-11-19 09:33:57,21850.0,Completed
PUR002164,C00698,2025-11-19 10:23:42,29000.0,Completed
PUR002165,C00734,2025-11-19 10:42:11,23150.0,Completed
PUR002166,C00230,2025-11-19 10:54:46,34000.0,Completed
PUR002167,C00019,2025-11-19 11:35:58,64000.0,Completed
PUR002168,C00431,2025-11-19 12:02:15,41500.0,Completed
PUR002169,C00053,2025-11-19 14:05:52,13598.0,Completed
PUR002170,C00748,2025-11-19 14:21:31,2250.0,Completed
PUR002171,C00082,2025-11-19 15:25:18,3050.0,Completed
PUR002172,C00360,2025-11-19 15:41:06,12600.0,Completed
PUR002173,C00454,2025-11-19 15:53:34,188500.0,Completed
PUR002174,C00585,2025-11-19 15:56:52,45300.0,Completed
PUR002175,C00330,2025-11-19 17:54:41,163000.0,Completed
PUR002176,C00183,2025-11-19 17:55:58,207000.0,Completed
PUR002177,C00337,2025-11-19 18:07:17,55000.0,Completed
PUR002178,C00560,2025-11-19 19:00:56,13850.0,Completed
PUR002179,C00099,2025-11-19 20:49:09,4200.0,Completed
PUR002180,C00674,2025-11-19 22:00:50,148500.0,Completed
PUR002181,C00130,2025-11-19 23:01:08,14500.0,Completed
PUR002182,C00670,2025-11-19 23:12:28,2250.0,Completed
PUR002183,C00290,2025-11-19 23:40:16,13800.0,Completed
PUR002184,C00719,2025-11-20 00:06:04,2550.0,Completed
PUR002185,C00580,2025-11-20 00:11:32,15050.0,Completed
PUR002186,C00661,2025-11-20 00:40:05,170000.0,Completed
PUR002187,C00439,2025-11-20 00:52:02,4850.0,Completed
PUR002188,C00506,2025-11-20 01:14:31,10500.0,Completed
PUR002189,C00541,2025-11-20 01:38:32,24200.0,Completed
PUR002190,C00467,2025-11-20 02:50:06,7300.0,Completed
PUR002191,C00125,2025-11-20 04:09:16,9000.0,Completed
PUR002192,C00696,2025-11-20 04:51:17,122000.0,Completed
PUR002193,C00249,2025-11-20 05:04:52,26500.0,Completed
PUR002194,C00162,2025-11-20 05:15:37,1250.0,Completed
PUR002195,C00582,2025-11-20 05:48:58,34400.0,Completed
PUR002196,C00273,2025-11-20 06:35:08,65000.0,Completed
PUR002197,C00450,2025-11-20 06:49:35,4800.0,Completed
PUR002198,C00498,2025-11-20 08:07:15,18500.0,Completed
PUR002199,C00086,2025-11-20 08:53:24,20800.0,Completed
PUR002200,C00330,2025-11-20 09:04:29,18500.0,Completed
PUR002201,C00735,2025-11-20 09:27:44,25300.0,Completed
PUR002202,C00039,2025-11-20 11:30:24,12500.0,Completed
PUR002203,C00356,2025-11-20 12:16:05,9500.0,Completed
PUR002204,C00619,2025-11-20 12:48:59,86900.0,Completed
PUR002205,C00465,2025-11-20 13:09:36,9000.0,Completed
PUR002206,C00454,2025-11-20 14:03:25,16800.0,Completed
PUR002207,C00040,2025-11-20 14:26:55,96000.0,Completed
PUR002208,C00688,2025-11-20 14:51:24,18000.0,Completed
PUR002209,C00191,2025-11-20 15:21:59,28800.0,Completed
PUR002210,C00506,2025-11-20 15:38:19,109500.0,Completed
PUR002211,C00325,2025-11-20 15:46:26,13345.0,Completed
PUR002212,C00346,2025-11-20 16:52:57,1800.0,Completed
PUR002213,C00555,2025-11-20 17:19:05,14500.0,Completed
PUR002214,C00625,2025-11-20 17:24:03,30700.0,Completed
PUR002215,C00223,2025-11-20 18:28:00,15100.0,Completed
PUR002216,C00712,2025-11-20 19:32:05,23700.0,Completed
PUR002217,C00431,2025-11-20 21:18:31,4500.0,Completed
PUR002218,C00701,2025-11-20 21:24:59,41500.0,Completed
PUR002219,C00007,2025-11-20 21:31:58,85000.0,Completed
PUR002220,C00298,2025-11-20 22:33:00,49250.0,Completed
PUR002221,C00095,2025-11-20 23:18:54,4550.0,Completed
PUR002222,C00487,2025-11-21 00:37:18,73000.0,Completed
PUR002223,C00403,2025-11-21 01:47:16,8400.0,Completed
PUR002224,C00551,2025-11-21 01:52:26,202000.0,Completed
PUR002225,C00135,2025-11-21 02:03:17,23050.0,Completed
PUR002226,C00165,2025-11-21 02:28:27,13550.0,Completed
PUR002227,C00484,2025-11-21 03:25:37,5100.0,Completed
PUR002228,C00625,2025-11-21 04:02:03,27899.0,Completed
PUR002229,C00255,2025-11-21 05:40:54,16800.0,Completed
PUR002230,C00586,2025-11-21 06:10:43,28000.0,Completed
PUR002231,C00185,2025-11-21 06:37:39,32000.0,Completed
PUR002232,C00647,2025-11-21 06:39:49,650.0,Completed
PUR002233,C00280,2025-11-21 07:03:57,8400.0,Completed
PUR002234,C00055,2025-11-21 07:41:32,9000.0,Completed
PUR002235,C00391,2025-11-21 08:15:55,8800.0,Completed
PUR002236,C00579,2025-11-21 08:19:50,9050.0,Completed
PUR002237,C00707,2025-11-21 09:14:04,93000.0,Completed
PUR002238,C00424,2025-11-21 09:21:49,499.0,Completed
PUR002239,C00459,2025-11-21 10:18:42,21000.0,Completed
PUR002240,C00721,2025-11-21 11:03:43,11200.0,Completed
PUR002241,C00619,2025-11-21 12:17:23,60300.0,Completed
PUR002242,C00267,2025-11-21 12:52:42,11200.0,Completed
PUR002243,C00224,2025-11-21 13:43:56,25000.0,Completed
PUR002244,C00255,2025-11-21 14:57:46,7350.0,Completed
PUR002245,C00574,2025-11-21 15:44:50,18500.0,Completed
PUR002246,C00054,2025-11-21 16:48:38,101000.0,Completed
PUR002247,C00589,2025-11-21 17:23:31,8250.0,Completed
PUR002248,C00686,2025-11-21 17:36:30,65000.0,Completed
PUR002249,C00506,2025-11-21 17:36:59,28100.0,Completed
PUR002250,C00707,2025-11-21 18:26:41,3850.0,Completed
PUR002251,C00645,2025-11-21 19:13:02,32000.0,Completed
PUR002252,C00711,2025-11-21 20:07:15,998.0,Completed
PUR002253,C00686,2025-11-21 20:17:47,103000.0,Completed
PUR002254,C00282,2025-11-21 21:44:43,20500.0,Completed
PUR002255,C00493,2025-11-21 23:16:27,15749.0,Completed
PUR002256,C00597,2025-11-21 23:36:27,79500.0,Completed
PUR002257,C00599,2025-11-22 00:54:06,13500.0,Completed
PUR002258,C00549,2025-11-22 01:47:44,20200.0,Completed
PUR002259,C00642,2025-11-22 01:48:14,6350.0,Completed
PUR002260,C00091,2025-11-22 02:33:09,13500.0,Completed
PUR002261,C00487,2025-11-22 04:23:06,18000.0,Completed
PUR002262,C00738,2025-11-22 04:23:19,12800.0,Completed
PUR002263,C00577,2025-11-22 04:39:47,4050.0,Completed
PUR002264,C00449,2025-11-22 04:49:59,4800.0,Completed
PUR002265,C00157,2025-11-22 05:19:52,9000.0,Completed
PUR002266,C00651,2025-11-22 05:24:14,18000.0,Completed
PUR002267,C00555,2025-11-22 06:00:32,51500.0,Completed
PUR002268,C00277,2025-11-22 06:13:24,21000.0,Completed
PUR002269,C00493,2025-11-22 06:37:28,5000.0,Completed
PUR002270,C00662,2025-11-22 06:57:20,170000.0,Completed
PUR002271,C00341,2025-11-22 07:35:20,85000.0,Completed
PUR002272,C00605,2025-11-22 08:26:50,130000.0,Completed
PUR002273,C00303,2025-11-22 08:43:38,6595.0,Completed
PUR002274,C00252,2025-11-22 09:11:14,18500.0,Completed
PUR002275,C00600,2025-11-22 09:56:58,75200.0,Completed
PUR002276,C00053,2025-11-22 10:04:01,16300.0,Completed
PUR002277,C00510,2025-11-22 10:40:41,130000.0,Completed
PUR002278,C00521,2025-11-22 10:48:15,32000.0,Completed
PUR002279,C00077,2025-11-22 11:13:04,44500.0,Completed
PUR002280,C00089,2025-11-22 11:17:09,96000.0,Completed
PUR002281,C00550,2025-11-22 11:54:06,4950.0,Completed
PUR002282,C00370,2025-11-22 12:07:12,3600.0,Completed
PUR002283,C00139,2025-11-22 12:21:00,13700.0,Completed
PUR002284,C00459,2025-11-22 13:51:46,20000.0,Completed
PUR002285,C00042,2025-11-22 13:53:42,8850.0,Completed
PUR002286,C00388,2025-11-22 13:55:37,4500.0,Completed
PUR002287,C00382,2025-11-22 13:59:44,13450.0,Completed
PUR002288,C00218,2025-11-22 15:27:08,9000.0,Completed
PUR002289,C00121,2025-11-22 16:18:30,10600.0,Completed
PUR002290,C00086,2025-11-22 17:59:57,4200.0,Completed
PUR002291,C00366,2025-11-22 18:17:03,5050.0,Completed
PUR002292,C00715,2025-11-22 19:02:44,2800.0,Completed
PUR002293,C00474,2025-11-22 19:16:13,5600.0,Completed
PUR002294,C00291,2025-11-22 19:51:21,5600.0,Completed
PUR002295,C00546,2025-11-22 20:05:39,6150.0,Completed
PUR002296,C00105,2025-11-22 20:15:11,4500.0,Completed
PUR002297,C00407,2025-11-22 20:36:37,4400.0,Completed
PUR002298,C00673,2025-11-22 22:06:19,252500.0,Completed
PUR002299,C00285,2025-11-23 00:13:21,94600.0,Completed
PUR002300,C00592,2025-11-23 00:33:49,10950.0,Completed
PUR002301,C00634,2025-11-23 01:29:31,16000.0,Completed
PUR002302,C00642,2025-11-23 01:33:09,9000.0,Completed
PUR002303,C00099,2025-11-23 02:45:17,25100.0,Completed
PUR002304,C00470,2025-11-23 02:55:01,2750.0,Completed
PUR002305,C00621,2025-11-23 03:18:08,2800.0,Completed
PUR002306,C00017,2025-11-23 03:36:02,13500.0,Completed
PUR002307,C00577,2025-11-23 06:11:02,166000.0,Completed
PUR002308,C00434,2025-11-23 06:24:39,37750.0,Completed
PUR002309,C00646,2025-11-23 09:18:38,3800.0,Completed
PUR002310,C00164,2025-11-23 11:26:15,45200.0,Completed
PUR002311,C00586,2025-11-23 12:30:20,159000.0,Completed
PUR002312,C00550,2025-11-23 13:04:24,1950.0,Completed
PUR002313,C00606,2025-11-23 13:13:38,92500.0,Completed
PUR002314,C00736,2025-11-23 13:36:56,55000.0,Completed
PUR002315,C00551,2025-11-23 13:39:03,53800.0,Completed
PUR002316,C00446,2025-11-23 13:39:20,28450.0,Completed
PUR002317,C00563,2025-11-23 13:58:44,11200.0,Completed
PUR002318,C00298,2025-11-23 14:12:06,36000.0,Completed
PUR002319,C00099,2025-11-23 14:14:20,4500.0,Completed
PUR002320,C00270,2025-11-23 14:14:56,71500.0,Completed
PUR002321,C00412,2025-11-23 14:22:08,10650.0,Completed
PUR002322,C00404,2025-11-23 14:26:55,4250.0,Completed
PUR002323,C00552,2025-11-23 17:39:39,18100.0,Completed
PUR002324,C00104,2025-11-23 18:38:57,25000.0,Completed
PUR002325,C00113,2025-11-23 19:04:26,9000.0,Completed
PUR002326,C00228,2025-11-23 20:07:18,1250.0,Completed
PUR002327,C00273,2025-11-23 20:19:11,1100.0,Completed
PUR002328,C00739,2025-11-23 21:26:05,19600.0,Completed
PUR002329,C00272,2025-11-23 22:24:41,2600.0,Completed
PUR002330,C00712,2025-11-23 22:32:09,5000.0,Completed
PUR002331,C00641,2025-11-23 23:01:29,2896.0,Completed
PUR002332,C00372,2025-11-23 23:59:29,31600.0,Completed
PUR002333,C00514,2025-11-24 00:24:26,9000.0,Completed
PUR002334,C00171,2025-11-24 00:49:57,2400.0,Completed
PUR002335,C00631,2025-11-24 01:41:08,15400.0,Completed
PUR002336,C00586,2025-11-24 01:59:34,9000.0,Completed
PUR002337,C00719,2025-11-24 03:14:35,15750.0,Completed
PUR002338,C00611,2025-11-24 03:25:42,8300.0,Completed
PUR002339,C00348,2025-11-24 03:34:00,170000.0,Completed
PUR002340,C00378,2025-11-24 03:49:55,3900.0,Completed
PUR002341,C00407,2025-11-24 04:06:09,13500.0,Completed
PUR002342,C00013,2025-11-24 05:40:21,14550.0,Completed
PUR002343,C00206,2025-11-24 07:51:21,61000.0,Completed
PUR002344,C00157,2025-11-24 08:55:15,64100.0,Completed
PUR002345,C00511,2025-11-24 08:59:08,29000.0,Completed
PUR002346,C00698,2025-11-24 10:42:34,110500.0,Completed
PUR002347,C00712,2025-11-24 10:57:08,3100.0,Completed
PUR002348,C00230,2025-11-24 10:57:24,3250.0,Completed
PUR002349,C00173,2025-11-24 12:36:16,33000.0,Completed
PUR002350,C00584,2025-11-24 12:49:03,14500.0,Completed
PUR002351,C00310,2025-11-24 13:31:34,64000.0,Completed
PUR002352,C00742,2025-11-24 13:36:52,31700.0,Completed
PUR002353,C00466,2025-11-24 13:40:08,18000.0,Completed
PUR002354,C00670,2025-11-24 14:05:58,10946.0,Completed
PUR002355,C00023,2025-11-24 15:07:33,1250.0,Completed
PUR002356,C00169,2025-11-24 15:08:14,8800.0,Completed
PUR002357,C00589,2025-11-24 15:13:55,91500.0,Completed
PUR002358,C00452,2025-11-24 15:33:19,29000.0,Completed
PUR002359,C00686,2025-11-24 15:38:56,196000.0,Completed
PUR002360,C00009,2025-11-24 17:13:18,3750.0,Completed
PUR002361,C00488,2025-11-24 17:14:46,900.0,Completed
PUR002362,C00440,2025-11-24 17:41:11,18500.0,Completed
PUR002363,C00706,2025-11-24 19:51:15,69000.0,Completed
PUR002364,C00013,2025-11-24 19:54:48,10497.0,Completed
PUR002365,C00128,2025-11-24 20:33:13,59900.0,Completed
PUR002366,C00735,2025-11-24 20:33:27,45650.0,Completed
PUR002367,C00393,2025-11-24 22:05:58,184500.0,Completed
PUR002368,C00333,2025-11-24 22:43:32,18850.0,Completed
PUR002369,C00005,2025-11-24 23:51:13,37000.0,Completed
PUR002370,C00650,2025-11-25 00:25:50,18000.0,Completed
PUR002371,C00696,2025-11-25 00:49:54,170000.0,Completed
PUR002372,C00466,2025-11-25 02:06:27,3800.0,Completed
PUR002373,C00748,2025-11-25 02:06:42,4500.0,Completed
PUR002374,C00721,2025-11-25 05:25:28,9000.0,Completed
PUR002375,C00341,2025-11-25 05:41:43,179000.0,Completed
PUR002376,C00491,2025-11-25 05:55:23,184500.0,Completed
PUR002377,C00555,2025-11-25 07:02:41,31000.0,Completed
PUR002378,C00094,2025-11-25 07:21:52,4800.0,Completed
PUR002379,C00176,2025-11-25 07:37:57,27100.0,Completed
PUR002380,C00127,2025-11-25 08:56:41,53000.0,Completed
PUR002381,C00007,2025-11-25 09:24:58,3600.0,Completed
PUR002382,C00643,2025-11-25 11:50:49,66600.0,Completed
PUR002383,C00145,2025-11-25 13:01:57,2200.0,Completed
PUR002384,C00632,2025-11-25 13:47:40,32000.0,Completed
PUR002385,C00730,2025-11-25 13:49:17,56250.0,Completed
PUR002386,C00729,2025-11-25 14:37:24,92500.0,Completed
PUR002387,C00401,2025-11-25 15:20:10,4500.0,Completed
PUR002388,C00631,2025-11-25 18:45:45,9000.0,Completed
PUR002389,C00268,2025-11-25 18:46:27,14500.0,Completed
PUR002390,C00259,2025-11-25 18:51:21,15400.0,Completed
PUR002391,C00321,2025-11-25 20:41:07,5600.0,Completed
PUR002392,C00216,2025-11-25 21:54:55,66000.0,Completed
PUR002393,C00106,2025-11-25 21:57:56,83000.0,Completed
PUR002394,C00101,2025-11-25 22:57:06,4500.0,Completed
PUR002395,C00193,2025-11-25 23:00:37,77800.0,Completed
PUR002396,C00462,2025-11-25 23:35:44,12500.0,Completed
PUR002397,C00147,2025-11-25 23:58:39,64000.0,Completed
PUR002398,C00683,2025-11-26 00:01:16,4500.0,Completed
PUR002399,C00477,2025-11-26 01:11:45,14797.0,Completed
PUR002400,C00464,2025-11-26 01:51:10,41000.0,Completed
PUR002401,C00615,2025-11-26 02:09:33,24600.0,Completed
PUR002402,C00748,2025-11-26 02:19:11,130000.0,Completed
PUR002403,C00188,2025-11-26 02:23:43,4200.0,Completed
PUR002404,C00130,2025-11-26 03:40:05,19600.0,Completed
PUR002405,C00093,2025-11-26 05:37:07,5600.0,Completed
PUR002406,C00255,2025-11-26 06:30:55,1500.0,Completed
PUR002407,C00007,2025-11-26 06:31:32,3750.0,Completed
PUR002408,C00416,2025-11-26 08:05:13,50500.0,Completed
PUR002409,C00344,2025-11-26 08:11:27,1250.0,Completed
PUR002410,C00484,2025-11-26 08:18:54,37500.0,Completed
PUR002411,C00530,2025-11-26 09:15:32,1300.0,Completed
PUR002412,C00440,2025-11-26 09:30:41,218000.0,Completed
PUR002413,C00650,2025-11-26 09:39:39,5997.0,Completed
PUR002414,C00002,2025-11-26 10:41:04,11395.0,Completed
PUR002415,C00025,2025-11-26 12:09:11,33400.0,Completed
PUR002416,C00088,2025-11-26 13:39:45,85000.0,Completed
PUR002417,C00511,2025-11-26 13:49:39,31500.0,Completed
PUR002418,C00090,2025-11-26 14:04:21,93000.0,Completed
PUR002419,C00282,2025-11-26 14:28:27,3900.0,Completed
PUR002420,C00143,2025-11-26 15:54:32,46000.0,Completed
PUR002421,C00207,2025-11-26 17:23:07,123500.0,Completed
PUR002422,C00462,2025-11-26 18:52:51,1800.0,Completed
PUR002423,C00683,2025-11-26 19:33:03,6698.0,Completed
PUR002424,C00120,2025-11-26 19:46:44,1250.0,Completed
PUR002425,C00668,2025-11-26 20:17:44,4950.0,Completed
PUR002426,C00403,2025-11-26 20:33:25,6250.0,Completed
PUR002427,C00026,2025-11-26 22:20:57,5398.0,Completed
PUR002428,C00739,2025-11-26 23:13:11,6350.0,Completed
PUR002429,C00282,2025-11-26 23:36:01,12500.0,Completed
PUR002430,C00191,2025-11-27 02:18:45,66500.0,Completed
PUR002431,C00612,2025-11-27 02:57:41,1200.0,Completed
PUR002432,C00643,2025-11-27 04:52:42,18500.0,Completed
PUR002433,C00185,2025-11-27 05:05:05,4598.0,Completed
PUR002434,C00454,2025-11-27 06:26:55,7600.0,Completed
PUR002435,C00286,2025-11-27 07:33:25,11200.0,Completed
PUR002436,C00075,2025-11-27 07:59:59,13500.0,Completed
PUR002437,C00719,2025-11-27 08:16:10,18600.0,Completed
PUR002438,C00216,2025-11-27 08:21:10,1996.0,Completed
PUR002439,C00130,2025-11-27 08:35:58,3600.0,Completed
PUR002440,C00042,2025-11-27 08:40:14,37400.0,Completed
PUR002441,C00004,2025-11-27 09:46:16,5100.0,Completed
PUR002442,C00022,2025-11-27 10:34:40,26300.0,Completed
PUR002443,C00157,2025-11-27 11:47:32,9000.0,Completed
PUR002444,C00303,2025-11-27 11:56:14,85000.0,Completed
PUR002445,C00316,2025-11-27 15:06:23,13750.0,Completed
PUR002446,C00587,2025-11-27 15:55:53,33700.0,Completed
PUR002447,C00431,2025-11-27 15:56:23,550.0,Completed
PUR002448,C00181,2025-11-27 16:46:18,13500.0,Completed
PUR002449,C00535,2025-11-27 18:10:41,37000.0,Completed
PUR002450,C00126,2025-11-27 19:10:41,12150.0,Completed
PUR002451,C00286,2025-11-27 19:31:35,3400.0,Completed
PUR002452,C00682,2025-11-27 19:35:49,37000.0,Completed
PUR002453,C00341,2025-11-27 19:52:06,5700.0,Completed
PUR002454,C00212,2025-11-27 19:57:40,26500.0,Completed
PUR002455,C00129,2025-11-27 21:52:57,2600.0,Completed
PUR002456,C00427,2025-11-27 22:43:24,13500.0,Completed
PUR002457,C00586,2025-11-28 00:38:35,45400.0,Completed
PUR002458,C00106,2025-11-28 00:40:21,14500.0,Completed
PUR002459,C00381,2025-11-28 01:01:11,25000.0,Completed
PUR002460,C00162,2025-11-28 02:09:33,7300.0,Completed
PUR002461,C00533,2025-11-28 02:48:19,1250.0,Completed
PUR002462,C00005,2025-11-28 04:19:21,56000.0,Completed
PUR002463,C00498,2025-11-28 04:45:23,5600.0,Completed
PUR002464,C00423,2025-11-28 07:00:49,2400.0,Completed
PUR002465,C00271,2025-11-28 07:01:26,7200.0,Completed
PUR002466,C00024,2025-11-28 07:50:40,22100.0,Completed
PUR002467,C00412,2025-11-28 08:03:03,11796.0,Completed
PUR002468,C00207,2025-11-28 08:06:13,4500.0,Completed
PUR002469,C00597,2025-11-28 08:36:56,33500.0,Completed
PUR002470,C00449,2025-11-28 10:39:09,13500.0,Completed
PUR002471,C00019,2025-11-28 10:41:50,550.0,Completed
PUR002472,C00396,2025-11-28 11:33:38,7300.0,Completed
PUR002473,C00707,2025-11-28 13:27:24,18350.0,Completed
PUR002474,C00742,2025-11-28 14:13:48,5000.0,Completed
PUR002475,C00594,2025-11-28 15:44:53,39500.0,Completed
PUR002476,C00431,2025-11-28 16:03:50,13500.0,Completed
PUR002477,C00631,2025-11-28 16:09:12,9000.0,Completed
PUR002478,C00528,2025-11-28 16:13:53,5400.0,Completed
PUR002479,C00607,2025-11-28 16:53:06,5100.0,Completed
PUR002480,C00380,2025-11-28 17:06:29,5000.0,Completed
PUR002481,C00311,2025-11-28 17:28:21,13500.0,Completed
PUR002482,C00525,2025-11-28 17:35:26,12500.0,Completed
PUR002483,C00671,2025-11-28 20:19:43,23150.0,Completed
PUR002484,C00106,2025-11-28 21:29:35,9000.0,Completed
PUR002485,C00272,2025-11-28 22:34:19,1900.0,Completed
PUR002486,C00567,2025-11-28 22:44:29,17100.0,Completed
PUR002487,C00329,2025-11-28 22:50:29,14500.0,Completed
PUR002488,C00344,2025-11-29 00:13:49,130000.0,Completed
PUR002489,C00640,2025-11-29 01:02:55,8100.0,Completed
PUR002490,C00641,2025-11-29 02:59:08,53300.0,Completed
PUR002491,C00406,2025-11-29 05:27:12,15895.0,Completed
PUR002492,C00309,2025-11-29 05:29:13,4500.0,Completed
PUR002493,C00094,2025-11-29 05:39:16,1950.0,Completed
PUR002494,C00074,2025-11-29 06:17:10,8598.0,Completed
PUR002495,C00689,2025-11-29 06:50:28,261500.0,Completed
PUR002496,C00104,2025-11-29 07:36:43,29000.0,Completed
PUR002497,C00052,2025-11-29 09:02:52,32200.0,Completed
PUR002498,C00531,2025-11-29 09:19:46,55500.0,Completed
PUR002499,C00382,2025-11-29 09:32:51,116500.0,Completed
PUR002500,C00303,2025-11-29 09:43:54,50500.0,Completed
PUR002501,C00282,2025-11-29 10:04:28,8750.0,Completed
PUR002502,C00642,2025-11-29 10:16:43,137250.0,Completed
PUR002503,C00749,2025-11-29 11:46:52,14500.0,Completed
PUR002504,C00380,2025-11-29 11:47:11,13500.0,Completed
PUR002505,C00215,2025-11-29 11:48:25,28750.0,Completed
PUR002506,C00477,2025-11-29 14:43:45,16800.0,Completed
PUR002507,C00387,2025-11-29 15:23:29,1996.0,Completed
PUR002508,C00413,2025-11-29 15:30:27,21000.0,Completed
PUR002509,C00682,2025-11-29 16:52:02,21000.0,Completed
PUR002510,C00011,2025-11-29 17:16:55,3300.0,Completed
PUR002511,C00657,2025-11-29 17:17:08,50500.0,Completed
PUR002512,C00067,2025-11-29 17:34:51,37400.0,Completed
PUR002513,C00597,2025-11-29 19:31:43,2800.0,Completed
PUR002514,C00123,2025-11-29 19:40:05,11200.0,Completed
PUR002515,C00309,2025-11-29 20:40:47,3050.0,Completed
PUR002516,C00472,2025-11-29 23:11:18,5650.0,Completed
PUR002517,C00606,2025-11-29 23:12:20,6250.0,Completed
PUR002518,C00349,2025-11-30 00:30:15,14650.0,Completed
PUR002519,C00078,2025-11-30 01:24:01,3750.0,Completed
PUR002520,C00607,2025-11-30 01:52:06,19850.0,Completed
PUR002521,C00654,2025-11-30 02:27:24,900.0,Completed
PUR002522,C00446,2025-11-30 03:01:44,12900.0,Completed
PUR002523,C00062,2025-11-30 03:31:32,2600.0,Completed
PUR002524,C00606,2025-11-30 03:54:13,31400.0,Completed
PUR002525,C00133,2025-11-30 04:43:04,32000.0,Completed
PUR002526,C00101,2025-11-30 05:01:29,4500.0,Completed
PUR002527,C00270,2025-11-30 05:57:25,1149.0,Completed
PUR002528,C00696,2025-11-30 06:42:46,235000.0,Completed
PUR002529,C00735,2025-11-30 07:17:26,12300.0,Completed
PUR002530,C00175,2025-11-30 08:20:14,18000.0,Completed
PUR002531,C00464,2025-11-30 09:04:02,15950.0,Completed
PUR002532,C00555,2025-11-30 10:58:37,219000.0,Completed
PUR002533,C00193,2025-11-30 11:07:24,170000.0,Completed
PUR002534,C00688,2025-11-30 13:24:07,4400.0,Completed
PUR002535,C00050,2025-11-30 14:12:06,85000.0,Completed
PUR002536,C00507,2025-11-30 15:08:33,85000.0,Completed
PUR002537,C00569,2025-11-30 16:48:11,450.0,Completed
PUR002538,C00164,2025-11-30 16:55:51,18000.0,Completed
PUR002539,C00195,2025-11-30 17:05:55,27798.0,Completed
PUR002540,C00001,2025-11-30 18:52:52,2200.0,Completed
PUR002541,C00320,2025-11-30 19:34:49,8400.0,Completed
PUR002542,C00537,2025-11-30 21:08:39,46000.0,Completed
PUR002543,C00514,2025-11-30 21:30:20,118500.0,Completed
PUR002544,C00736,2025-12-01 00:47:26,12500.0,Completed
PUR002545,C00166,2025-12-01 01:49:38,13500.0,Completed
PUR002546,C00167,2025-12-01 02:25:12,31400.0,Completed
PUR002547,C00615,2025-12-01 02:31:30,14600.0,Completed
PUR002548,C00247,2025-12-01 02:42:05,4200.0,Completed
PUR002549,C00555,2025-12-01 02:54:14,25000.0,Completed
PUR002550,C00674,2025-12-01 04:33:31,161000.0,Completed
PUR002551,C00154,2025-12-01 04:40:28,5000.0,Completed
PUR002552,C00461,2025-12-01 05:10:59,234000.0,Completed
PUR002553,C00280,2025-12-01 05:21:07,18600.0,Completed
PUR002554,C00525,2025-12-01 07:41:50,6300.0,Completed
PUR002555,C00002,2025-12-01 08:02:58,2700.0,Completed
PUR002556,C00197,2025-12-01 08:13:12,313500.0,Completed
PUR002557,C00100,2025-12-01 09:17:08,50500.0,Completed
PUR002558,C00594,2025-12-01 09:38:17,32000.0,Completed
PUR002559,C00147,2025-12-01 11:21:57,4500.0,Completed
PUR002560,C00503,2025-12-01 13:33:58,11000.0,Completed
PUR002561,C00206,2025-12-01 14:22:46,64000.0,Completed
PUR002562,C00499,2025-12-01 14:38:01,64000.0,Completed
PUR002563,C00578,2025-12-01 14:57:47,17600.0,Completed
PUR002564,C00569,2025-12-01 14:57:54,19000.0,Completed
PUR002565,C00111,2025-12-01 16:06:54,37000.0,Completed
PUR002566,C00635,2025-12-01 18:52:10,7600.0,Completed
PUR002567,C00589,2025-12-01 19:23:22,25000.0,Completed
PUR002568,C00588,2025-12-01 19:23:25,3750.0,Completed
PUR002569,C00242,2025-12-01 21:54:02,39500.0,Completed
PUR002570,C00147,2025-12-01 22:05:27,5600.0,Completed
PUR002571,C00234,2025-12-01 22:53:20,122000.0,Completed
PUR002572,C00492,2025-12-02 00:30:38,50500.0,Completed
PUR002573,C00456,2025-12-02 00:49:36,21500.0,Completed
PUR002574,C00677,2025-12-02 02:37:47,78600.0,Completed
PUR002575,C00060,2025-12-02 02:55:01,46000.0,Completed
PUR002576,C00732,2025-12-02 02:56:03,32000.0,Completed
PUR002577,C00465,2025-12-02 03:39:40,13500.0,Completed
PUR002578,C00068,2025-12-02 04:50:43,550.0,Completed
PUR002579,C00357,2025-12-02 05:03:20,18500.0,Completed
PUR002580,C00713,2025-12-02 05:31:59,114000.0,Completed
PUR002581,C00351,2025-12-02 06:22:31,49500.0,Completed
PUR002582,C00712,2025-12-02 06:25:37,8400.0,Completed
PUR002583,C00629,2025-12-02 07:09:23,9000.0,Completed
PUR002584,C00323,2025-12-02 07:36:54,8400.0,Completed
PUR002585,C00292,2025-12-02 08:39:49,17500.0,Completed
PUR002586,C00286,2025-12-02 09:16:42,37500.0,Completed
PUR002587,C00271,2025-12-02 09:27:27,37000.0,Completed
PUR002588,C00079,2025-12-02 10:38:29,7095.0,Completed
PUR002589,C00594,2025-12-02 12:49:49,96000.0,Completed
PUR002590,C00574,2025-12-02 13:32:44,13500.0,Completed
PUR002591,C00233,2025-12-02 14:28:06,13500.0,Completed
PUR002592,C00355,2025-12-02 14:32:54,15600.0,Completed
PUR002593,C00549,2025-12-02 14:39:49,5100.0,Completed
PUR002594,C00286,2025-12-02 15:05:04,4500.0,Completed
PUR002595,C00388,2025-12-02 15:27:46,22250.0,Completed
PUR002596,C00334,2025-12-02 18:37:40,1950.0,Completed
PUR002597,C00563,2025-12-02 23:01:28,8400.0,Completed
PUR002598,C00525,2025-12-02 23:30:04,6700.0,Completed
PUR002599,C00549,2025-12-02 23:31:58,5600.0,Completed
PUR002600,C00459,2025-12-03 00:40:36,2800.0,Completed
PUR002601,C00306,2025-12-03 00:56:43,450.0,Completed
PUR002602,C00095,2025-12-03 01:41:57,3750.0,Completed
PUR002603,C00570,2025-12-03 03:19:06,13500.0,Completed
PUR002604,C00414,2025-12-03 04:28:39,19600.0,Completed
PUR002605,C00641,2025-12-03 04:49:11,25000.0,Completed
PUR002606,C00461,2025-12-03 06:13:49,8400.0,Completed
PUR002607,C00154,2025-12-03 07:22:28,154500.0,Completed
PUR002608,C00410,2025-12-03 07:31:15,49600.0,Completed
PUR002609,C00346,2025-12-03 07:32:24,9500.0,Completed
PUR002610,C00178,2025-12-03 07:46:47,9200.0,Completed
PUR002611,C00282,2025-12-03 08:56:05,9750.0,Completed
PUR002612,C00100,2025-12-03 10:02:56,22800.0,Completed
PUR002613,C00637,2025-12-03 10:28:43,7200.0,Completed
PUR002614,C00515,2025-12-03 11:23:32,2200.0,Completed
PUR002615,C00455,2025-12-03 11:29:31,12900.0,Completed
PUR002616,C00531,2025-12-03 13:15:45,15695.0,Completed
PUR002617,C00619,2025-12-03 14:48:10,4050.0,Completed
PUR002618,C00525,2025-12-03 15:10:41,2495.0,Completed
PUR002619,C00631,2025-12-03 15:11:55,10850.0,Completed
PUR002620,C00169,2025-12-03 15:35:56,998.0,Completed
PUR002621,C00412,2025-12-03 18:45:36,4500.0,Completed
PUR002622,C00136,2025-12-03 19:52:42,5100.0,Completed
PUR002623,C00613,2025-12-03 20:11:57,3750.0,Completed
PUR002624,C00379,2025-12-03 20:56:32,20395.0,Completed
PUR002625,C00166,2025-12-03 23:16:49,5600.0,Completed
PUR002626,C00592,2025-12-03 23:58:02,181000.0,Completed
PUR002627,C00088,2025-12-04 00:03:43,184500.0,Completed
PUR002628,C00592,2025-12-04 02:43:26,64000.0,Completed
PUR002629,C00391,2025-12-04 02:56:48,13200.0,Completed
PUR002630,C00095,2025-12-04 02:58:15,16800.0,Completed
PUR002631,C00432,2025-12-04 03:44:02,162000.0,Completed
PUR002632,C00734,2025-12-04 04:31:06,19300.0,Completed
PUR002633,C00735,2025-12-04 04:45:23,29650.0,Completed
PUR002634,C00325,2025-12-04 04:55:41,21600.0,Completed
PUR002635,C00309,2025-12-04 05:25:25,17400.0,Completed
PUR002636,C00279,2025-12-04 05:33:58,65000.0,Completed
PUR002637,C00497,2025-12-04 06:47:19,77500.0,Completed
PUR002638,C00336,2025-12-04 07:02:37,25800.0,Completed
PUR002639,C00183,2025-12-04 07:07:20,32000.0,Completed
PUR002640,C00094,2025-12-04 11:00:46,19200.0,Completed
PUR002641,C00327,2025-12-04 11:20:57,22100.0,Completed
PUR002642,C00650,2025-12-04 12:13:38,16600.0,Completed
PUR002643,C00744,2025-12-04 13:14:42,29000.0,Completed
PUR002644,C00334,2025-12-04 13:20:20,4400.0,Completed
PUR002645,C00542,2025-12-04 13:37:15,18500.0,Completed
PUR002646,C00448,2025-12-04 14:25:22,3400.0,Completed
PUR002647,C00555,2025-12-04 15:31:03,65000.0,Completed
PUR002648,C00270,2025-12-04 17:54:09,74600.0,Completed
PUR002649,C00152,2025-12-04 17:54:22,19900.0,Completed
PUR002650,C00439,2025-12-04 17:58:06,52550.0,Completed
PUR002651,C00008,2025-12-04 18:35:24,18500.0,Completed
PUR002652,C00152,2025-12-04 18:54:53,215000.0,Completed
PUR002653,C00358,2025-12-04 19:13:48,101000.0,Completed
PUR002654,C00161,2025-12-04 20:30:14,28250.0,Completed
PUR002655,C00075,2025-12-04 21:00:19,148500.0,Completed
PUR002656,C00157,2025-12-04 21:12:55,7600.0,Completed
PUR002657,C00514,2025-12-04 21:25:03,2250.0,Completed
PUR002658,C00578,2025-12-04 21:45:23,32000.0,Completed
PUR002659,C00168,2025-12-04 22:01:32,65000.0,Completed
PUR002660,C00115,2025-12-04 22:29:03,2400.0,Completed
PUR002661,C00633,2025-12-04 23:04:44,1996.0,Completed
PUR002662,C00347,2025-12-04 23:36:51,29050.0,Completed
PUR002663,C00192,2025-12-05 00:25:37,850.0,Completed
PUR002664,C00340,2025-12-05 00:27:39,125000.0,Completed
PUR002665,C00234,2025-12-05 01:32:57,35200.0,Completed
PUR002666,C00700,2025-12-05 02:15:31,40250.0,Completed
PUR002667,C00477,2025-12-05 02:16:25,4500.0,Completed
PUR002668,C00675,2025-12-05 05:32:06,2500.0,Completed
PUR002669,C00382,2025-12-05 06:36:18,18500.0,Completed
PUR002670,C00174,2025-12-05 07:08:54,9000.0,Completed
PUR002671,C00479,2025-12-05 07:40:04,37150.0,Completed
PUR002672,C00110,2025-12-05 08:20:34,60250.0,Completed
PUR002673,C00549,2025-12-05 09:12:16,1200.0,Completed
PUR002674,C00274,2025-12-05 09:43:48,21000.0,Completed
PUR002675,C00711,2025-12-05 09:49:57,11000.0,Completed
PUR002676,C00082,2025-12-05 09:59:17,9500.0,Completed
PUR002677,C00446,2025-12-05 10:08:11,6900.0,Completed
PUR002678,C00152,2025-12-05 11:05:56,37000.0,Completed
PUR002679,C00250,2025-12-05 11:38:38,1497.0,Completed
PUR002680,C00302,2025-12-05 11:52:48,99500.0,Completed
PUR002681,C00474,2025-12-05 12:12:13,19100.0,Completed
PUR002682,C00316,2025-12-05 12:15:28,65000.0,Completed
PUR002683,C00116,2025-12-05 13:23:23,25300.0,Completed
PUR002684,C00638,2025-12-05 14:00:05,16800.0,Completed
PUR002685,C00683,2025-12-05 14:01:35,1100.0,Completed
PUR002686,C00081,2025-12-05 14:05:09,4500.0,Completed
PUR002687,C00102,2025-12-05 16:17:51,26600.0,Completed
PUR002688,C00670,2025-12-05 17:28:06,1250.0,Completed
PUR002689,C00569,2025-12-05 17:46:38,16800.0,Completed
PUR002690,C00095,2025-12-05 18:18:45,23400.0,Completed
PUR002691,C00554,2025-12-05 18:41:11,5700.0,Completed
PUR002692,C00670,2025-12-05 19:12:07,74000.0,Completed
PUR002693,C00516,2025-12-05 19:23:43,37000.0,Completed
PUR002694,C00413,2025-12-05 19:23:52,138000.0,Completed
PUR002695,C00325,2025-12-05 19:36:56,26900.0,Completed
PUR002696,C00068,2025-12-05 20:15:19,37000.0,Completed
PUR002697,C00452,2025-12-05 21:15:54,29000.0,Completed
PUR002698,C00292,2025-12-05 22:06:40,18050.0,Completed
PUR002699,C00627,2025-12-06 00:30:38,16200.0,Completed
PUR002700,C00542,2025-12-06 02:22:28,125000.0,Completed
PUR002701,C00290,2025-12-06 03:34:28,13500.0,Completed
PUR002702,C00306,2025-12-06 04:54:46,22400.0,Completed
PUR002703,C00006,2025-12-06 06:51:54,9000.0,Completed
PUR002704,C00590,2025-12-06 06:54:14,6250.0,Completed
PUR002705,C00126,2025-12-06 09:52:17,11800.0,Completed
PUR002706,C00391,2025-12-06 09:54:04,24700.0,Completed
PUR002707,C00136,2025-12-06 11:37:53,12750.0,Completed
PUR002708,C00505,2025-12-06 14:02:45,26800.0,Completed
PUR002709,C00477,2025-12-06 14:27:37,9000.0,Completed
PUR002710,C00687,2025-12-06 14:30:31,20600.0,Completed
PUR002711,C00022,2025-12-06 16:20:44,3600.0,Completed
PUR002712,C00233,2025-12-06 17:46:35,4500.0,Completed
PUR002713,C00735,2025-12-06 19:16:48,7650.0,Completed
PUR002714,C00165,2025-12-06 21:05:47,4400.0,Completed
PUR002715,C00035,2025-12-06 22:29:23,54300.0,Completed
PUR002716,C00716,2025-12-06 22:56:31,49600.0,Completed
PUR002717,C00209,2025-12-06 23:06:55,69600.0,Completed
PUR002718,C00635,2025-12-06 23:30:29,7600.0,Completed
PUR002719,C00449,2025-12-06 23:50:31,18000.0,Completed
PUR002720,C00251,2025-12-07 00:48:34,179000.0,Completed
PUR002721,C00112,2025-12-07 01:14:56,10200.0,Completed
PUR002722,C00526,2025-12-07 03:18:13,6800.0,Completed
PUR002723,C00370,2025-12-07 03:40:03,93250.0,Completed
PUR002724,C00649,2025-12-07 04:35:32,29500.0,Completed
PUR002725,C00412,2025-12-07 04:59:53,20650.0,Completed
PUR002726,C00560,2025-12-07 05:00:40,50500.0,Completed
PUR002727,C00276,2025-12-07 05:11:32,9000.0,Completed
PUR002728,C00440,2025-12-07 06:20:46,96000.0,Completed
PUR002729,C00032,2025-12-07 08:20:29,5600.0,Completed
PUR002730,C00291,2025-12-07 09:28:03,7400.0,Completed
PUR002731,C00667,2025-12-07 10:01:35,194000.0,Completed
PUR002732,C00747,2025-12-07 10:24:46,4550.0,Completed
PUR002733,C00401,2025-12-07 13:04:08,4400.0,Completed
PUR002734,C00315,2025-12-07 13:31:39,28500.0,Completed
PUR002735,C00577,2025-12-07 13:47:32,9000.0,Completed
PUR002736,C00332,2025-12-07 14:11:54,6300.0,Completed
PUR002737,C00058,2025-12-07 14:24:18,16300.0,Completed
PUR002738,C00554,2025-12-07 15:12:33,8100.0,Completed
PUR002739,C00749,2025-12-07 16:31:52,4500.0,Completed
PUR002740,C00226,2025-12-07 17:12:02,12600.0,Completed
PUR002741,C00089,2025-12-07 18:14:03,102000.0,Completed
PUR002742,C00395,2025-12-07 18:56:18,1650.0,Completed
PUR002743,C00370,2025-12-08 01:00:30,8195.0,Completed
PUR002744,C00412,2025-12-08 01:12:28,1950.0,Completed
PUR002745,C00477,2025-12-08 03:25:41,9000.0,Completed
PUR002746,C00750,2025-12-08 04:06:36,16200.0,Completed
PUR002747,C00682,2025-12-08 04:20:41,96000.0,Completed
PUR002748,C00090,2025-12-08 05:56:48,17100.0,Completed
PUR002749,C00309,2025-12-08 06:41:33,2600.0,Completed
PUR002750,C00659,2025-12-08 09:26:53,8400.0,Completed
PUR002751,C00049,2025-12-08 10:10:38,7900.0,Completed
PUR002752,C00320,2025-12-08 11:23:24,4500.0,Completed
PUR002753,C00209,2025-12-08 11:47:06,133000.0,Completed
PUR002754,C00162,2025-12-08 12:46:38,9000.0,Completed
PUR002755,C00378,2025-12-08 14:10:01,450.0,Completed
PUR002756,C00169,2025-12-08 15:44:50,12600.0,Completed
PUR002757,C00686,2025-12-08 16:08:32,65000.0,Completed
PUR002758,C00255,2025-12-08 18:21:11,6700.0,Completed
PUR002759,C00586,2025-12-08 18:37:30,130000.0,Completed
PUR002760,C00589,2025-12-08 18:56:55,12300.0,Completed
PUR002761,C00461,2025-12-08 19:08:16,18500.0,Completed
PUR002762,C00484,2025-12-08 19:33:05,32000.0,Completed
PUR002763,C00689,2025-12-08 20:28:28,96000.0,Completed
PUR002764,C00466,2025-12-08 20:54:51,9000.0,Completed
PUR002765,C00198,2025-12-08 20:57:56,12500.0,Completed
PUR002766,C00283,2025-12-08 21:17:54,8650.0,Completed
PUR002767,C00071,2025-12-08 21:56:01,64000.0,Completed
PUR002768,C00358,2025-12-08 22:07:54,14500.0,Completed
PUR002769,C00465,2025-12-08 23:20:23,9946.0,Completed
PUR002770,C00477,2025-12-09 01:18:23,26500.0,Completed
PUR002771,C00288,2025-12-09 01:19:18,17100.0,Completed
PUR002772,C00740,2025-12-09 01:30:49,8800.0,Completed
PUR002773,C00291,2025-12-09 02:13:36,37000.0,Completed
PUR002774,C00357,2025-12-09 02:53:28,12900.0,Completed
PUR002775,C00011,2025-12-09 04:21:13,7400.0,Completed
PUR002776,C00542,2025-12-09 04:22:54,93250.0,Completed
PUR002777,C00372,2025-12-09 04:28:07,9000.0,Completed
PUR002778,C00346,2025-12-09 04:30:57,14500.0,Completed
PUR002779,C00742,2025-12-09 06:42:58,9000.0,Completed
PUR002780,C00138,2025-12-09 07:55:24,16100.0,Completed
PUR002781,C00032,2025-12-09 09:03:04,16100.0,Completed
PUR002782,C00454,2025-12-09 09:59:03,41000.0,Completed
PUR002783,C00105,2025-12-09 10:47:07,16800.0,Completed
PUR002784,C00302,2025-12-09 10:51:58,9800.0,Completed
PUR002785,C00303,2025-12-09 10:55:29,85000.0,Completed
PUR002786,C00022,2025-12-09 11:46:18,3400.0,Completed
PUR002787,C00128,2025-12-09 12:32:38,18500.0,Completed
PUR002788,C00335,2025-12-09 14:15:46,9200.0,Completed
PUR002789,C00639,2025-12-09 15:48:54,170000.0,Completed
PUR002790,C00103,2025-12-09 18:35:06,27000.0,Completed
PUR002791,C00649,2025-12-09 18:42:31,21300.0,Completed
PUR002792,C00713,2025-12-09 19:59:20,900.0,Completed
PUR002793,C00620,2025-12-09 20:16:21,2500.0,Completed
PUR002794,C00080,2025-12-09 22:22:27,3600.0,Completed
PUR002795,C00312,2025-12-09 23:41:52,1250.0,Completed
PUR002796,C00281,2025-12-09 23:50:06,1996.0,Completed
PUR002797,C00674,2025-12-10 00:14:48,65000.0,Completed
PUR002798,C00414,2025-12-10 00:58:49,1250.0,Completed
PUR002799,C00039,2025-12-10 02:01:02,53495.0,Completed
PUR002800,C00681,2025-12-10 02:43:26,4400.0,Completed
PUR002801,C00048,2025-12-10 05:18:16,18500.0,Completed
PUR002802,C00432,2025-12-10 06:37:07,130000.0,Completed
PUR002803,C00688,2025-12-10 07:04:16,42650.0,Completed
PUR002804,C00142,2025-12-10 07:12:48,5200.0,Completed
PUR002805,C00407,2025-12-10 07:44:27,21800.0,Completed
PUR002806,C00172,2025-12-10 08:49:15,36200.0,Completed
PUR002807,C00299,2025-12-10 09:09:22,18500.0,Completed
PUR002808,C00212,2025-12-10 09:11:46,5400.0,Completed
PUR002809,C00418,2025-12-10 10:24:42,4800.0,Completed
PUR002810,C00494,2025-12-10 12:10:11,5100.0,Completed
PUR002811,C00583,2025-12-10 12:32:55,1900.0,Completed
PUR002812,C00171,2025-12-10 12:51:18,48200.0,Completed
PUR002813,C00591,2025-12-10 13:41:56,57200.0,Completed
PUR002814,C00032,2025-12-10 14:04:03,2250.0,Completed
PUR002815,C00432,2025-12-10 14:07:16,29000.0,Completed
PUR002816,C00712,2025-12-10 15:09:42,3900.0,Completed
PUR002817,C00370,2025-12-10 17:16:35,13500.0,Completed
PUR002818,C00412,2025-12-10 17:22:38,2800.0,Completed
PUR002819,C00728,2025-12-10 17:41:21,26100.0,Completed
PUR002820,C00021,2025-12-10 18:05:33,31250.0,Completed
PUR002821,C00399,2025-12-10 18:55:07,25000.0,Completed
PUR002822,C00618,2025-12-10 19:03:39,144500.0,Completed
PUR002823,C00291,2025-12-10 20:54:57,229500.0,Completed
PUR002824,C00502,2025-12-10 21:55:30,11750.0,Completed
PUR002825,C00280,2025-12-10 22:01:21,10497.0,Completed
PUR002826,C00433,2025-12-10 22:14:47,4250.0,Completed
PUR002827,C00492,2025-12-10 23:02:34,14500.0,Completed
PUR002828,C00191,2025-12-10 23:12:54,15800.0,Completed
PUR002829,C00032,2025-12-11 00:55:28,1900.0,Completed
PUR002830,C00604,2025-12-11 01:09:51,7800.0,Completed
PUR002831,C00075,2025-12-11 02:37:12,170000.0,Completed
PUR002832,C00732,2025-12-11 03:01:16,67500.0,Completed
PUR002833,C00049,2025-12-11 05:17:33,9899.0,Completed
PUR002834,C00460,2025-12-11 05:56:50,4500.0,Completed
PUR002835,C00009,2025-12-11 06:25:57,9900.0,Completed
PUR002836,C00495,2025-12-11 08:29:18,3600.0,Completed
PUR002837,C00632,2025-12-11 09:14:14,12450.0,Completed
PUR002838,C00407,2025-12-11 09:56:20,28000.0,Completed
PUR002839,C00427,2025-12-11 10:02:22,114800.0,Completed
PUR002840,C00347,2025-12-11 12:27:05,13500.0,Completed
PUR002841,C00647,2025-12-11 13:22:45,7600.0,Completed
PUR002842,C00373,2025-12-11 14:31:03,1300.0,Completed
PUR002843,C00604,2025-12-11 16:36:28,26650.0,Completed
PUR002844,C00538,2025-12-11 16:41:28,39500.0,Completed
PUR002845,C00295,2025-12-11 16:51:49,96000.0,Completed
PUR002846,C00267,2025-12-11 17:09:01,4500.0,Completed
PUR002847,C00670,2025-12-11 17:46:04,33800.0,Completed
PUR002848,C00257,2025-12-11 17:54:49,96000.0,Completed
PUR002849,C00594,2025-12-11 18:58:37,29500.0,Completed
PUR002850,C00518,2025-12-11 19:38:45,6900.0,Completed
PUR002851,C00136,2025-12-11 21:15:07,9000.0,Completed
PUR002852,C00042,2025-12-11 21:39:03,60500.0,Completed
PUR002853,C00136,2025-12-11 22:05:03,2250.0,Completed
PUR002854,C00495,2025-12-11 23:29:35,2250.0,Completed
PUR002855,C00138,2025-12-12 00:59:10,39300.0,Completed
PUR002856,C00366,2025-12-12 02:03:02,17000.0,Completed
PUR002857,C00041,2025-12-12 02:13:06,96000.0,Completed
PUR002858,C00151,2025-12-12 02:28:35,28750.0,Completed
PUR002859,C00260,2025-12-12 02:34:01,167000.0,Completed
PUR002860,C00357,2025-12-12 03:07:26,296000.0,Completed
PUR002861,C00336,2025-12-12 03:51:00,104400.0,Completed
PUR002862,C00302,2025-12-12 03:51:36,79500.0,Completed
PUR002863,C00029,2025-12-12 04:28:39,13500.0,Completed
PUR002864,C00095,2025-12-12 04:47:31,74750.0,Completed
PUR002865,C00022,2025-12-12 05:04:20,8800.0,Completed
PUR002866,C00510,2025-12-12 05:30:12,51500.0,Completed
PUR002867,C00524,2025-12-12 05:34:30,199000.0,Completed
PUR002868,C00531,2025-12-12 06:32:37,107000.0,Completed
PUR002869,C00154,2025-12-12 06:57:40,3600.0,Completed
PUR002870,C00532,2025-12-12 07:06:51,13500.0,Completed
PUR002871,C00050,2025-12-12 07:59:50,6550.0,Completed
PUR002872,C00274,2025-12-12 09:02:45,18500.0,Completed
PUR002873,C00737,2025-12-12 09:17:35,69600.0,Completed
PUR002874,C00266,2025-12-12 09:20:23,18500.0,Completed
PUR002875,C00643,2025-12-12 11:02:11,8400.0,Completed
PUR002876,C00306,2025-12-12 11:32:44,72250.0,Completed
PUR002877,C00665,2025-12-12 11:35:01,51400.0,Completed
PUR002878,C00139,2025-12-12 12:59:01,2500.0,Completed
PUR002879,C00279,2025-12-12 13:31:08,2400.0,Completed
PUR002880,C00267,2025-12-12 14:43:13,9500.0,Completed
PUR002881,C00309,2025-12-12 14:59:28,6600.0,Completed
PUR002882,C00166,2025-12-12 15:25:41,900.0,Completed
PUR002883,C00624,2025-12-12 15:41:32,32246.0,Completed
PUR002884,C00107,2025-12-12 16:42:58,13500.0,Completed
PUR002885,C00400,2025-12-12 19:15:16,37500.0,Completed
PUR002886,C00301,2025-12-12 19:56:38,47100.0,Completed
PUR002887,C00380,2025-12-12 19:57:38,63500.0,Completed
PUR002888,C00407,2025-12-12 20:11:33,14200.0,Completed
PUR002889,C00484,2025-12-12 21:58:34,4250.0,Completed
PUR002890,C00193,2025-12-12 22:47:16,37000.0,Completed
PUR002891,C00468,2025-12-12 23:18:20,65000.0,Completed
PUR002892,C00219,2025-12-12 23:22:27,41700.0,Completed
PUR002893,C00123,2025-12-12 23:25:42,12600.0,Completed
PUR002894,C00440,2025-12-13 00:16:48,32000.0,Completed
PUR002895,C00526,2025-12-13 00:45:02,38500.0,Completed
PUR002896,C00042,2025-12-13 02:55:46,21000.0,Completed
PUR002897,C00621,2025-12-13 04:33:48,5000.0,Completed
PUR002898,C00119,2025-12-13 04:40:58,86950.0,Completed
PUR002899,C00495,2025-12-13 06:41:31,24100.0,Completed
PUR002900,C00087,2025-12-13 07:48:31,15100.0,Completed
PUR002901,C00288,2025-12-13 08:02:31,9000.0,Completed
PUR002902,C00491,2025-12-13 11:28:58,65000.0,Completed
PUR002903,C00491,2025-12-13 11:38:10,38250.0,Completed
PUR002904,C00358,2025-12-13 12:13:52,97000.0,Completed
PUR002905,C00586,2025-12-13 13:44:03,194000.0,Completed
PUR002906,C00295,2025-12-13 14:35:25,9000.0,Completed
PUR002907,C00442,2025-12-13 14:35:44,78500.0,Completed
PUR002908,C00477,2025-12-13 17:50:27,9300.0,Completed
PUR002909,C00080,2025-12-13 18:56:35,13500.0,Completed
PUR002910,C00569,2025-12-13 20:08:02,9000.0,Completed
PUR002911,C00078,2025-12-13 21:05:49,32000.0,Completed
PUR002912,C00525,2025-12-13 22:23:38,48000.0,Completed
PUR002913,C00295,2025-12-13 23:05:06,37000.0,Completed
PUR002914,C00286,2025-12-13 23:50:30,5600.0,Completed
PUR002915,C00110,2025-12-13 23:57:17,17250.0,Completed
PUR002916,C00525,2025-12-14 02:34:25,4848.0,Completed
PUR002917,C00471,2025-12-14 03:09:49,41700.0,Completed
PUR002918,C00536,2025-12-14 04:49:25,2800.0,Completed
PUR002919,C00201,2025-12-14 04:54:19,13900.0,Completed
PUR002920,C00137,2025-12-14 05:29:31,229500.0,Completed
PUR002921,C00195,2025-12-14 06:52:39,650.0,Completed
PUR002922,C00452,2025-12-14 08:20:13,14500.0,Completed
PUR002923,C00314,2025-12-14 09:12:44,131500.0,Completed
PUR002924,C00590,2025-12-14 09:30:37,183000.0,Completed
PUR002925,C00621,2025-12-14 09:34:38,281500.0,Completed
PUR002926,C00191,2025-12-14 10:16:50,1497.0,Completed
PUR002927,C00223,2025-12-14 10:45:28,16800.0,Completed
PUR002928,C00549,2025-12-14 11:07:40,10450.0,Completed
PUR002929,C00729,2025-12-14 12:56:58,37000.0,Completed
PUR002930,C00430,2025-12-14 13:36:27,6250.0,Completed
PUR002931,C00251,2025-12-14 13:50:38,85000.0,Completed
PUR002932,C00033,2025-12-14 13:50:50,12900.0,Completed
PUR002933,C00263,2025-12-14 16:26:18,1900.0,Completed
PUR002934,C00599,2025-12-14 16:35:42,18000.0,Completed
PUR002935,C00224,2025-12-14 17:36:41,36200.0,Completed
PUR002936,C00312,2025-12-14 19:51:15,135800.0,Completed
PUR002937,C00631,2025-12-14 20:04:34,25000.0,Completed
PUR002938,C00300,2025-12-14 20:46:45,23000.0,Completed
PUR002939,C00666,2025-12-14 21:33:01,96000.0,Completed
PUR002940,C00261,2025-12-14 22:23:59,37000.0,Completed
PUR002941,C00552,2025-12-14 23:13:02,14400.0,Completed
PUR002942,C00574,2025-12-14 23:48:44,4200.0,Completed
PUR002943,C00094,2025-12-14 23:50:50,6250.0,Completed
PUR002944,C00234,2025-12-15 02:17:05,13500.0,Completed
PUR002945,C00118,2025-12-15 02:41:40,2600.0,Completed
PUR002946,C00377,2025-12-15 02:51:27,28200.0,Completed
PUR002947,C00433,2025-12-15 02:59:07,5400.0,Completed
PUR002948,C00612,2025-12-15 03:00:35,9000.0,Completed
PUR002949,C00039,2025-12-15 03:47:06,11550.0,Completed
PUR002950,C00490,2025-12-15 04:06:39,1700.0,Completed
PUR002951,C00459,2025-12-15 05:50:56,6250.0,Completed
PUR002952,C00207,2025-12-15 06:00:30,3750.0,Completed
PUR002953,C00558,2025-12-15 06:59:45,1996.0,Completed
PUR002954,C00543,2025-12-15 07:18:36,96000.0,Completed
PUR002955,C00532,2025-12-15 07:43:37,130000.0,Completed
PUR002956,C00373,2025-12-15 07:56:13,5400.0,Completed
PUR002957,C00673,2025-12-15 09:44:55,170000.0,Completed
PUR002958,C00430,2025-12-15 09:51:34,9950.0,Completed
PUR002959,C00455,2025-12-15 12:48:25,56750.0,Completed
PUR002960,C00021,2025-12-15 13:25:50,26250.0,Completed
PUR002961,C00720,2025-12-15 14:53:18,13400.0,Completed
PUR002962,C00459,2025-12-15 15:05:48,19800.0,Completed
PUR002963,C00433,2025-12-15 16:11:24,14500.0,Completed
PUR002964,C00104,2025-12-15 16:39:46,133000.0,Completed
PUR002965,C00285,2025-12-15 18:02:35,4500.0,Completed
PUR002966,C00181,2025-12-15 18:08:30,235000.0,Completed
PUR002967,C00467,2025-12-15 19:48:01,550.0,Completed
PUR002968,C00712,2025-12-15 20:40:10,4500.0,Completed
PUR002969,C00242,2025-12-15 20:53:51,11000.0,Completed
PUR002970,C00634,2025-12-15 21:43:24,12500.0,Completed
PUR002971,C00232,2025-12-15 22:20:02,1497.0,Completed
PUR002972,C00009,2025-12-16 00:08:28,8700.0,Completed
PUR002973,C00373,2025-12-16 01:12:10,14800.0,Completed
PUR002974,C00670,2025-12-16 02:31:16,105000.0,Completed
PUR002975,C00340,2025-12-16 04:06:22,361000.0,Completed
PUR002976,C00558,2025-12-16 06:23:34,4500.0,Completed
PUR002977,C00388,2025-12-16 06:29:04,63000.0,Completed
PUR002978,C00416,2025-12-16 06:56:55,9100.0,Completed
PUR002979,C00293,2025-12-16 07:01:26,18500.0,Completed
PUR002980,C00300,2025-12-16 09:27:31,69150.0,Completed
PUR002981,C00134,2025-12-16 11:08:26,5000.0,Completed
PUR002982,C00199,2025-12-16 11:29:02,949.0,Completed
PUR002983,C00216,2025-12-16 12:47:57,56000.0,Completed
PUR002984,C00075,2025-12-16 12:51:23,35750.0,Completed
PUR002985,C00380,2025-12-16 13:08:50,102750.0,Completed
PUR002986,C00342,2025-12-16 13:50:00,3900.0,Completed
PUR002987,C00374,2025-12-16 14:22:43,144500.0,Completed
PUR002988,C00461,2025-12-16 15:39:43,65000.0,Completed
PUR002989,C00285,2025-12-16 17:43:04,8150.0,Completed
PUR002990,C00103,2025-12-16 19:08:08,2600.0,Completed
PUR002991,C00386,2025-12-16 20:06:20,181500.0,Completed
PUR002992,C00267,2025-12-16 21:02:47,5600.0,Completed
PUR002993,C00276,2025-12-16 22:01:26,29000.0,Completed
PUR002994,C00579,2025-12-16 22:04:32,2800.0,Completed
PUR002995,C00322,2025-12-16 22:13:55,2747.0,Completed
PUR002996,C00184,2025-12-16 22:14:34,26850.0,Completed
PUR002997,C00234,2025-12-16 23:44:59,13500.0,Completed
PUR002998,C00545,2025-12-17 00:28:05,13500.0,Completed
PUR002999,C00102,2025-12-17 00:43:38,6000.0,Completed
PUR003000,C00550,2025-12-17 01:42:25,4500.0,Completed
PUR003001,C00278,2025-12-17 02:00:13,6800.0,Completed
PUR003002,C00466,2025-12-17 02:10:38,2200.0,Completed
PUR003003,C00252,2025-12-17 02:59:07,7350.0,Completed
PUR003004,C00469,2025-12-17 03:12:46,2250.0,Completed
PUR003005,C00149,2025-12-17 03:20:10,22800.0,Completed
PUR003006,C00484,2025-12-17 03:44:13,13200.0,Completed
PUR003007,C00474,2025-12-17 04:00:48,33900.0,Completed
PUR003008,C00734,2025-12-17 06:26:25,4297.0,Completed
PUR003009,C00351,2025-12-17 07:01:59,14500.0,Completed
PUR003010,C00373,2025-12-17 10:29:18,4400.0,Completed
PUR003011,C00032,2025-12-17 11:44:44,18000.0,Completed
PUR003012,C00054,2025-12-17 14:44:54,331000.0,Completed
PUR003013,C00702,2025-12-17 17:44:44,51000.0,Completed
PUR003014,C00093,2025-12-17 18:15:37,79500.0,Completed
PUR003015,C00066,2025-12-17 19:38:45,32000.0,Completed
PUR003016,C00103,2025-12-17 19:43:52,6200.0,Completed
PUR003017,C00358,2025-12-17 19:51:02,18500.0,Completed
PUR003018,C00731,2025-12-17 22:14:04,6250.0,Completed
PUR003019,C00182,2025-12-18 04:29:51,21300.0,Completed
PUR003020,C00432,2025-12-18 06:29:39,14500.0,Completed
PUR003021,C00498,2025-12-18 07:10:22,16500.0,Completed
PUR003022,C00009,2025-12-18 07:24:48,91250.0,Completed
PUR003023,C00246,2025-12-18 07:29:27,550.0,Completed
PUR003024,C00465,2025-12-18 07:42:21,12500.0,Completed
PUR003025,C00244,2025-12-18 07:51:26,1700.0,Completed
PUR003026,C00257,2025-12-18 07:53:05,21900.0,Completed
PUR003027,C00713,2025-12-18 09:52:26,188500.0,Completed
PUR003028,C00487,2025-12-18 10:24:13,40750.0,Completed
PUR003029,C00365,2025-12-18 10:59:56,1250.0,Completed
PUR003030,C00726,2025-12-18 11:35:07,184500.0,Completed
PUR003031,C00654,2025-12-18 12:29:51,4500.0,Completed
PUR003032,C00390,2025-12-18 12:48:25,94000.0,Completed
PUR003033,C00658,2025-12-18 13:23:26,18900.0,Completed
PUR003034,C00293,2025-12-18 14:04:38,207000.0,Completed
PUR003035,C00737,2025-12-18 14:28:23,3750.0,Completed
PUR003036,C00140,2025-12-18 15:38:40,64000.0,Completed
PUR003037,C00244,2025-12-18 16:25:57,33000.0,Completed
PUR003038,C00018,2025-12-18 16:33:49,4400.0,Completed
PUR003039,C00629,2025-12-18 17:00:55,64000.0,Completed
PUR003040,C00486,2025-12-18 17:54:47,8598.0,Completed
PUR003041,C00179,2025-12-18 17:55:06,1800.0,Completed
PUR003042,C00576,2025-12-18 17:55:21,13500.0,Completed
PUR003043,C00498,2025-12-18 20:14:29,5400.0,Completed
PUR003044,C00110,2025-12-18 20:53:38,12600.0,Completed
PUR003045,C00746,2025-12-18 21:36:12,499.0,Completed
PUR003046,C00556,2025-12-18 22:55:57,42600.0,Completed
PUR003047,C00698,2025-12-19 00:15:59,18500.0,Completed
PUR003048,C00387,2025-12-19 00:56:57,1497.0,Completed
PUR003049,C00712,2025-12-19 01:11:04,4500.0,Completed
PUR003050,C00400,2025-12-19 02:42:34,10750.0,Completed
PUR003051,C00344,2025-12-19 04:23:25,130000.0,Completed
PUR003052,C00659,2025-12-19 04:44:17,12750.0,Completed
PUR003053,C00361,2025-12-19 04:52:30,15200.0,Completed
PUR003054,C00672,2025-12-19 04:54:47,21100.0,Completed
PUR003055,C00473,2025-12-19 05:16:25,10750.0,Completed
PUR003056,C00218,2025-12-19 05:40:25,18000.0,Completed
PUR003057,C00426,2025-12-19 06:52:17,4500.0,Completed
PUR003058,C00642,2025-12-19 07:17:13,18500.0,Completed
PUR003059,C00161,2025-12-19 08:00:13,1996.0,Completed
PUR003060,C00223,2025-12-19 08:45:01,14500.0,Completed
PUR003061,C00394,2025-12-19 09:35:59,5600.0,Completed
PUR003062,C00172,2025-12-19 12:08:46,17295.0,Completed
PUR003063,C00023,2025-12-19 14:47:12,15250.0,Completed
PUR003064,C00366,2025-12-19 15:22:25,13400.0,Completed
PUR003065,C00162,2025-12-19 17:20:12,52600.0,Completed
PUR003066,C00700,2025-12-19 18:39:05,94000.0,Completed
PUR003067,C00071,2025-12-19 19:03:14,170000.0,Completed
PUR003068,C00688,2025-12-19 19:20:12,16800.0,Completed
PUR003069,C00659,2025-12-19 19:31:03,313500.0,Completed
PUR003070,C00734,2025-12-19 19:45:03,11900.0,Completed
PUR003071,C00486,2025-12-19 21:16:52,2800.0,Completed
PUR003072,C00633,2025-12-19 23:26:46,96000.0,Completed
PUR003073,C00493,2025-12-20 00:16:54,7350.0,Completed
PUR003074,C00295,2025-12-20 00:22:35,244000.0,Completed
PUR003075,C00311,2025-12-20 01:45:46,6900.0,Completed
PUR003076,C00495,2025-12-20 03:30:46,40300.0,Completed
PUR003077,C00394,2025-12-20 04:20:58,114900.0,Completed
PUR003078,C00391,2025-12-20 05:08:46,18500.0,Completed
PUR003079,C00629,2025-12-20 05:37:19,18500.0,Completed
PUR003080,C00145,2025-12-20 06:50:15,12900.0,Completed
PUR003081,C00273,2025-12-20 06:51:52,143500.0,Completed
PUR003082,C00357,2025-12-20 06:53:44,10297.0,Completed
PUR003083,C00441,2025-12-20 07:29:02,4300.0,Completed
PUR003084,C00285,2025-12-20 07:32:36,5700.0,Completed
PUR003085,C00718,2025-12-20 07:45:09,4500.0,Completed
PUR003086,C00534,2025-12-20 08:35:45,33100.0,Completed
PUR003087,C00717,2025-12-20 09:16:37,15200.0,Completed
PUR003088,C00172,2025-12-20 09:44:03,80250.0,Completed
PUR003089,C00467,2025-12-20 10:17:04,1800.0,Completed
PUR003090,C00140,2025-12-20 10:56:00,69000.0,Completed
PUR003091,C00362,2025-12-20 11:24:05,3350.0,Completed
PUR003092,C00458,2025-12-20 11:35:26,64000.0,Completed
PUR003093,C00292,2025-12-20 11:36:36,3750.0,Completed
PUR003094,C00330,2025-12-20 12:59:27,96000.0,Completed
PUR003095,C00316,2025-12-20 14:02:45,11200.0,Completed
PUR003096,C00188,2025-12-20 15:36:39,21000.0,Completed
PUR003097,C00713,2025-12-20 16:47:06,125000.0,Completed
PUR003098,C00346,2025-12-20 17:17:14,1200.0,Completed
PUR003099,C00621,2025-12-20 17:36:05,8950.0,Completed
PUR003100,C00447,2025-12-20 19:47:16,44500.0,Completed
PUR003101,C00543,2025-12-20 21:19:35,49500.0,Completed
PUR003102,C00067,2025-12-20 21:49:32,60100.0,Completed
PUR003103,C00100,2025-12-21 00:24:38,12500.0,Completed
PUR003104,C00351,2025-12-21 04:18:01,17300.0,Completed
PUR003105,C00437,2025-12-21 04:22:06,7250.0,Completed
PUR003106,C00134,2025-12-21 04:32:42,5400.0,Completed
PUR003107,C00592,2025-12-21 11:06:52,52250.0,Completed
PUR003108,C00375,2025-12-21 11:49:49,96000.0,Completed
PUR003109,C00272,2025-12-21 12:10:46,8400.0,Completed
PUR003110,C00142,2025-12-21 12:44:44,85000.0,Completed
PUR003111,C00376,2025-12-21 12:51:41,2400.0,Completed
PUR003112,C00501,2025-12-21 13:57:08,51500.0,Completed
PUR003113,C00109,2025-12-21 14:55:49,29000.0,Completed
PUR003114,C00514,2025-12-21 15:50:12,21600.0,Completed
PUR003115,C00395,2025-12-21 16:35:36,4200.0,Completed
PUR003116,C00240,2025-12-21 17:57:53,32000.0,Completed
PUR003117,C00482,2025-12-21 19:50:05,25500.0,Completed
PUR003118,C00633,2025-12-21 20:41:21,30200.0,Completed
PUR003119,C00169,2025-12-21 21:45:47,9000.0,Completed
PUR003120,C00696,2025-12-21 22:26:56,13500.0,Completed
PUR003121,C00228,2025-12-21 22:39:30,16800.0,Completed
PUR003122,C00723,2025-12-22 00:42:35,81700.0,Completed
PUR003123,C00586,2025-12-22 00:56:17,65000.0,Completed
PUR003124,C00638,2025-12-22 01:27:33,8600.0,Completed
PUR003125,C00639,2025-12-22 01:49:03,188500.0,Completed
PUR003126,C00399,2025-12-22 03:23:28,65000.0,Completed
PUR003127,C00673,2025-12-22 04:05:02,18500.0,Completed
PUR003128,C00577,2025-12-22 04:05:30,300000.0,Completed
PUR003129,C00550,2025-12-22 04:53:51,16300.0,Completed
PUR003130,C00106,2025-12-22 05:20:40,29000.0,Completed
PUR003131,C00401,2025-12-22 06:45:13,12600.0,Completed
PUR003132,C00238,2025-12-22 06:49:21,9050.0,Completed
PUR003133,C00099,2025-12-22 07:15:06,5600.0,Completed
PUR003134,C00235,2025-12-22 07:18:01,65000.0,Completed
PUR003135,C00535,2025-12-22 08:09:45,30000.0,Completed
PUR003136,C00346,2025-12-22 08:43:40,132500.0,Completed
PUR003137,C00586,2025-12-22 10:05:15,126000.0,Completed
PUR003138,C00139,2025-12-22 10:25:38,650.0,Completed
PUR003139,C00628,2025-12-22 11:05:49,5200.0,Completed
PUR003140,C00302,2025-12-22 11:42:26,14500.0,Completed
PUR003141,C00043,2025-12-22 13:28:55,11200.0,Completed
PUR003142,C00077,2025-12-22 13:59:56,92300.0,Completed
PUR003143,C00632,2025-12-22 14:35:03,22695.0,Completed
PUR003144,C00303,2025-12-22 15:30:54,32000.0,Completed
PUR003145,C00317,2025-12-22 15:59:50,43500.0,Completed
PUR003146,C00718,2025-12-22 16:20:01,18500.0,Completed
PUR003147,C00272,2025-12-22 18:25:13,33950.0,Completed
PUR003148,C00448,2025-12-22 19:04:28,4250.0,Completed
PUR003149,C00298,2025-12-22 19:16:56,1950.0,Completed
PUR003150,C00647,2025-12-22 20:24:12,16100.0,Completed
PUR003151,C00472,2025-12-22 22:29:26,170000.0,Completed
PUR003152,C00430,2025-12-22 22:38:45,14500.0,Completed
PUR003153,C00059,2025-12-22 22:47:41,62500.0,Completed
PUR003154,C00356,2025-12-22 23:22:15,13500.0,Completed
PUR003155,C00689,2025-12-23 02:52:00,130000.0,Completed
PUR003156,C00713,2025-12-23 02:59:23,21600.0,Completed
PUR003157,C00525,2025-12-23 03:13:03,1200.0,Completed
PUR003158,C00410,2025-12-23 03:57:34,167000.0,Completed
PUR003159,C00504,2025-12-23 04:48:34,163000.0,Completed
PUR003160,C00686,2025-12-23 05:37:40,1250.0,Completed
PUR003161,C00242,2025-12-23 06:16:16,5600.0,Completed
PUR003162,C00547,2025-12-23 06:16:31,6947.0,Completed
PUR003163,C00461,2025-12-23 07:02:27,6250.0,Completed
PUR003164,C00285,2025-12-23 09:12:17,29000.0,Completed
PUR003165,C00435,2025-12-23 09:18:43,69000.0,Completed
PUR003166,C00496,2025-12-23 09:29:28,13200.0,Completed
PUR003167,C00605,2025-12-23 10:16:45,267000.0,Completed
PUR003168,C00166,2025-12-23 10:37:14,7350.0,Completed
PUR003169,C00206,2025-12-23 11:02:29,27500.0,Completed
PUR003170,C00561,2025-12-23 11:05:34,96000.0,Completed
PUR003171,C00555,2025-12-23 13:35:24,85000.0,Completed
PUR003172,C00001,2025-12-23 14:06:47,1300.0,Completed
PUR003173,C00357,2025-12-23 14:26:41,130000.0,Completed
PUR003174,C00031,2025-12-23 14:34:58,12300.0,Completed
PUR003175,C00202,2025-12-23 16:31:18,33400.0,Completed
PUR003176,C00138,2025-12-23 16:58:34,2495.0,Completed
PUR003177,C00439,2025-12-23 18:17:49,12100.0,Completed
PUR003178,C00487,2025-12-23 18:57:15,8400.0,Completed
PUR003179,C00286,2025-12-23 19:04:16,9600.0,Completed
PUR003180,C00201,2025-12-23 19:22:25,14500.0,Completed
PUR003181,C00574,2025-12-23 19:48:23,13450.0,Completed
PUR003182,C00558,2025-12-23 20:08:52,8400.0,Completed
PUR003183,C00178,2025-12-23 20:51:48,50000.0,Completed
PUR003184,C00095,2025-12-23 20:52:34,2800.0,Completed
PUR003185,C00289,2025-12-23 21:38:17,17400.0,Completed
PUR003186,C00302,2025-12-23 21:47:29,208500.0,Completed
PUR003187,C00288,2025-12-23 23:02:24,4400.0,Completed
PUR003188,C00394,2025-12-24 00:03:23,18500.0,Completed
PUR003189,C00174,2025-12-24 01:28:41,7000.0,Completed
PUR003190,C00116,2025-12-24 02:13:02,17400.0,Completed
PUR003191,C00080,2025-12-24 02:25:28,4500.0,Completed
PUR003192,C00361,2025-12-24 02:39:04,10398.0,Completed
PUR003193,C00100,2025-12-24 02:49:39,6550.0,Completed
PUR003194,C00329,2025-12-24 02:53:21,30300.0,Completed
PUR003195,C00710,2025-12-24 03:33:12,43500.0,Completed
PUR003196,C00737,2025-12-24 05:33:28,69200.0,Completed
PUR003197,C00525,2025-12-24 07:11:37,11200.0,Completed
PUR003198,C00136,2025-12-24 07:49:54,19900.0,Completed
PUR003199,C00216,2025-12-24 08:55:54,1700.0,Completed
PUR003200,C00075,2025-12-24 09:37:21,19000.0,Completed
PUR003201,C00649,2025-12-24 10:43:52,150000.0,Completed
PUR003202,C00486,2025-12-24 10:46:24,10800.0,Completed
PUR003203,C00734,2025-12-24 10:47:53,499.0,Completed
PUR003204,C00372,2025-12-24 11:45:12,24700.0,Completed
PUR003205,C00554,2025-12-24 14:14:12,4500.0,Completed
PUR003206,C00484,2025-12-24 14:20:59,4200.0,Completed
PUR003207,C00043,2025-12-24 15:04:34,64000.0,Completed
PUR003208,C00542,2025-12-24 16:11:09,110500.0,Completed
PUR003209,C00015,2025-12-24 16:29:30,21750.0,Completed
PUR003210,C00043,2025-12-24 16:46:37,71300.0,Completed
PUR003211,C00043,2025-12-24 17:00:24,233500.0,Completed
PUR003212,C00013,2025-12-24 17:11:42,16800.0,Completed
PUR003213,C00579,2025-12-24 17:52:31,25000.0,Completed
PUR003214,C00335,2025-12-24 18:40:05,21000.0,Completed
PUR003215,C00035,2025-12-24 19:04:44,82000.0,Completed
PUR003216,C00331,2025-12-24 20:46:05,32000.0,Completed
PUR003217,C00161,2025-12-24 21:53:40,1996.0,Completed
PUR003218,C00464,2025-12-24 22:35:48,14500.0,Completed
PUR003219,C00565,2025-12-24 22:58:24,31700.0,Completed
PUR003220,C00616,2025-12-24 23:22:25,11200.0,Completed
PUR003221,C00070,2025-12-25 00:43:20,32000.0,Completed
PUR003222,C00285,2025-12-25 00:43:49,10350.0,Completed
PUR003223,C00429,2025-12-25 01:23:52,13150.0,Completed
PUR003224,C00460,2025-12-25 03:07:03,28550.0,Completed
PUR003225,C00412,2025-12-25 03:33:02,11200.0,Completed
PUR003226,C00679,2025-12-25 05:37:14,43900.0,Completed
PUR003227,C00377,2025-12-25 06:11:45,7200.0,Completed
PUR003228,C00193,2025-12-25 08:54:56,13500.0,Completed
PUR003229,C00093,2025-12-25 09:07:55,33500.0,Completed
PUR003230,C00496,2025-12-25 10:17:51,55250.0,Completed
PUR003231,C00080,2025-12-25 12:09:02,3750.0,Completed
PUR003232,C00436,2025-12-25 12:15:27,24750.0,Completed
PUR003233,C00011,2025-12-25 12:51:28,93000.0,Completed
PUR003234,C00030,2025-12-25 13:17:46,9000.0,Completed
PUR003235,C00238,2025-12-25 14:11:47,5000.0,Completed
PUR003236,C00057,2025-12-25 14:30:23,1650.0,Completed
PUR003237,C00428,2025-12-25 15:02:45,17900.0,Completed
PUR003238,C00227,2025-12-25 15:29:34,13500.0,Completed
PUR003239,C00565,2025-12-25 16:15:33,1900.0,Completed
PUR003240,C00588,2025-12-25 19:32:55,28850.0,Completed
PUR003241,C00712,2025-12-25 20:36:23,83000.0,Completed
PUR003242,C00269,2025-12-25 20:57:17,25700.0,Completed
PUR003243,C00522,2025-12-25 21:31:02,11400.0,Completed
PUR003244,C00380,2025-12-25 22:24:56,6600.0,Completed
PUR003245,C00039,2025-12-25 22:27:41,37500.0,Completed
PUR003246,C00497,2025-12-25 23:45:51,17300.0,Completed
PUR003247,C00298,2025-12-25 23:56:11,86700.0,Completed
PUR003248,C00466,2025-12-26 00:34:04,20100.0,Completed
PUR003249,C00370,2025-12-26 01:06:19,6800.0,Completed
PUR003250,C00569,2025-12-26 01:08:23,3900.0,Completed
PUR003251,C00720,2025-12-26 01:18:06,11996.0,Completed
PUR003252,C00130,2025-12-26 01:37:06,73500.0,Completed
PUR003253,C00579,2025-12-26 01:59:14,64000.0,Completed
PUR003254,C00307,2025-12-26 04:12:41,4400.0,Completed
PUR003255,C00072,2025-12-26 04:24:04,215000.0,Completed
PUR003256,C00154,2025-12-26 04:38:44,37500.0,Completed
PUR003257,C00438,2025-12-26 05:02:06,125000.0,Completed
PUR003258,C00658,2025-12-26 05:04:17,8950.0,Completed
PUR003259,C00283,2025-12-26 06:21:27,17450.0,Completed
PUR003260,C00145,2025-12-26 06:38:32,25000.0,Completed
PUR003261,C00370,2025-12-26 07:23:31,35950.0,Completed
PUR003262,C00570,2025-12-26 07:28:46,8500.0,Completed
PUR003263,C00735,2025-12-26 09:18:58,56100.0,Completed
PUR003264,C00015,2025-12-26 09:19:35,23450.0,Completed
PUR003265,C00341,2025-12-26 09:24:09,130000.0,Completed
PUR003266,C00545,2025-12-26 09:59:49,4500.0,Completed
PUR003267,C00206,2025-12-26 10:34:23,94000.0,Completed
PUR003268,C00178,2025-12-26 11:26:51,11800.0,Completed
PUR003269,C00427,2025-12-26 11:29:29,65000.0,Completed
PUR003270,C00225,2025-12-26 12:53:00,7300.0,Completed
PUR003271,C00466,2025-12-26 13:19:02,5200.0,Completed
PUR003272,C00103,2025-12-26 14:21:30,1800.0,Completed
PUR003273,C00715,2025-12-26 14:30:36,34600.0,Completed
PUR003274,C00712,2025-12-26 19:07:01,9850.0,Completed
PUR003275,C00286,2025-12-26 20:03:47,1250.0,Completed
PUR003276,C00549,2025-12-26 21:33:33,5400.0,Completed
PUR003277,C00510,2025-12-27 01:48:55,9000.0,Completed
PUR003278,C00482,2025-12-27 01:49:50,14500.0,Completed
PUR003279,C00314,2025-12-27 02:31:22,85000.0,Completed
PUR003280,C00362,2025-12-27 02:51:32,18500.0,Completed
PUR003281,C00303,2025-12-27 07:56:59,50500.0,Completed
PUR003282,C00050,2025-12-27 08:05:45,14500.0,Completed
PUR003283,C00148,2025-12-27 08:23:47,143500.0,Completed
PUR003284,C00494,2025-12-27 09:36:38,2597.0,Completed
PUR003285,C00501,2025-12-27 10:34:55,37000.0,Completed
PUR003286,C00225,2025-12-27 11:06:50,9000.0,Completed
PUR003287,C00739,2025-12-27 11:18:10,14498.0,Completed
PUR003288,C00315,2025-12-27 11:45:31,12500.0,Completed
PUR003289,C00342,2025-12-27 12:20:18,10900.0,Completed
PUR003290,C00126,2025-12-27 13:15:32,22200.0,Completed
PUR003291,C00607,2025-12-27 13:35:50,1100.0,Completed
PUR003292,C00352,2025-12-27 14:41:13,8400.0,Completed
PUR003293,C00749,2025-12-27 16:36:10,14900.0,Completed
PUR003294,C00340,2025-12-27 16:56:48,14500.0,Completed
PUR003295,C00207,2025-12-27 17:32:07,65200.0,Completed
PUR003296,C00358,2025-12-27 18:36:21,235000.0,Completed
PUR003297,C00358,2025-12-27 20:14:36,65000.0,Completed
PUR003298,C00680,2025-12-27 21:08:57,200500.0,Completed
PUR003299,C00023,2025-12-27 21:29:02,44800.0,Completed
PUR003300,C00147,2025-12-28 01:20:14,7950.0,Completed
PUR003301,C00370,2025-12-28 04:38:42,18000.0,Completed
PUR003302,C00019,2025-12-28 06:04:59,5600.0,Completed
PUR003303,C00621,2025-12-28 06:08:06,14500.0,Completed
PUR003304,C00072,2025-12-28 06:43:21,11200.0,Completed
PUR003305,C00435,2025-12-28 06:49:53,14500.0,Completed
PUR003306,C00103,2025-12-28 06:55:08,4999.0,Completed
PUR003307,C00694,2025-12-28 07:40:23,6600.0,Completed
PUR003308,C00650,2025-12-28 09:08:33,3850.0,Completed
PUR003309,C00683,2025-12-28 09:28:49,17400.0,Completed
PUR003310,C00094,2025-12-28 10:12:18,2500.0,Completed
PUR003311,C00536,2025-12-28 11:10:52,21000.0,Completed
PUR003312,C00476,2025-12-28 11:17:47,3150.0,Completed
PUR003313,C00297,2025-12-28 11:49:01,17045.0,Completed
PUR003314,C00139,2025-12-28 12:43:02,38500.0,Completed
PUR003315,C00051,2025-12-28 13:01:47,12500.0,Completed
PUR003316,C00682,2025-12-28 13:22:29,13500.0,Completed
PUR003317,C00175,2025-12-28 13:26:39,9800.0,Completed
PUR003318,C00100,2025-12-28 14:07:35,21000.0,Completed
PUR003319,C00006,2025-12-28 14:12:23,2200.0,Completed
PUR003320,C00102,2025-12-28 14:21:11,8400.0,Completed
PUR003321,C00570,2025-12-28 18:33:36,20300.0,Completed
PUR003322,C00377,2025-12-28 18:38:55,4800.0,Completed
PUR003323,C00465,2025-12-28 18:57:46,6000.0,Completed
PUR003324,C00064,2025-12-28 19:44:22,3250.0,Completed
PUR003325,C00212,2025-12-28 23:23:45,2500.0,Completed
PUR003326,C00627,2025-12-28 23:43:41,25000.0,Completed
PUR003327,C00141,2025-12-29 00:19:25,2400.0,Completed
PUR003328,C00249,2025-12-29 03:17:33,37500.0,Completed
PUR003329,C00325,2025-12-29 03:44:34,3450.0,Completed
PUR003330,C00263,2025-12-29 05:16:11,9000.0,Completed
PUR003331,C00268,2025-12-29 07:14:02,7350.0,Completed
PUR003332,C00576,2025-12-29 07:36:58,5700.0,Completed
PUR003333,C00534,2025-12-29 08:23:08,7200.0,Completed
PUR003334,C00739,2025-12-29 09:08:57,27500.0,Completed
PUR003335,C00734,2025-12-29 09:51:36,27100.0,Completed
PUR003336,C00370,2025-12-29 09:59:58,1300.0,Completed
PUR003337,C00209,2025-12-29 10:09:26,18500.0,Completed
PUR003338,C00400,2025-12-29 11:58:34,9000.0,Completed
PUR003339,C00606,2025-12-29 12:23:42,110500.0,Completed
PUR003340,C00271,2025-12-29 14:14:48,9900.0,Completed
PUR003341,C00078,2025-12-29 14:46:08,68500.0,Completed
PUR003342,C00354,2025-12-29 15:15:30,7600.0,Completed
PUR003343,C00349,2025-12-29 17:15:12,14750.0,Completed
PUR003344,C00437,2025-12-29 17:21:22,4150.0,Completed
PUR003345,C00033,2025-12-29 18:11:04,34800.0,Completed
PUR003346,C00639,2025-12-29 18:27:31,177500.0,Completed
PUR003347,C00520,2025-12-29 18:41:15,82000.0,Completed
PUR003348,C00562,2025-12-29 18:51:50,50500.0,Completed
PUR003349,C00216,2025-12-29 18:53:50,167000.0,Completed
PUR003350,C00204,2025-12-29 19:14:09,33900.0,Completed
PUR003351,C00130,2025-12-29 21:20:32,32500.0,Completed
PUR003352,C00607,2025-12-29 21:36:04,12600.0,Completed
PUR003353,C00172,2025-12-29 22:04:45,21100.0,Completed
PUR003354,C00604,2025-12-30 00:11:27,48200.0,Completed
PUR003355,C00581,2025-12-30 01:03:17,3250.0,Completed
PUR003356,C00228,2025-12-30 01:04:23,11400.0,Completed
PUR003357,C00563,2025-12-30 02:23:37,26700.0,Completed
PUR003358,C00373,2025-12-30 03:50:39,23500.0,Completed
PUR003359,C00659,2025-12-30 04:07:41,64000.0,Completed
PUR003360,C00275,2025-12-30 04:09:36,65000.0,Completed
PUR003361,C00700,2025-12-30 06:16:03,79500.0,Completed
PUR003362,C00471,2025-12-30 06:41:52,110500.0,Completed
PUR003363,C00484,2025-12-30 08:11:26,19000.0,Completed
PUR003364,C00455,2025-12-30 09:14:45,2500.0,Completed
PUR003365,C00005,2025-12-30 09:29:51,54750.0,Completed
PUR003366,C00201,2025-12-30 09:31:29,8400.0,Completed
PUR003367,C00156,2025-12-30 10:40:32,4747.0,Completed
PUR003368,C00175,2025-12-30 11:26:16,11400.0,Completed
PUR003369,C00408,2025-12-30 12:34:40,23500.0,Completed
PUR003370,C00527,2025-12-30 12:36:04,29000.0,Completed
PUR003371,C00604,2025-12-30 12:37:15,25000.0,Completed
PUR003372,C00041,2025-12-30 13:16:17,32000.0,Completed
PUR003373,C00195,2025-12-30 14:27:08,4400.0,Completed
PUR003374,C00555,2025-12-30 14:56:38,14500.0,Completed
PUR003375,C00531,2025-12-30 15:07:51,8400.0,Completed
PUR003376,C00670,2025-12-30 15:58:55,1300.0,Completed
PUR003377,C00525,2025-12-30 16:28:06,4400.0,Completed
PUR003378,C00469,2025-12-30 17:23:59,1250.0,Completed
PUR003379,C00670,2025-12-30 18:24:46,24950.0,Completed
PUR003380,C00502,2025-12-30 19:33:36,51500.0,Completed
PUR003381,C00650,2025-12-30 19:43:51,8800.0,Completed
PUR003382,C00316,2025-12-30 20:24:57,361000.0,Completed
PUR003383,C00128,2025-12-30 20:39:18,3150.0,Completed
PUR003384,C00177,2025-12-30 21:07:05,110000.0,Completed
PUR003385,C00290,2025-12-30 21:47:18,12500.0,Completed
PUR003386,C00126,2025-12-30 22:28:27,4850.0,Completed
PUR003387,C00520,2025-12-30 23:36:37,45900.0,Completed
PUR003388,C00295,2025-12-31 00:15:20,59500.0,Completed
PUR003389,C00116,2025-12-31 01:43:15,4200.0,Completed
PUR003390,C00433,2025-12-31 02:36:05,12500.0,Completed
PUR003391,C00218,2025-12-31 05:23:29,14750.0,Completed
PUR003392,C00287,2025-12-31 06:33:08,13500.0,Completed
PUR003393,C00400,2025-12-31 07:58:15,5600.0,Completed
PUR003394,C00141,2025-12-31 08:09:53,27100.0,Completed
PUR003395,C00704,2025-12-31 08:56:31,25000.0,Completed
PUR003396,C00189,2025-12-31 09:18:15,14750.0,Completed
PUR003397,C00500,2025-12-31 09:19:18,47500.0,Completed
PUR003398,C00453,2025-12-31 10:24:02,85000.0,Completed
PUR003399,C00248,2025-12-31 10:42:21,2800.0,Completed
PUR003400,C00127,2025-12-31 10:49:21,46500.0,Completed
PUR003401,C00271,2025-12-31 11:06:57,13500.0,Completed
PUR003402,C00070,2025-12-31 11:10:52,4500.0,Completed
PUR003403,C00645,2025-12-31 11:29:08,46500.0,Completed
PUR003404,C00111,2025-12-31 11:46:54,23896.0,Completed
PUR003405,C00314,2025-12-31 11:58:44,202000.0,Completed
PUR003406,C00621,2025-12-31 12:39:00,410500.0,Completed
PUR003407,C00072,2025-12-31 12:40:38,4050.0,Completed
PUR003408,C00705,2025-12-31 14:24:42,61750.0,Completed
PUR003409,C00430,2025-12-31 14:41:56,20700.0,Completed
PUR003410,C00265,2025-12-31 16:53:51,8400.0,Completed
PUR003411,C00614,2025-12-31 17:19:11,2800.0,Completed
PUR003412,C00245,2025-12-31 17:25:52,21000.0,Completed
PUR003413,C00051,2025-12-31 18:18:55,19100.0,Completed
PUR003414,C00489,2025-12-31 18:23:21,2400.0,Completed
PUR003415,C00684,2025-12-31 19:05:53,9000.0,Completed
PUR003416,C00064,2025-12-31 19:25:33,11200.0,Completed
PUR003417,C00098,2026-01-01 00:16:36,55000.0,Completed
PUR003418,C00338,2026-01-01 02:33:48,850.0,Completed
PUR003419,C00234,2026-01-01 02:48:44,103100.0,Completed
PUR003420,C00274,2026-01-01 03:04:43,29000.0,Completed
PUR003421,C00223,2026-01-01 03:09:12,15500.0,Completed
PUR003422,C00209,2026-01-01 04:03:36,27100.0,Completed
PUR003423,C00086,2026-01-01 04:21:20,58000.0,Completed
PUR003424,C00669,2026-01-01 06:18:59,5800.0,Completed
PUR003425,C00477,2026-01-01 09:55:45,27000.0,Completed
PUR003426,C00278,2026-01-01 10:57:48,2750.0,Completed
PUR003427,C00400,2026-01-01 11:14:17,31000.0,Completed
PUR003428,C00167,2026-01-01 12:38:49,9000.0,Completed
PUR003429,C00089,2026-01-01 15:00:57,65000.0,Completed
PUR003430,C00142,2026-01-01 18:31:59,170000.0,Completed
PUR003431,C00347,2026-01-01 18:58:13,5100.0,Completed
PUR003432,C00212,2026-01-01 21:17:50,13500.0,Completed
PUR003433,C00090,2026-01-01 22:05:03,5700.0,Completed
PUR003434,C00699,2026-01-01 22:37:54,18250.0,Completed
PUR003435,C00413,2026-01-01 23:55:37,3750.0,Completed
PUR003436,C00400,2026-01-02 01:09:30,998.0,Completed
PUR003437,C00157,2026-01-02 04:44:11,8400.0,Completed
PUR003438,C00312,2026-01-02 10:58:39,286500.0,Completed
PUR003439,C00228,2026-01-02 13:20:25,3850.0,Completed
PUR003440,C00147,2026-01-02 13:44:19,40400.0,Completed
PUR003441,C00719,2026-01-02 14:39:02,3750.0,Completed
PUR003442,C00073,2026-01-02 15:39:48,14000.0,Completed
PUR003443,C00035,2026-01-02 17:56:52,6000.0,Completed
PUR003444,C00407,2026-01-02 18:52:40,11900.0,Completed
PUR003445,C00459,2026-01-02 19:22:06,11450.0,Completed
PUR003446,C00303,2026-01-02 20:01:24,14500.0,Completed
PUR003447,C00689,2026-01-02 21:38:53,85000.0,Completed
PUR003448,C00470,2026-01-02 21:40:37,33000.0,Completed
PUR003449,C00155,2026-01-02 21:49:17,9000.0,Completed
PUR003450,C00040,2026-01-02 23:06:49,14500.0,Completed
PUR003451,C00072,2026-01-03 02:30:39,32000.0,Completed
PUR003452,C00435,2026-01-03 04:41:52,10300.0,Completed
PUR003453,C00738,2026-01-03 06:39:24,8500.0,Completed
PUR003454,C00365,2026-01-03 07:45:25,16800.0,Completed
PUR003455,C00416,2026-01-03 10:01:59,5150.0,Completed
PUR003456,C00749,2026-01-03 11:09:44,32800.0,Completed
PUR003457,C00024,2026-01-03 11:57:25,38000.0,Completed
PUR003458,C00559,2026-01-03 13:52:39,11700.0,Completed
PUR003459,C00297,2026-01-03 14:13:00,1250.0,Completed
PUR003460,C00145,2026-01-03 14:32:32,9000.0,Completed
PUR003461,C00039,2026-01-03 14:33:04,7700.0,Completed
PUR003462,C00525,2026-01-03 15:46:37,450.0,Completed
PUR003463,C00068,2026-01-03 19:52:16,33000.0,Completed
PUR003464,C00095,2026-01-03 20:48:45,10200.0,Completed
PUR003465,C00590,2026-01-03 20:49:14,121000.0,Completed
PUR003466,C00628,2026-01-03 22:13:11,65000.0,Completed
PUR003467,C00549,2026-01-04 00:21:27,8500.0,Completed
PUR003468,C00212,2026-01-04 01:23:39,2500.0,Completed
PUR003469,C00387,2026-01-04 02:14:10,2800.0,Completed
PUR003470,C00098,2026-01-04 02:36:03,9700.0,Completed
PUR003471,C00013,2026-01-04 03:13:57,12750.0,Completed
PUR003472,C00212,2026-01-04 03:50:50,25500.0,Completed
PUR003473,C00281,2026-01-04 07:44:25,4500.0,Completed
PUR003474,C00095,2026-01-04 12:24:50,29300.0,Completed
PUR003475,C00431,2026-01-04 14:10:09,37000.0,Completed
PUR003476,C00497,2026-01-04 15:56:05,1996.0,Completed
PUR003477,C00224,2026-01-04 18:55:04,55400.0,Completed
PUR003478,C00309,2026-01-04 20:01:41,4500.0,Completed
PUR003479,C00607,2026-01-04 20:22:43,4550.0,Completed
PUR003480,C00017,2026-01-04 20:37:23,18000.0,Completed
PUR003481,C00663,2026-01-04 20:59:33,650.0,Completed
PUR003482,C00601,2026-01-04 23:51:42,40250.0,Completed
PUR003483,C00345,2026-01-05 00:05:40,13500.0,Completed
PUR003484,C00255,2026-01-05 00:25:25,38500.0,Completed
PUR003485,C00148,2026-01-05 01:02:54,8400.0,Completed
PUR003486,C00008,2026-01-05 02:45:27,13500.0,Completed
PUR003487,C00713,2026-01-05 02:53:05,8550.0,Completed
PUR003488,C00490,2026-01-05 04:03:12,25000.0,Completed
PUR003489,C00070,2026-01-05 06:54:11,64000.0,Completed
PUR003490,C00398,2026-01-05 07:36:37,178000.0,Completed
PUR003491,C00489,2026-01-05 08:33:20,37000.0,Completed
PUR003492,C00288,2026-01-05 08:43:25,8200.0,Completed
PUR003493,C00370,2026-01-05 08:43:36,11200.0,Completed
PUR003494,C00107,2026-01-05 09:12:51,21000.0,Completed
PUR003495,C00071,2026-01-05 12:17:16,130000.0,Completed
PUR003496,C00346,2026-01-05 12:35:15,4500.0,Completed
PUR003497,C00685,2026-01-05 15:46:32,18500.0,Completed
PUR003498,C00136,2026-01-05 15:52:08,4800.0,Completed
PUR003499,C00040,2026-01-05 16:02:31,68000.0,Completed
PUR003500,C00576,2026-01-05 18:12:08,12850.0,Completed
PUR003501,C00316,2026-01-05 21:13:31,17300.0,Completed
PUR003502,C00187,2026-01-06 01:35:26,37000.0,Completed
PUR003503,C00671,2026-01-06 03:26:09,24600.0,Completed
PUR003504,C00039,2026-01-06 06:37:05,11950.0,Completed
PUR003505,C00377,2026-01-06 07:02:00,9000.0,Completed
PUR003506,C00220,2026-01-06 07:21:27,1700.0,Completed
PUR003507,C00531,2026-01-06 10:32:21,31000.0,Completed
PUR003508,C00173,2026-01-06 10:52:26,2900.0,Completed
PUR003509,C00310,2026-01-06 12:56:30,59700.0,Completed
PUR003510,C00051,2026-01-06 16:03:58,11000.0,Completed
PUR003511,C00353,2026-01-06 16:41:51,24400.0,Completed
PUR003512,C00013,2026-01-06 17:54:45,6850.0,Completed
PUR003513,C00127,2026-01-06 19:52:13,64000.0,Completed
PUR003514,C00419,2026-01-06 22:20:02,74500.0,Completed
PUR003515,C00370,2026-01-06 22:26:30,19395.0,Completed
PUR003516,C00096,2026-01-06 23:15:30,18000.0,Completed
PUR003517,C00421,2026-01-07 00:15:40,10700.0,Completed
PUR003518,C00517,2026-01-07 01:36:17,3750.0,Completed
PUR003519,C00127,2026-01-07 03:15:58,6400.0,Completed
PUR003520,C00550,2026-01-07 07:38:34,21000.0,Completed
PUR003521,C00147,2026-01-07 07:43:26,22900.0,Completed
PUR003522,C00081,2026-01-07 08:42:06,73500.0,Completed
PUR003523,C00267,2026-01-07 09:42:46,7000.0,Completed
PUR003524,C00682,2026-01-07 09:55:50,64000.0,Completed
PUR003525,C00412,2026-01-07 12:46:53,4500.0,Completed
PUR003526,C00032,2026-01-07 13:26:41,10300.0,Completed
PUR003527,C00446,2026-01-07 13:44:44,12500.0,Completed
PUR003528,C00471,2026-01-07 14:34:44,64000.0,Completed
PUR003529,C00365,2026-01-07 15:42:47,33800.0,Completed
PUR003530,C00255,2026-01-07 19:40:12,44750.0,Completed
PUR003531,C00139,2026-01-07 20:37:45,14500.0,Completed
PUR003532,C00592,2026-01-07 22:33:24,129000.0,Completed
PUR003533,C00514,2026-01-08 00:48:06,17700.0,Completed
PUR003534,C00163,2026-01-08 04:06:24,6800.0,Completed
PUR003535,C00400,2026-01-08 07:30:08,12600.0,Completed
PUR003536,C00524,2026-01-08 07:53:42,6250.0,Completed
PUR003537,C00560,2026-01-08 08:04:18,7200.0,Completed
PUR003538,C00315,2026-01-08 09:33:03,9000.0,Completed
PUR003539,C00250,2026-01-08 09:42:59,2500.0,Completed
PUR003540,C00462,2026-01-08 10:13:37,4800.0,Completed
PUR003541,C00661,2026-01-08 12:34:14,4500.0,Completed
PUR003542,C00008,2026-01-08 13:16:29,101000.0,Completed
PUR003543,C00354,2026-01-08 14:49:58,3400.0,Completed
PUR003544,C00570,2026-01-08 15:25:39,4200.0,Completed
PUR003545,C00316,2026-01-08 15:29:52,85000.0,Completed
PUR003546,C00259,2026-01-08 15:54:05,4200.0,Completed
PUR003547,C00079,2026-01-08 16:41:31,26550.0,Completed
PUR003548,C00570,2026-01-08 18:08:19,13500.0,Completed
PUR003549,C00226,2026-01-08 20:15:17,13400.0,Completed
PUR003550,C00276,2026-01-08 20:24:43,15050.0,Completed
PUR003551,C00144,2026-01-08 21:27:31,28750.0,Completed
PUR003552,C00183,2026-01-08 21:32:31,56300.0,Completed
PUR003553,C00525,2026-01-08 21:49:21,5200.0,Completed
PUR003554,C00744,2026-01-08 21:50:55,163500.0,Completed
PUR003555,C00351,2026-01-09 00:14:05,36600.0,Completed
PUR003556,C00142,2026-01-09 00:27:31,181500.0,Completed
PUR003557,C00416,2026-01-09 01:42:15,28300.0,Completed
PUR003558,C00655,2026-01-09 02:28:52,17400.0,Completed
PUR003559,C00618,2026-01-09 03:30:56,49500.0,Completed
PUR003560,C00453,2026-01-09 05:43:29,5000.0,Completed
PUR003561,C00569,2026-01-09 06:20:23,2750.0,Completed
PUR003562,C00303,2026-01-09 06:39:23,65000.0,Completed
PUR003563,C00602,2026-01-09 07:51:39,27500.0,Completed
PUR003564,C00411,2026-01-09 10:01:20,37500.0,Completed
PUR003565,C00649,2026-01-09 11:51:24,17100.0,Completed
PUR003566,C00469,2026-01-09 14:45:13,8400.0,Completed
PUR003567,C00737,2026-01-09 15:35:47,12600.0,Completed
PUR003568,C00257,2026-01-09 15:55:37,5000.0,Completed
PUR003569,C00479,2026-01-09 17:35:04,2200.0,Completed
PUR003570,C00488,2026-01-09 17:42:19,10100.0,Completed
PUR003571,C00253,2026-01-09 18:21:55,19500.0,Completed
PUR003572,C00658,2026-01-09 18:59:26,2250.0,Completed
PUR003573,C00023,2026-01-09 19:55:38,13900.0,Completed
PUR003574,C00531,2026-01-09 22:13:45,1250.0,Completed
PUR003575,C00678,2026-01-09 23:28:46,100500.0,Completed
PUR003576,C00650,2026-01-10 01:10:20,26950.0,Completed
PUR003577,C00119,2026-01-10 05:13:49,37000.0,Completed
PUR003578,C00282,2026-01-10 05:59:37,65000.0,Completed
PUR003579,C00208,2026-01-10 08:03:34,252500.0,Completed
PUR003580,C00151,2026-01-10 10:25:43,2500.0,Completed
PUR003581,C00417,2026-01-10 12:14:44,10500.0,Completed
PUR003582,C00528,2026-01-10 14:03:47,88400.0,Completed
PUR003583,C00314,2026-01-10 14:37:05,226000.0,Completed
PUR003584,C00525,2026-01-10 16:12:27,12600.0,Completed
PUR003585,C00129,2026-01-10 16:44:51,2400.0,Completed
PUR003586,C00217,2026-01-10 19:38:36,16650.0,Completed
PUR003587,C00607,2026-01-10 20:10:09,9000.0,Completed
PUR003588,C00028,2026-01-10 21:21:07,23250.0,Completed
PUR003589,C00072,2026-01-10 21:22:05,9450.0,Completed
PUR003590,C00072,2026-01-10 22:52:52,8350.0,Completed
PUR003591,C00675,2026-01-11 00:45:52,9000.0,Completed
PUR003592,C00310,2026-01-11 01:49:58,107000.0,Completed
PUR003593,C00585,2026-01-11 05:13:17,54300.0,Completed
PUR003594,C00494,2026-01-11 07:34:33,32200.0,Completed
PUR003595,C00427,2026-01-11 07:58:48,136500.0,Completed
PUR003596,C00068,2026-01-11 08:55:43,148500.0,Completed
PUR003597,C00477,2026-01-11 08:57:41,3850.0,Completed
PUR003598,C00095,2026-01-11 09:27:55,8400.0,Completed
PUR003599,C00594,2026-01-11 09:33:54,1250.0,Completed
PUR003600,C00662,2026-01-11 10:13:54,4050.0,Completed
PUR003601,C00228,2026-01-11 11:00:07,3400.0,Completed
PUR003602,C00275,2026-01-11 16:17:39,9500.0,Completed
PUR003603,C00504,2026-01-11 16:41:48,311000.0,Completed
PUR003604,C00089,2026-01-11 17:01:12,14500.0,Completed
PUR003605,C00707,2026-01-11 17:51:43,332000.0,Completed
PUR003606,C00273,2026-01-11 18:15:52,268000.0,Completed
PUR003607,C00675,2026-01-11 21:41:02,12150.0,Completed
PUR003608,C00583,2026-01-11 22:06:17,49800.0,Completed
PUR003609,C00225,2026-01-11 22:32:03,43100.0,Completed
PUR003610,C00146,2026-01-11 23:01:34,12500.0,Completed
PUR003611,C00277,2026-01-12 01:26:35,13500.0,Completed
PUR003612,C00080,2026-01-12 02:52:20,26050.0,Completed
PUR003613,C00686,2026-01-12 04:42:46,14500.0,Completed
PUR003614,C00101,2026-01-12 08:58:40,6250.0,Completed
PUR003615,C00477,2026-01-12 13:27:29,9000.0,Completed
PUR003616,C00195,2026-01-12 16:04:14,12000.0,Completed
PUR003617,C00202,2026-01-12 16:06:30,11350.0,Completed
PUR003618,C00152,2026-01-12 16:55:26,12900.0,Completed
PUR003619,C00329,2026-01-12 19:16:34,51000.0,Completed
PUR003620,C00636,2026-01-12 20:13:28,12550.0,Completed
PUR003621,C00126,2026-01-12 20:19:28,2400.0,Completed
PUR003622,C00609,2026-01-12 21:23:52,5600.0,Completed
PUR003623,C00051,2026-01-13 01:01:10,59900.0,Completed
PUR003624,C00386,2026-01-13 02:34:16,37000.0,Completed
PUR003625,C00632,2026-01-13 03:06:55,9600.0,Completed
PUR003626,C00681,2026-01-13 07:32:05,9000.0,Completed
PUR003627,C00546,2026-01-13 08:29:54,11550.0,Completed
PUR003628,C00267,2026-01-13 09:35:36,4400.0,Completed
PUR003629,C00673,2026-01-13 12:06:53,64000.0,Completed
PUR003630,C00493,2026-01-13 13:31:53,4500.0,Completed
PUR003631,C00136,2026-01-13 13:46:33,12600.0,Completed
PUR003632,C00095,2026-01-13 13:53:54,32000.0,Completed
PUR003633,C00490,2026-01-13 16:57:20,47700.0,Completed
PUR003634,C00548,2026-01-13 19:19:48,17350.0,Completed
PUR003635,C00136,2026-01-13 20:12:09,2200.0,Completed
PUR003636,C00717,2026-01-13 22:06:50,11200.0,Completed
PUR003637,C00247,2026-01-13 22:22:04,6750.0,Completed
PUR003638,C00292,2026-01-13 23:14:00,10300.0,Completed
PUR003639,C00296,2026-01-14 00:11:02,16150.0,Completed
PUR003640,C00212,2026-01-14 03:06:18,23800.0,Completed
PUR003641,C00352,2026-01-14 03:29:58,14500.0,Completed
PUR003642,C00279,2026-01-14 04:11:35,37000.0,Completed
PUR003643,C00069,2026-01-14 08:24:29,27100.0,Completed
PUR003644,C00386,2026-01-14 08:47:22,194000.0,Completed
PUR003645,C00020,2026-01-14 11:03:40,54700.0,Completed
PUR003646,C00099,2026-01-14 11:42:17,21000.0,Completed
PUR003647,C00050,2026-01-14 13:53:26,149000.0,Completed
PUR003648,C00201,2026-01-14 16:07:20,7200.0,Completed
PUR003649,C00274,2026-01-14 17:57:53,14500.0,Completed
PUR003650,C00307,2026-01-14 18:59:07,14500.0,Completed
PUR003651,C00614,2026-01-14 20:53:39,43800.0,Completed
PUR003652,C00515,2026-01-14 22:00:55,4500.0,Completed
PUR003653,C00743,2026-01-14 22:33:14,25100.0,Completed
PUR003654,C00039,2026-01-14 23:37:16,6800.0,Completed
PUR003655,C00316,2026-01-14 23:56:46,148500.0,Completed
PUR003656,C00134,2026-01-15 01:15:11,4500.0,Completed
PUR003657,C00047,2026-01-15 03:41:42,13500.0,Completed
PUR003658,C00283,2026-01-15 04:34:56,31600.0,Completed
PUR003659,C00322,2026-01-15 04:38:36,1349.0,Completed
PUR003660,C00178,2026-01-15 05:42:10,42500.0,Completed
PUR003661,C00286,2026-01-15 06:35:11,16800.0,Completed
PUR003662,C00741,2026-01-15 08:07:34,8250.0,Completed
PUR003663,C00595,2026-01-15 09:23:05,37500.0,Completed
PUR003664,C00093,2026-01-15 09:41:44,9000.0,Completed
PUR003665,C00579,2026-01-15 09:44:46,66500.0,Completed
PUR003666,C00167,2026-01-15 11:15:59,12600.0,Completed
PUR003667,C00334,2026-01-15 13:48:54,25000.0,Completed
PUR003668,C00361,2026-01-15 15:14:16,8400.0,Completed
PUR003669,C00156,2026-01-15 17:24:05,170000.0,Completed
PUR003670,C00095,2026-01-15 19:06:52,7050.0,Completed
PUR003671,C00498,2026-01-15 21:52:41,45100.0,Completed
PUR003672,C00354,2026-01-16 08:23:59,31250.0,Completed
PUR003673,C00516,2026-01-16 13:39:24,87000.0,Completed
PUR003674,C00272,2026-01-16 15:26:22,25000.0,Completed
PUR003675,C00465,2026-01-16 19:46:02,3700.0,Completed
PUR003676,C00648,2026-01-16 21:18:20,1900.0,Completed
PUR003677,C00575,2026-01-16 22:38:54,9200.0,Completed
PUR003678,C00568,2026-01-17 00:15:45,650.0,Completed
PUR003679,C00350,2026-01-17 02:37:27,96000.0,Completed
PUR003680,C00057,2026-01-17 03:25:55,8650.0,Completed
PUR003681,C00123,2026-01-17 03:56:19,38000.0,Completed
PUR003682,C00488,2026-01-17 04:17:49,199000.0,Completed
PUR003683,C00430,2026-01-17 04:57:54,18500.0,Completed
PUR003684,C00459,2026-01-17 05:42:03,1250.0,Completed
PUR003685,C00629,2026-01-17 05:47:36,236000.0,Completed
PUR003686,C00177,2026-01-17 09:06:14,12850.0,Completed
PUR003687,C00201,2026-01-17 12:46:31,9500.0,Completed
PUR003688,C00662,2026-01-17 12:55:01,191000.0,Completed
PUR003689,C00069,2026-01-17 16:11:46,150000.0,Completed
PUR003690,C00680,2026-01-17 23:23:34,50500.0,Completed
PUR003691,C00573,2026-01-18 00:48:34,6348.0,Completed
PUR003692,C00060,2026-01-18 02:59:14,122000.0,Completed
PUR003693,C00223,2026-01-18 04:41:23,9000.0,Completed
PUR003694,C00101,2026-01-18 05:16:48,29000.0,Completed
PUR003695,C00216,2026-01-18 09:03:31,65000.0,Completed
PUR003696,C00127,2026-01-18 11:16:20,18500.0,Completed
PUR003697,C00670,2026-01-18 12:30:43,7600.0,Completed
PUR003698,C00671,2026-01-18 12:53:14,140700.0,Completed
PUR003699,C00460,2026-01-18 12:54:21,18600.0,Completed
PUR003700,C00588,2026-01-18 14:51:57,64000.0,Completed
PUR003701,C00306,2026-01-18 15:36:02,9000.0,Completed
PUR003702,C00176,2026-01-18 17:40:50,6300.0,Completed
PUR003703,C00627,2026-01-18 19:00:34,13500.0,Completed
PUR003704,C00098,2026-01-18 19:16:43,3345.0,Completed
PUR003705,C00359,2026-01-18 20:27:45,26900.0,Completed
PUR003706,C00306,2026-01-18 20:54:40,18000.0,Completed
PUR003707,C00039,2026-01-18 21:05:03,37500.0,Completed
PUR003708,C00271,2026-01-18 21:23:15,21248.0,Completed
PUR003709,C00433,2026-01-19 00:49:15,40200.0,Completed
PUR003710,C00199,2026-01-19 01:03:39,22500.0,Completed
PUR003711,C00411,2026-01-19 01:39:05,61000.0,Completed
PUR003712,C00286,2026-01-19 07:28:48,27000.0,Completed
PUR003713,C00283,2026-01-19 09:11:41,3700.0,Completed
PUR003714,C00267,2026-01-19 10:02:57,7800.0,Completed
PUR003715,C00462,2026-01-19 11:00:00,14500.0,Completed
PUR003716,C00233,2026-01-19 13:08:54,25000.0,Completed
PUR003717,C00605,2026-01-19 15:26:21,83500.0,Completed
PUR003718,C00444,2026-01-19 16:46:21,5700.0,Completed
PUR003719,C00671,2026-01-19 18:55:20,23800.0,Completed
PUR003720,C00398,2026-01-19 20:55:26,14500.0,Completed
PUR003721,C00113,2026-01-19 21:25:58,17400.0,Completed
PUR003722,C00372,2026-01-19 21:52:13,32000.0,Completed
PUR003723,C00487,2026-01-20 00:21:42,2750.0,Completed
PUR003724,C00710,2026-01-20 00:43:59,25000.0,Completed
PUR003725,C00702,2026-01-20 03:06:09,29700.0,Completed
PUR003726,C00040,2026-01-20 03:22:29,85000.0,Completed
PUR003727,C00197,2026-01-20 03:25:53,18500.0,Completed
PUR003728,C00683,2026-01-20 05:37:03,15200.0,Completed
PUR003729,C00365,2026-01-20 05:39:09,46000.0,Completed
PUR003730,C00398,2026-01-20 08:58:58,37000.0,Completed
PUR003731,C00649,2026-01-20 09:01:00,1350.0,Completed
PUR003732,C00631,2026-01-20 09:01:25,29500.0,Completed
PUR003733,C00080,2026-01-20 10:07:54,58550.0,Completed
PUR003734,C00395,2026-01-20 10:57:11,96000.0,Completed
PUR003735,C00292,2026-01-20 12:20:04,13400.0,Completed
PUR003736,C00414,2026-01-20 12:39:10,105000.0,Completed
PUR003737,C00673,2026-01-20 12:47:44,4200.0,Completed
PUR003738,C00330,2026-01-20 12:58:50,143500.0,Completed
PUR003739,C00738,2026-01-20 16:35:19,9500.0,Completed
PUR003740,C00249,2026-01-20 17:53:39,8400.0,Completed
PUR003741,C00378,2026-01-20 17:55:13,13500.0,Completed
PUR003742,C00471,2026-01-20 19:00:50,200500.0,Completed
PUR003743,C00629,2026-01-20 21:43:46,14500.0,Completed
PUR003744,C00719,2026-01-20 21:53:01,5000.0,Completed
PUR003745,C00050,2026-01-20 23:21:09,184500.0,Completed
PUR003746,C00122,2026-01-20 23:48:32,2500.0,Completed
PUR003747,C00412,2026-01-21 00:01:01,15500.0,Completed
PUR003748,C00295,2026-01-21 01:57:24,85000.0,Completed
PUR003749,C00156,2026-01-21 08:32:01,239000.0,Completed
PUR003750,C00693,2026-01-21 11:06:02,850.0,Completed
PUR003751,C00024,2026-01-21 11:58:25,70500.0,Completed
PUR003752,C00191,2026-01-21 13:06:04,14200.0,Completed
PUR003753,C00197,2026-01-21 14:15:29,29000.0,Completed
PUR003754,C00292,2026-01-21 15:36:25,37500.0,Completed
PUR003755,C00142,2026-01-21 18:26:03,14500.0,Completed
PUR003756,C00597,2026-01-21 18:41:21,32000.0,Completed
PUR003757,C00312,2026-01-21 19:16:17,46500.0,Completed
PUR003758,C00254,2026-01-21 23:23:55,4500.0,Completed
PUR003759,C00490,2026-01-22 00:57:56,5600.0,Completed
PUR003760,C00102,2026-01-22 01:01:26,17100.0,Completed
PUR003761,C00012,2026-01-22 01:42:28,6196.0,Completed
PUR003762,C00477,2026-01-22 02:57:00,50000.0,Completed
PUR003763,C00013,2026-01-22 04:32:22,15700.0,Completed
PUR003764,C00312,2026-01-22 09:09:26,133000.0,Completed
PUR003765,C00682,2026-01-22 09:25:42,49100.0,Completed
PUR003766,C00216,2026-01-22 10:02:22,202000.0,Completed
PUR003767,C00436,2026-01-22 11:54:47,18000.0,Completed
PUR003768,C00613,2026-01-22 13:36:35,25000.0,Completed
PUR003769,C00677,2026-01-22 13:47:01,15550.0,Completed
PUR003770,C00643,2026-01-22 14:41:44,6250.0,Completed
PUR003771,C00139,2026-01-22 15:19:37,30500.0,Completed
PUR003772,C00327,2026-01-22 17:35:24,1700.0,Completed
PUR003773,C00561,2026-01-22 17:38:28,18000.0,Completed
PUR003774,C00096,2026-01-22 20:37:22,14050.0,Completed
PUR003775,C00058,2026-01-22 20:45:45,12500.0,Completed
PUR003776,C00145,2026-01-22 20:51:01,32000.0,Completed
PUR003777,C00490,2026-01-22 22:51:55,34500.0,Completed
PUR003778,C00051,2026-01-23 00:43:50,18000.0,Completed
PUR003779,C00106,2026-01-23 01:56:11,110500.0,Completed
PUR003780,C00447,2026-01-23 02:23:04,58300.0,Completed
PUR003781,C00100,2026-01-23 06:08:38,5600.0,Completed
PUR003782,C00182,2026-01-23 08:37:25,23500.0,Completed
PUR003783,C00607,2026-01-23 08:38:41,6250.0,Completed
PUR003784,C00152,2026-01-23 09:09:52,18500.0,Completed
PUR003785,C00453,2026-01-23 10:33:08,1250.0,Completed
PUR003786,C00072,2026-01-23 12:18:39,4200.0,Completed
PUR003787,C00430,2026-01-23 12:35:53,101000.0,Completed
PUR003788,C00707,2026-01-23 13:02:00,11500.0,Completed
PUR003789,C00450,2026-01-23 17:49:46,46000.0,Completed
PUR003790,C00393,2026-01-23 20:12:08,10800.0,Completed
PUR003791,C00416,2026-01-23 21:15:32,7600.0,Completed
PUR003792,C00561,2026-01-24 00:52:17,33750.0,Completed
PUR003793,C00394,2026-01-24 02:45:50,103500.0,Completed
PUR003794,C00125,2026-01-24 03:14:05,4200.0,Completed
PUR003795,C00225,2026-01-24 03:34:43,5000.0,Completed
PUR003796,C00584,2026-01-24 05:59:52,74250.0,Completed
PUR003797,C00321,2026-01-24 08:07:27,14500.0,Completed
PUR003798,C00592,2026-01-24 10:22:15,96000.0,Completed
PUR003799,C00471,2026-01-24 11:45:52,51500.0,Completed
PUR003800,C00316,2026-01-24 11:55:14,107200.0,Completed
PUR003801,C00205,2026-01-24 14:52:10,19997.0,Completed
PUR003802,C00613,2026-01-24 15:32:08,12500.0,Completed
PUR003803,C00025,2026-01-24 18:07:27,37000.0,Completed
PUR003804,C00645,2026-01-24 18:10:42,1497.0,Completed
PUR003805,C00092,2026-01-24 19:55:30,9000.0,Completed
PUR003806,C00649,2026-01-24 22:32:55,12000.0,Completed
PUR003807,C00044,2026-01-24 22:36:06,7000.0,Completed
PUR003808,C00700,2026-01-24 23:07:37,13400.0,Completed
PUR003809,C00119,2026-01-25 00:18:25,79500.0,Completed
PUR003810,C00382,2026-01-25 01:34:40,136500.0,Completed
PUR003811,C00507,2026-01-25 01:58:43,18000.0,Completed
PUR003812,C00350,2026-01-25 02:18:35,13500.0,Completed
PUR003813,C00223,2026-01-25 03:16:30,14300.0,Completed
PUR003814,C00144,2026-01-25 03:36:10,84750.0,Completed
PUR003815,C00040,2026-01-25 05:16:12,61000.0,Completed
PUR003816,C00003,2026-01-25 06:09:23,10497.0,Completed
PUR003817,C00410,2026-01-25 06:37:54,64000.0,Completed
PUR003818,C00607,2026-01-25 07:08:20,6600.0,Completed
PUR003819,C00311,2026-01-25 08:32:18,29000.0,Completed
PUR003820,C00128,2026-01-25 10:05:56,18500.0,Completed
PUR003821,C00707,2026-01-25 10:22:02,61000.0,Completed
PUR003822,C00024,2026-01-25 11:02:43,96000.0,Completed
PUR003823,C00439,2026-01-25 12:11:49,4500.0,Completed
PUR003824,C00233,2026-01-25 12:36:51,9000.0,Completed
PUR003825,C00328,2026-01-25 12:55:30,13695.0,Completed
PUR003826,C00103,2026-01-25 15:39:06,18500.0,Completed
PUR003827,C00412,2026-01-25 15:44:33,41900.0,Completed
PUR003828,C00174,2026-01-25 16:13:43,11000.0,Completed
PUR003829,C00734,2026-01-25 17:08:33,8400.0,Completed
PUR003830,C00735,2026-01-25 18:00:05,7200.0,Completed
PUR003831,C00682,2026-01-25 18:42:45,74500.0,Completed
PUR003832,C00557,2026-01-25 19:37:54,25000.0,Completed
PUR003833,C00734,2026-01-25 22:27:12,30000.0,Completed
PUR003834,C00674,2026-01-26 00:04:56,18500.0,Completed
PUR003835,C00160,2026-01-26 02:43:44,26250.0,Completed
PUR003836,C00459,2026-01-26 04:27:00,96000.0,Completed
PUR003837,C00712,2026-01-26 04:34:05,6000.0,Completed
PUR003838,C00358,2026-01-26 08:11:29,167000.0,Completed
PUR003839,C00020,2026-01-26 08:58:25,2500.0,Completed
PUR003840,C00181,2026-01-26 10:11:16,14600.0,Completed
PUR003841,C00253,2026-01-26 12:19:25,16250.0,Completed
PUR003842,C00438,2026-01-26 12:31:12,8400.0,Completed
PUR003843,C00462,2026-01-26 13:18:23,27000.0,Completed
PUR003844,C00023,2026-01-26 14:08:32,3750.0,Completed
PUR003845,C00167,2026-01-26 14:43:23,37500.0,Completed
PUR003846,C00650,2026-01-26 16:03:18,12500.0,Completed
PUR003847,C00131,2026-01-26 16:20:44,5550.0,Completed
PUR003848,C00260,2026-01-26 16:58:32,102000.0,Completed
PUR003849,C00173,2026-01-26 19:21:53,24100.0,Completed
PUR003850,C00145,2026-01-26 21:31:13,31000.0,Completed
PUR003851,C00153,2026-01-26 22:22:39,32000.0,Completed
PUR003852,C00534,2026-01-26 22:47:56,2495.0,Completed
PUR003853,C00322,2026-01-27 00:35:52,20500.0,Completed
PUR003854,C00621,2026-01-27 02:05:17,15095.0,Completed
PUR003855,C00459,2026-01-27 02:44:21,3600.0,Completed
PUR003856,C00068,2026-01-27 02:59:56,129000.0,Completed
PUR003857,C00320,2026-01-27 04:06:13,102500.0,Completed
PUR003858,C00021,2026-01-27 04:23:26,7600.0,Completed
PUR003859,C00474,2026-01-27 06:44:22,100500.0,Completed
PUR003860,C00487,2026-01-27 07:21:04,20900.0,Completed
PUR003861,C00604,2026-01-27 08:51:39,15700.0,Completed
PUR003862,C00452,2026-01-27 09:22:23,348000.0,Completed
PUR003863,C00527,2026-01-27 10:51:58,4200.0,Completed
PUR003864,C00449,2026-01-27 12:13:58,18700.0,Completed
PUR003865,C00185,2026-01-27 17:21:22,51250.0,Completed
PUR003866,C00058,2026-01-27 19:49:17,7850.0,Completed
PUR003867,C00282,2026-01-27 20:19:57,4500.0,Completed
PUR003868,C00417,2026-01-27 21:24:10,13200.0,Completed
PUR003869,C00166,2026-01-27 21:29:28,14100.0,Completed
PUR003870,C00080,2026-01-28 02:43:30,12500.0,Completed
PUR003871,C00525,2026-01-28 04:15:30,4600.0,Completed
PUR003872,C00346,2026-01-28 05:41:32,6250.0,Completed
PUR003873,C00598,2026-01-28 07:23:35,4500.0,Completed
PUR003874,C00216,2026-01-28 10:52:33,29000.0,Completed
PUR003875,C00438,2026-01-28 15:19:54,33500.0,Completed
PUR003876,C00658,2026-01-28 15:48:54,1800.0,Completed
PUR003877,C00735,2026-01-28 18:40:16,13500.0,Completed
PUR003878,C00358,2026-01-28 19:21:24,50500.0,Completed
PUR003879,C00579,2026-01-28 21:02:43,37000.0,Completed
PUR003880,C00491,2026-01-28 21:40:12,117000.0,Completed
PUR003881,C00400,2026-01-29 04:38:32,18500.0,Completed
PUR003882,C00650,2026-01-29 06:08:06,1650.0,Completed
PUR003883,C00055,2026-01-29 08:13:25,9050.0,Completed
PUR003884,C00199,2026-01-29 09:58:31,4500.0,Completed
PUR003885,C00644,2026-01-29 15:26:30,186000.0,Completed
PUR003886,C00425,2026-01-29 17:09:41,8400.0,Completed
PUR003887,C00265,2026-01-29 17:40:13,14500.0,Completed
PUR003888,C00245,2026-01-29 18:46:32,8800.0,Completed
PUR003889,C00312,2026-01-29 21:29:49,240500.0,Completed
PUR003890,C00348,2026-01-29 23:08:31,64000.0,Completed
PUR003891,C00063,2026-01-29 23:18:02,30050.0,Completed
PUR003892,C00057,2026-01-30 00:30:31,128000.0,Completed
PUR003893,C00733,2026-01-30 03:15:45,36200.0,Completed
PUR003894,C00657,2026-01-30 03:44:22,41100.0,Completed
PUR003895,C00440,2026-01-30 03:56:44,9000.0,Completed
PUR003896,C00742,2026-01-30 04:23:26,2400.0,Completed
PUR003897,C00352,2026-01-30 04:50:34,4500.0,Completed
PUR003898,C00570,2026-01-30 05:48:21,13500.0,Completed
PUR003899,C00273,2026-01-30 05:53:09,13500.0,Completed
PUR003900,C00164,2026-01-30 08:14:33,2495.0,Completed
PUR003901,C00551,2026-01-30 10:55:17,32000.0,Completed
PUR003902,C00459,2026-01-30 14:57:52,2800.0,Completed
PUR003903,C00750,2026-01-30 15:06:22,33850.0,Completed
PUR003904,C00465,2026-01-30 15:57:15,11650.0,Completed
PUR003905,C00201,2026-01-30 19:26:11,6000.0,Completed
PUR003906,C00285,2026-01-30 19:48:02,14050.0,Completed
PUR003907,C00173,2026-01-30 23:42:44,2500.0,Completed
PUR003908,C00161,2026-01-31 00:33:44,29000.0,Completed
PUR003909,C00270,2026-01-31 05:09:17,13198.0,Completed
PUR003910,C00257,2026-01-31 06:20:55,18500.0,Completed
PUR003911,C00720,2026-01-31 08:08:11,13000.0,Completed
PUR003912,C00412,2026-01-31 08:30:39,4500.0,Completed
PUR003913,C00209,2026-01-31 08:36:39,5400.0,Completed
PUR003914,C00501,2026-01-31 10:50:36,65500.0,Completed
PUR003915,C00147,2026-01-31 11:45:00,7600.0,Completed
PUR003916,C00732,2026-01-31 15:43:03,35500.0,Completed
PUR003917,C00561,2026-01-31 16:22:16,8000.0,Completed
PUR003918,C00176,2026-01-31 17:26:14,3250.0,Completed
PUR003919,C00599,2026-01-31 17:38:16,49000.0,Completed
PUR003920,C00282,2026-01-31 18:58:42,14050.0,Completed
PUR003921,C00449,2026-01-31 19:44:58,1200.0,Completed
PUR003922,C00234,2026-01-31 21:44:27,8400.0,Completed
PUR003923,C00167,2026-01-31 22:46:03,37500.0,Completed
PUR003924,C00312,2026-01-31 22:54:20,55250.0,Completed
PUR003925,C00238,2026-01-31 23:19:13,1996.0,Completed
PUR003926,C00703,2026-02-01 01:11:47,130000.0,Completed
PUR003927,C00605,2026-02-01 05:12:22,29000.0,Completed
PUR003928,C00553,2026-02-01 05:25:56,1996.0,Completed
PUR003929,C00253,2026-02-01 06:59:04,3400.0,Completed
PUR003930,C00350,2026-02-01 07:36:33,37000.0,Completed
PUR003931,C00400,2026-02-01 08:37:35,2800.0,Completed
PUR003932,C00177,2026-02-01 09:05:39,29000.0,Completed
PUR003933,C00390,2026-02-01 11:11:33,12500.0,Completed
PUR003934,C00735,2026-02-01 11:26:43,22400.0,Completed
PUR003935,C00533,2026-02-01 13:14:52,3900.0,Completed
PUR003936,C00549,2026-02-01 13:58:23,1700.0,Completed
PUR003937,C00469,2026-02-01 14:39:21,1950.0,Completed
PUR003938,C00107,2026-02-01 17:36:21,4250.0,Completed
PUR003939,C00464,2026-02-01 18:45:18,36500.0,Completed
PUR003940,C00416,2026-02-01 19:26:30,4500.0,Completed
PUR003941,C00569,2026-02-01 23:11:15,7200.0,Completed
PUR003942,C00142,2026-02-02 00:19:31,329000.0,Completed
PUR003943,C00048,2026-02-02 02:30:02,49600.0,Completed
PUR003944,C00354,2026-02-02 02:42:03,6199.0,Completed
PUR003945,C00145,2026-02-02 04:45:23,9000.0,Completed
PUR003946,C00251,2026-02-02 05:57:00,85000.0,Completed
PUR003947,C00102,2026-02-02 07:36:28,1800.0,Completed
PUR003948,C00192,2026-02-02 07:48:34,4900.0,Completed
PUR003949,C00571,2026-02-02 09:36:17,17450.0,Completed
PUR003950,C00183,2026-02-02 14:21:26,6250.0,Completed
PUR003951,C00526,2026-02-02 14:27:22,53900.0,Completed
PUR003952,C00376,2026-02-02 15:31:40,4500.0,Completed
PUR003953,C00534,2026-02-02 16:02:03,18500.0,Completed
PUR003954,C00609,2026-02-02 18:53:44,32000.0,Completed
PUR003955,C00285,2026-02-02 20:03:35,18500.0,Completed
PUR003956,C00382,2026-02-02 20:37:25,162000.0,Completed
PUR003957,C00079,2026-02-02 21:24:41,29000.0,Completed
PUR003958,C00357,2026-02-02 22:25:39,73000.0,Completed
PUR003959,C00309,2026-02-03 02:50:26,18896.0,Completed
PUR003960,C00711,2026-02-03 03:09:16,13500.0,Completed
PUR003961,C00590,2026-02-03 03:36:14,18500.0,Completed
PUR003962,C00634,2026-02-03 05:18:32,18000.0,Completed
PUR003963,C00375,2026-02-03 05:23:18,68250.0,Completed
PUR003964,C00348,2026-02-03 05:23:51,1900.0,Completed
PUR003965,C00050,2026-02-03 06:31:09,12600.0,Completed
PUR003966,C00414,2026-02-03 06:35:23,101500.0,Completed
PUR003967,C00216,2026-02-03 07:23:28,102000.0,Completed
PUR003968,C00336,2026-02-03 07:55:01,44600.0,Completed
PUR003969,C00724,2026-02-03 08:31:38,5400.0,Completed
PUR003970,C00604,2026-02-03 09:05:52,2800.0,Completed
PUR003971,C00604,2026-02-03 09:48:30,14897.0,Completed
PUR003972,C00075,2026-02-03 13:54:56,27500.0,Completed
PUR003973,C00144,2026-02-03 14:03:04,15750.0,Completed
PUR003974,C00201,2026-02-03 18:57:28,4500.0,Completed
PUR003975,C00323,2026-02-03 19:38:32,18500.0,Completed
PUR003976,C00680,2026-02-03 20:24:59,235000.0,Completed
PUR003977,C00504,2026-02-03 20:37:48,54750.0,Completed
PUR003978,C00205,2026-02-04 00:00:44,29500.0,Completed
PUR003979,C00422,2026-02-04 00:51:13,45000.0,Completed
PUR003980,C00388,2026-02-04 01:51:53,43100.0,Completed
PUR003981,C00419,2026-02-04 02:10:33,33000.0,Completed
PUR003982,C00570,2026-02-04 03:00:12,3600.0,Completed
PUR003983,C00709,2026-02-04 05:20:43,11000.0,Completed
PUR003984,C00555,2026-02-04 07:21:29,66000.0,Completed
PUR003985,C00295,2026-02-04 07:54:25,32000.0,Completed
PUR003986,C00491,2026-02-04 08:21:59,23200.0,Completed
PUR003987,C00357,2026-02-04 09:38:04,78500.0,Completed
PUR003988,C00749,2026-02-04 10:48:01,28200.0,Completed
PUR003989,C00537,2026-02-04 11:43:42,37000.0,Completed
PUR003990,C00688,2026-02-04 13:41:44,22650.0,Completed
PUR003991,C00741,2026-02-04 16:46:58,65000.0,Completed
PUR003992,C00460,2026-02-04 18:37:23,125000.0,Completed
PUR003993,C00103,2026-02-04 19:00:28,2750.0,Completed
PUR003994,C00632,2026-02-04 20:29:41,33250.0,Completed
PUR003995,C00586,2026-02-04 22:22:11,170000.0,Completed
PUR003996,C00013,2026-02-05 00:08:42,1650.0,Completed
PUR003997,C00152,2026-02-05 00:59:17,18500.0,Completed
PUR003998,C00224,2026-02-05 02:01:25,18500.0,Completed
PUR003999,C00382,2026-02-05 03:25:47,37000.0,Completed
PUR004000,C00337,2026-02-05 04:20:32,13500.0,Completed
PUR004001,C00365,2026-02-05 04:53:33,264000.0,Completed
PUR004002,C00081,2026-02-05 05:18:07,6250.0,Completed
PUR004003,C00707,2026-02-05 06:30:30,159000.0,Completed
PUR004004,C00325,2026-02-05 07:08:15,98500.0,Completed
PUR004005,C00460,2026-02-05 13:23:34,159000.0,Completed
PUR004006,C00670,2026-02-05 13:29:24,46500.0,Completed
PUR004007,C00663,2026-02-05 14:57:12,3600.0,Completed
PUR004008,C00067,2026-02-05 16:01:05,76600.0,Completed
PUR004009,C00615,2026-02-05 19:06:37,9000.0,Completed
PUR004010,C00340,2026-02-05 20:02:25,85000.0,Completed
PUR004011,C00207,2026-02-05 20:05:42,40000.0,Completed
PUR004012,C00595,2026-02-06 00:04:58,44550.0,Completed
PUR004013,C00563,2026-02-06 02:30:48,32000.0,Completed
PUR004014,C00678,2026-02-06 03:38:21,142000.0,Completed
PUR004015,C00273,2026-02-06 04:27:40,186000.0,Completed
PUR004016,C00071,2026-02-06 05:01:36,9000.0,Completed
PUR004017,C00731,2026-02-06 06:30:48,37000.0,Completed
PUR004018,C00142,2026-02-06 09:20:47,131500.0,Completed
PUR004019,C00277,2026-02-06 09:25:33,34400.0,Completed
PUR004020,C00032,2026-02-06 10:24:27,24300.0,Completed
PUR004021,C00094,2026-02-06 10:36:20,3800.0,Completed
PUR004022,C00589,2026-02-06 11:23:26,29000.0,Completed
PUR004023,C00400,2026-02-06 11:55:17,15800.0,Completed
PUR004024,C00520,2026-02-06 12:20:22,28050.0,Completed
PUR004025,C00311,2026-02-06 16:19:57,23250.0,Completed
PUR004026,C00357,2026-02-06 17:06:08,1250.0,Completed
PUR004027,C00366,2026-02-06 17:59:37,20100.0,Completed
PUR004028,C00282,2026-02-06 18:29:11,12500.0,Completed
PUR004029,C00585,2026-02-06 19:17:42,28100.0,Completed
PUR004030,C00445,2026-02-06 20:13:59,5200.0,Completed
PUR004031,C00658,2026-02-06 20:35:10,125500.0,Completed
PUR004032,C00128,2026-02-06 21:28:11,11600.0,Completed
PUR004033,C00145,2026-02-06 23:44:58,6046.0,Completed
PUR004034,C00593,2026-02-07 02:11:20,27000.0,Completed
PUR004035,C00627,2026-02-07 04:28:30,6098.0,Completed
PUR004036,C00686,2026-02-07 05:07:22,3300.0,Completed
PUR004037,C00558,2026-02-07 07:30:58,4050.0,Completed
PUR004038,C00411,2026-02-07 10:16:56,26100.0,Completed
PUR004039,C00611,2026-02-07 13:38:41,20500.0,Completed
PUR004040,C00021,2026-02-07 17:45:27,8400.0,Completed
PUR004041,C00265,2026-02-07 21:28:25,46500.0,Completed
PUR004042,C00157,2026-02-08 00:21:54,41400.0,Completed
PUR004043,C00630,2026-02-08 03:24:18,3796.0,Completed
PUR004044,C00611,2026-02-08 08:34:44,499.0,Completed
PUR004045,C00225,2026-02-08 09:43:57,20350.0,Completed
PUR004046,C00511,2026-02-08 10:37:38,12500.0,Completed
PUR004047,C00223,2026-02-08 13:05:00,114000.0,Completed
PUR004048,C00620,2026-02-08 13:48:09,27500.0,Completed
PUR004049,C00336,2026-02-08 14:23:35,14500.0,Completed
PUR004050,C00434,2026-02-08 15:24:58,9000.0,Completed
PUR004051,C00433,2026-02-08 17:01:34,15400.0,Completed
PUR004052,C00569,2026-02-08 17:19:23,8450.0,Completed
PUR004053,C00687,2026-02-08 17:45:38,10700.0,Completed
PUR004054,C00276,2026-02-08 18:05:37,5650.0,Completed
PUR004055,C00050,2026-02-08 21:42:56,42500.0,Completed
PUR004056,C00683,2026-02-09 00:53:42,29100.0,Completed
PUR004057,C00286,2026-02-09 02:03:11,17400.0,Completed
PUR004058,C00118,2026-02-09 03:38:39,11200.0,Completed
PUR004059,C00090,2026-02-09 06:41:27,32000.0,Completed
PUR004060,C00590,2026-02-09 08:36:40,99500.0,Completed
PUR004061,C00253,2026-02-09 11:36:27,96000.0,Completed
PUR004062,C00607,2026-02-09 12:15:48,37500.0,Completed
PUR004063,C00382,2026-02-09 16:27:18,284500.0,Completed
PUR004064,C00618,2026-02-09 16:35:05,16100.0,Completed
PUR004065,C00412,2026-02-09 20:45:29,10996.0,Completed
PUR004066,C00609,2026-02-09 22:22:17,85600.0,Completed
PUR004067,C00223,2026-02-10 00:47:09,17000.0,Completed
PUR004068,C00269,2026-02-10 01:57:21,13500.0,Completed
PUR004069,C00352,2026-02-10 02:01:49,650.0,Completed
PUR004070,C00312,2026-02-10 02:03:16,164500.0,Completed
PUR004071,C00293,2026-02-10 02:06:46,96000.0,Completed
PUR004072,C00631,2026-02-10 03:50:44,7446.0,Completed
PUR004073,C00412,2026-02-10 05:23:27,96000.0,Completed
PUR004074,C00319,2026-02-10 05:51:06,11600.0,Completed
PUR004075,C00543,2026-02-10 12:16:17,8400.0,Completed
PUR004076,C00050,2026-02-10 15:19:48,4200.0,Completed
PUR004077,C00629,2026-02-10 16:04:29,17000.0,Completed
PUR004078,C00234,2026-02-10 17:11:44,77100.0,Completed
PUR004079,C00161,2026-02-11 02:22:27,32000.0,Completed
PUR004080,C00168,2026-02-11 05:46:44,262500.0,Completed
PUR004081,C00082,2026-02-11 06:57:10,37500.0,Completed
PUR004082,C00656,2026-02-11 08:37:25,5000.0,Completed
PUR004083,C00251,2026-02-11 08:40:34,29000.0,Completed
PUR004084,C00418,2026-02-11 12:27:43,5100.0,Completed
PUR004085,C00387,2026-02-11 12:27:45,25000.0,Completed
PUR004086,C00523,2026-02-11 13:58:07,7400.0,Completed
PUR004087,C00179,2026-02-11 14:42:17,6400.0,Completed
PUR004088,C00671,2026-02-11 15:42:30,13250.0,Completed
PUR004089,C00191,2026-02-11 15:57:40,37600.0,Completed
PUR004090,C00020,2026-02-11 16:30:21,9800.0,Completed
PUR004091,C00394,2026-02-11 17:17:31,86000.0,Completed
PUR004092,C00155,2026-02-11 17:32:43,48200.0,Completed
PUR004093,C00660,2026-02-11 18:45:20,13700.0,Completed
PUR004094,C00474,2026-02-12 00:57:44,5150.0,Completed
PUR004095,C00632,2026-02-12 01:36:09,14500.0,Completed
PUR004096,C00698,2026-02-12 05:22:20,50100.0,Completed
PUR004097,C00295,2026-02-12 05:58:43,25000.0,Completed
PUR004098,C00549,2026-02-12 06:03:28,4500.0,Completed
PUR004099,C00357,2026-02-12 08:25:54,1800.0,Completed
PUR004100,C00516,2026-02-12 09:56:30,18500.0,Completed
PUR004101,C00200,2026-02-12 10:40:24,85000.0,Completed
PUR004102,C00108,2026-02-12 11:25:51,10050.0,Completed
PUR004103,C00058,2026-02-12 13:49:22,25100.0,Completed
PUR004104,C00353,2026-02-12 14:46:02,25000.0,Completed
PUR004105,C00325,2026-02-12 18:27:57,8400.0,Completed
PUR004106,C00707,2026-02-12 19:01:33,37000.0,Completed
PUR004107,C00688,2026-02-12 20:02:03,9000.0,Completed
PUR004108,C00033,2026-02-12 21:35:29,96000.0,Completed
PUR004109,C00666,2026-02-12 22:10:09,63300.0,Completed
PUR004110,C00255,2026-02-12 22:50:36,3400.0,Completed
PUR004111,C00253,2026-02-12 23:01:48,17000.0,Completed
PUR004112,C00343,2026-02-13 01:22:09,150100.0,Completed
PUR004113,C00448,2026-02-13 01:45:54,1200.0,Completed
PUR004114,C00199,2026-02-13 02:38:38,25000.0,Completed
PUR004115,C00703,2026-02-13 04:16:03,37000.0,Completed
PUR004116,C00008,2026-02-13 05:07:47,37500.0,Completed
PUR004117,C00624,2026-02-13 06:13:16,9000.0,Completed
PUR004118,C00371,2026-02-13 07:26:28,4400.0,Completed
PUR004119,C00077,2026-02-13 15:27:56,29000.0,Completed
PUR004120,C00197,2026-02-13 16:04:23,170000.0,Completed
PUR004121,C00679,2026-02-13 18:04:40,4500.0,Completed
PUR004122,C00126,2026-02-13 23:49:23,11200.0,Completed
PUR004123,C00134,2026-02-14 00:41:34,2200.0,Completed
PUR004124,C00068,2026-02-14 01:19:48,64000.0,Completed
PUR004125,C00043,2026-02-14 02:28:52,4750.0,Completed
PUR004126,C00212,2026-02-14 02:29:21,41200.0,Completed
PUR004127,C00129,2026-02-14 02:32:25,499.0,Completed
PUR004128,C00424,2026-02-14 04:28:08,13250.0,Completed
PUR004129,C00230,2026-02-14 06:47:50,4500.0,Completed
PUR004130,C00624,2026-02-14 07:13:33,85000.0,Completed
PUR004131,C00201,2026-02-14 11:22:11,2500.0,Completed
PUR004132,C00410,2026-02-14 11:28:03,101000.0,Completed
PUR004133,C00053,2026-02-14 12:09:42,150000.0,Completed
PUR004134,C00049,2026-02-14 13:55:31,4800.0,Completed
PUR004135,C00615,2026-02-14 16:47:46,37000.0,Completed
PUR004136,C00316,2026-02-14 16:49:16,148500.0,Completed
PUR004137,C00084,2026-02-14 18:23:39,64000.0,Completed
PUR004138,C00734,2026-02-14 18:32:23,37500.0,Completed
PUR004139,C00162,2026-02-14 20:35:33,12600.0,Completed
PUR004140,C00175,2026-02-14 22:24:56,25000.0,Completed
PUR004141,C00415,2026-02-15 03:18:14,9650.0,Completed
PUR004142,C00255,2026-02-15 04:12:02,32200.0,Completed
PUR004143,C00462,2026-02-15 04:19:02,5700.0,Completed
PUR004144,C00467,2026-02-15 07:18:54,24650.0,Completed
PUR004145,C00362,2026-02-15 08:06:10,23500.0,Completed
PUR004146,C00349,2026-02-15 08:17:28,9350.0,Completed
PUR004147,C00157,2026-02-15 09:11:11,25000.0,Completed
PUR004148,C00325,2026-02-15 09:16:37,4250.0,Completed
PUR004149,C00262,2026-02-15 10:20:24,64000.0,Completed
PUR004150,C00376,2026-02-15 11:53:42,9000.0,Completed
PUR004151,C00631,2026-02-15 11:54:36,5600.0,Completed
PUR004152,C00103,2026-02-15 12:01:04,18000.0,Completed
PUR004153,C00282,2026-02-15 12:22:20,9347.0,Completed
PUR004154,C00477,2026-02-15 13:00:34,21198.0,Completed
PUR004155,C00632,2026-02-15 14:20:57,59750.0,Completed
PUR004156,C00534,2026-02-15 14:29:02,5200.0,Completed
PUR004157,C00202,2026-02-15 15:59:37,29000.0,Completed
PUR004158,C00643,2026-02-15 16:20:13,21000.0,Completed
PUR004159,C00537,2026-02-15 16:20:31,61900.0,Completed
PUR004160,C00111,2026-02-15 19:22:03,65000.0,Completed
PUR004161,C00224,2026-02-15 20:57:45,19200.0,Completed
PUR004162,C00199,2026-02-16 00:58:02,9097.0,Completed
PUR004163,C00167,2026-02-16 01:16:44,41400.0,Completed
PUR004164,C00380,2026-02-16 02:45:39,2495.0,Completed
PUR004165,C00006,2026-02-16 03:17:54,13500.0,Completed
PUR004166,C00719,2026-02-16 04:10:57,161500.0,Completed
PUR004167,C00531,2026-02-16 04:16:17,14600.0,Completed
PUR004168,C00618,2026-02-16 05:18:31,44800.0,Completed
PUR004169,C00315,2026-02-16 05:32:03,15745.0,Completed
PUR004170,C00318,2026-02-16 05:42:50,31500.0,Completed
PUR004171,C00629,2026-02-16 09:57:59,65000.0,Completed
PUR004172,C00617,2026-02-16 10:24:22,197600.0,Completed
PUR004173,C00379,2026-02-16 13:32:17,28050.0,Completed
PUR004174,C00714,2026-02-16 13:50:08,4500.0,Completed
PUR004175,C00010,2026-02-16 16:17:32,9300.0,Completed
PUR004176,C00331,2026-02-16 16:20:00,114500.0,Completed
PUR004177,C00314,2026-02-16 18:46:33,231000.0,Completed
PUR004178,C00276,2026-02-16 19:46:43,4800.0,Completed
PUR004179,C00274,2026-02-16 20:03:36,110500.0,Completed
PUR004180,C00484,2026-02-16 20:37:13,66500.0,Completed
PUR004181,C00292,2026-02-16 23:48:06,16800.0,Completed
PUR004182,C00368,2026-02-17 00:20:57,11000.0,Completed
PUR004183,C00370,2026-02-17 04:23:09,5100.0,Completed
PUR004184,C00541,2026-02-17 05:07:58,92500.0,Completed
PUR004185,C00534,2026-02-17 05:44:54,155400.0,Completed
PUR004186,C00732,2026-02-17 06:32:46,57000.0,Completed
PUR004187,C00336,2026-02-17 07:30:03,9000.0,Completed
PUR004188,C00147,2026-02-17 07:54:47,13500.0,Completed
PUR004189,C00037,2026-02-17 08:07:44,37500.0,Completed
PUR004190,C00651,2026-02-17 11:13:45,4500.0,Completed
PUR004191,C00245,2026-02-17 11:14:07,6250.0,Completed
PUR004192,C00358,2026-02-17 12:20:28,64000.0,Completed
PUR004193,C00062,2026-02-17 12:25:19,18500.0,Completed
PUR004194,C00628,2026-02-17 15:31:32,1900.0,Completed
PUR004195,C00670,2026-02-17 17:44:07,2500.0,Completed
PUR004196,C00735,2026-02-17 17:45:14,8400.0,Completed
PUR004197,C00094,2026-02-17 19:01:56,4499.0,Completed
PUR004198,C00349,2026-02-17 21:50:29,3900.0,Completed
PUR004199,C00227,2026-02-18 00:41:39,6850.0,Completed
PUR004200,C00346,2026-02-18 01:47:21,16800.0,Completed
PUR004201,C00023,2026-02-18 02:12:12,184500.0,Completed
PUR004202,C00525,2026-02-18 03:36:06,17100.0,Completed
PUR004203,C00427,2026-02-18 03:57:51,29000.0,Completed
PUR004204,C00509,2026-02-18 07:43:08,14450.0,Completed
PUR004205,C00390,2026-02-18 08:27:41,85000.0,Completed
PUR004206,C00188,2026-02-18 11:17:07,33000.0,Completed
PUR004207,C00549,2026-02-18 13:09:55,89000.0,Completed
PUR004208,C00559,2026-02-18 13:11:41,36000.0,Completed
PUR004209,C00459,2026-02-18 14:33:35,15900.0,Completed
PUR004210,C00504,2026-02-18 17:06:14,6250.0,Completed
PUR004211,C00035,2026-02-18 17:32:22,15000.0,Completed
PUR004212,C00212,2026-02-18 19:01:42,32000.0,Completed
PUR004213,C00742,2026-02-18 19:19:04,18000.0,Completed
PUR004214,C00301,2026-02-18 20:23:48,53000.0,Completed
PUR004215,C00459,2026-02-18 20:25:52,15700.0,Completed
PUR004216,C00619,2026-02-18 20:38:00,4050.0,Completed
PUR004217,C00388,2026-02-18 22:14:22,26450.0,Completed
PUR004218,C00402,2026-02-19 01:45:38,102050.0,Completed
PUR004219,C00684,2026-02-19 03:31:24,54000.0,Completed
PUR004220,C00432,2026-02-19 05:39:31,132500.0,Completed
PUR004221,C00186,2026-02-19 08:00:44,17700.0,Completed
PUR004222,C00163,2026-02-19 08:37:32,4500.0,Completed
PUR004223,C00327,2026-02-19 09:13:00,2550.0,Completed
PUR004224,C00036,2026-02-19 11:15:57,20750.0,Completed
PUR004225,C00705,2026-02-19 13:04:11,4500.0,Completed
PUR004226,C00098,2026-02-19 13:31:45,4800.0,Completed
PUR004227,C00292,2026-02-19 14:00:42,33900.0,Completed
PUR004228,C00613,2026-02-19 14:01:08,1200.0,Completed
PUR004229,C00682,2026-02-19 14:54:34,9000.0,Completed
PUR004230,C00612,2026-02-19 15:51:21,5000.0,Completed
PUR004231,C00662,2026-02-19 16:22:28,29000.0,Completed
PUR004232,C00620,2026-02-19 16:34:59,147500.0,Completed
PUR004233,C00098,2026-02-19 17:56:47,19350.0,Completed
PUR004234,C00606,2026-02-19 19:28:42,11200.0,Completed
PUR004235,C00437,2026-02-19 19:54:29,19250.0,Completed
PUR004236,C00624,2026-02-19 19:57:17,5049.0,Completed
PUR004237,C00307,2026-02-20 00:19:44,7600.0,Completed
PUR004238,C00131,2026-02-20 02:28:15,21600.0,Completed
PUR004239,C00342,2026-02-20 02:41:09,11000.0,Completed
PUR004240,C00713,2026-02-20 03:14:28,82500.0,Completed
PUR004241,C00714,2026-02-20 06:42:54,8400.0,Completed
PUR004242,C00361,2026-02-20 07:24:40,21000.0,Completed
PUR004243,C00490,2026-02-20 09:08:01,4097.0,Completed
PUR004244,C00013,2026-02-20 09:25:12,35200.0,Completed
PUR004245,C00139,2026-02-20 10:26:28,3800.0,Completed
PUR004246,C00459,2026-02-20 11:30:51,10849.0,Completed
PUR004247,C00349,2026-02-20 12:09:44,115900.0,Completed
PUR004248,C00746,2026-02-20 12:17:44,16400.0,Completed
PUR004249,C00251,2026-02-20 15:09:46,29000.0,Completed
PUR004250,C00193,2026-02-20 15:21:10,41500.0,Completed
PUR004251,C00225,2026-02-20 15:31:01,650.0,Completed
PUR004252,C00413,2026-02-20 17:52:53,110500.0,Completed
PUR004253,C00060,2026-02-20 19:30:25,65000.0,Completed
PUR004254,C00598,2026-02-20 19:49:25,36500.0,Completed
PUR004255,C00152,2026-02-20 20:35:29,1950.0,Completed
PUR004256,C00382,2026-02-20 21:26:56,29000.0,Completed
PUR004257,C00358,2026-02-21 03:42:20,98000.0,Completed
PUR004258,C00523,2026-02-21 04:27:52,8497.0,Completed
PUR004259,C00734,2026-02-21 04:40:39,16400.0,Completed
PUR004260,C00739,2026-02-21 05:24:58,32450.0,Completed
PUR004261,C00667,2026-02-21 07:57:20,85000.0,Completed
PUR004262,C00676,2026-02-21 10:29:35,9350.0,Completed
PUR004263,C00647,2026-02-21 11:13:35,4500.0,Completed
PUR004264,C00237,2026-02-21 12:44:07,18000.0,Completed
PUR004265,C00468,2026-02-21 13:44:15,14500.0,Completed
PUR004266,C00683,2026-02-21 14:02:03,21000.0,Completed
PUR004267,C00674,2026-02-21 14:09:37,64000.0,Completed
PUR004268,C00657,2026-02-21 14:47:27,5600.0,Completed
PUR004269,C00148,2026-02-21 15:14:14,36550.0,Completed
PUR004270,C00171,2026-02-21 16:54:10,3750.0,Completed
PUR004271,C00540,2026-02-21 17:50:19,1250.0,Completed
PUR004272,C00489,2026-02-21 18:23:50,1350.0,Completed
PUR004273,C00382,2026-02-21 19:50:20,96000.0,Completed
PUR004274,C00463,2026-02-21 21:34:32,900.0,Completed
PUR004275,C00101,2026-02-21 22:01:08,12500.0,Completed
PUR004276,C00208,2026-02-22 07:51:03,135500.0,Completed
PUR004277,C00053,2026-02-22 08:42:55,89000.0,Completed
PUR004278,C00586,2026-02-22 08:54:05,150000.0,Completed
PUR004279,C00567,2026-02-22 10:54:58,1950.0,Completed
PUR004280,C00506,2026-02-22 11:39:37,10750.0,Completed
PUR004281,C00238,2026-02-22 13:52:09,20800.0,Completed
PUR004282,C00149,2026-02-22 14:31:18,15447.0,Completed
PUR004283,C00240,2026-02-22 15:30:51,5000.0,Completed
PUR004284,C00210,2026-02-22 15:49:33,17300.0,Completed
PUR004285,C00398,2026-02-22 16:21:57,130000.0,Completed
PUR004286,C00683,2026-02-22 17:18:54,3750.0,Completed
PUR004287,C00295,2026-02-22 18:57:21,150000.0,Completed
PUR004288,C00534,2026-02-22 19:41:13,38750.0,Completed
PUR004289,C00193,2026-02-22 20:06:08,89000.0,Completed
PUR004290,C00730,2026-02-22 23:51:45,1800.0,Completed
PUR004291,C00357,2026-02-23 02:26:15,45500.0,Completed
PUR004292,C00229,2026-02-23 04:44:26,22250.0,Completed
PUR004293,C00370,2026-02-23 05:10:52,1800.0,Completed
PUR004294,C00267,2026-02-23 05:46:54,9695.0,Completed
PUR004295,C00544,2026-02-23 07:26:25,78500.0,Completed
PUR004296,C00719,2026-02-23 08:21:39,10800.0,Completed
PUR004297,C00505,2026-02-23 08:30:47,7550.0,Completed
PUR004298,C00169,2026-02-23 08:57:47,12450.0,Completed
PUR004299,C00365,2026-02-23 11:32:24,162000.0,Completed
PUR004300,C00495,2026-02-23 12:14:18,1100.0,Completed
PUR004301,C00279,2026-02-23 12:25:16,34500.0,Completed
PUR004302,C00239,2026-02-23 13:08:06,2600.0,Completed
PUR004303,C00072,2026-02-23 14:49:45,29000.0,Completed
PUR004304,C00359,2026-02-23 15:50:57,36200.0,Completed
PUR004305,C00561,2026-02-23 16:44:16,37600.0,Completed
PUR004306,C00213,2026-02-23 17:10:16,3300.0,Completed
PUR004307,C00156,2026-02-23 17:14:06,114000.0,Completed
PUR004308,C00238,2026-02-23 18:45:57,8100.0,Completed
PUR004309,C00032,2026-02-23 19:06:55,17000.0,Completed
PUR004310,C00579,2026-02-23 23:55:06,41250.0,Completed
PUR004311,C00494,2026-02-24 00:02:26,5600.0,Completed
PUR004312,C00257,2026-02-24 00:05:39,85000.0,Completed
PUR004313,C00576,2026-02-24 00:44:59,12900.0,Completed
PUR004314,C00293,2026-02-24 04:14:55,18000.0,Completed
PUR004315,C00161,2026-02-24 07:20:09,6000.0,Completed
PUR004316,C00268,2026-02-24 08:40:33,24600.0,Completed
PUR004317,C00534,2026-02-24 08:42:07,9000.0,Completed
PUR004318,C00302,2026-02-24 08:45:31,50500.0,Completed
PUR004319,C00703,2026-02-24 10:26:23,131500.0,Completed
PUR004320,C00683,2026-02-24 11:19:20,9897.0,Completed
PUR004321,C00021,2026-02-24 12:47:34,22500.0,Completed
PUR004322,C00247,2026-02-24 12:57:41,37500.0,Completed
PUR004323,C00159,2026-02-24 14:26:51,42300.0,Completed
PUR004324,C00318,2026-02-24 15:07:40,11200.0,Completed
PUR004325,C00465,2026-02-24 17:01:57,9000.0,Completed
PUR004326,C00110,2026-02-24 18:10:56,2750.0,Completed
PUR004327,C00531,2026-02-24 19:15:54,3750.0,Completed
PUR004328,C00659,2026-02-24 19:38:09,21000.0,Completed
PUR004329,C00664,2026-02-24 20:51:34,25000.0,Completed
PUR004330,C00501,2026-02-24 22:46:55,37000.0,Completed
PUR004331,C00350,2026-02-25 00:14:42,130000.0,Completed
PUR004332,C00134,2026-02-25 00:30:35,3850.0,Completed
PUR004333,C00031,2026-02-25 00:58:13,49100.0,Completed
PUR004334,C00054,2026-02-25 01:26:49,3900.0,Completed
PUR004335,C00497,2026-02-25 01:49:20,2800.0,Completed
PUR004336,C00113,2026-02-25 04:05:41,4500.0,Completed
PUR004337,C00629,2026-02-25 04:56:57,61000.0,Completed
PUR004338,C00063,2026-02-25 05:48:30,18500.0,Completed
PUR004339,C00003,2026-02-25 06:06:46,15100.0,Completed
PUR004340,C00034,2026-02-25 06:09:08,499.0,Completed
PUR004341,C00378,2026-02-25 06:15:15,5000.0,Completed
PUR004342,C00234,2026-02-25 06:23:36,18500.0,Completed
PUR004343,C00147,2026-02-25 07:40:52,5000.0,Completed
PUR004344,C00735,2026-02-25 09:13:39,53900.0,Completed
PUR004345,C00468,2026-02-25 09:55:38,29000.0,Completed
PUR004346,C00096,2026-02-25 10:27:33,54200.0,Completed
PUR004347,C00003,2026-02-25 10:59:31,96000.0,Completed
PUR004348,C00206,2026-02-25 12:38:08,29000.0,Completed
PUR004349,C00069,2026-02-25 12:43:57,14500.0,Completed
PUR004350,C00596,2026-02-25 16:16:21,41600.0,Completed
PUR004351,C00030,2026-02-25 17:51:07,1300.0,Completed
PUR004352,C00164,2026-02-25 20:01:13,3750.0,Completed
PUR004353,C00135,2026-02-25 20:51:44,5600.0,Completed
PUR004354,C00221,2026-02-25 21:38:24,51600.0,Completed
PUR004355,C00655,2026-02-25 22:27:27,4500.0,Completed
PUR004356,C00362,2026-02-26 03:53:17,170000.0,Completed
PUR004357,C00534,2026-02-26 08:04:05,12600.0,Completed
PUR004358,C00170,2026-02-26 09:58:06,19450.0,Completed
PUR004359,C00567,2026-02-26 12:27:17,4500.0,Completed
PUR004360,C00255,2026-02-26 13:08:52,11400.0,Completed
PUR004361,C00720,2026-02-26 13:34:06,3300.0,Completed
PUR004362,C00656,2026-02-26 14:06:48,14500.0,Completed
PUR004363,C00164,2026-02-26 14:12:21,37000.0,Completed
PUR004364,C00216,2026-02-26 14:50:01,65000.0,Completed
PUR004365,C00695,2026-02-26 14:55:45,4500.0,Completed
PUR004366,C00454,2026-02-26 17:38:30,46500.0,Completed
PUR004367,C00482,2026-02-26 17:58:36,85000.0,Completed
PUR004368,C00683,2026-02-26 19:51:48,2495.0,Completed
PUR004369,C00567,2026-02-26 20:51:06,32000.0,Completed
PUR004370,C00170,2026-02-27 01:07:54,7150.0,Completed
PUR004371,C00094,2026-02-27 01:09:53,37000.0,Completed
PUR004372,C00257,2026-02-27 02:47:20,17400.0,Completed
PUR004373,C00297,2026-02-27 03:19:26,14100.0,Completed
PUR004374,C00667,2026-02-27 04:07:04,32000.0,Completed
PUR004375,C00152,2026-02-27 07:09:47,101000.0,Completed
PUR004376,C00166,2026-02-27 08:44:41,9550.0,Completed
PUR004377,C00107,2026-02-27 09:49:41,4500.0,Completed
PUR004378,C00102,2026-02-27 12:36:00,15200.0,Completed
PUR004379,C00269,2026-02-27 13:10:02,4500.0,Completed
PUR004380,C00657,2026-02-27 15:04:46,3150.0,Completed
PUR004381,C00164,2026-02-27 15:15:11,13500.0,Completed
PUR004382,C00719,2026-02-27 15:42:07,30799.0,Completed
PUR004383,C00447,2026-02-27 15:49:45,4500.0,Completed
PUR004384,C00524,2026-02-27 20:17:22,13150.0,Completed
PUR004385,C00639,2026-02-27 20:41:02,9000.0,Completed
PUR004386,C00659,2026-02-27 21:01:24,16000.0,Completed
PUR004387,C00568,2026-02-27 21:24:56,45900.0,Completed
PUR004388,C00644,2026-02-27 23:21:57,194000.0,Completed
PUR004389,C00295,2026-02-28 00:34:00,64000.0,Completed
PUR004390,C00495,2026-02-28 01:30:00,8400.0,Completed
PUR004391,C00119,2026-02-28 03:41:54,6250.0,Completed
PUR004392,C00269,2026-02-28 04:17:30,12500.0,Completed
PUR004393,C00231,2026-02-28 08:31:17,13500.0,Completed
PUR004394,C00347,2026-02-28 10:45:26,25000.0,Completed
PUR004395,C00367,2026-02-28 11:04:46,48700.0,Completed
PUR004396,C00620,2026-02-28 11:31:48,6098.0,Completed
PUR004397,C00032,2026-02-28 13:07:26,2700.0,Completed
PUR004398,C00570,2026-02-28 15:06:28,96000.0,Completed
PUR004399,C00071,2026-02-28 15:36:25,170000.0,Completed
PUR004400,C00530,2026-02-28 16:10:31,48500.0,Completed
PUR004401,C00583,2026-02-28 17:15:46,10100.0,Completed
PUR004402,C00070,2026-02-28 17:24:01,25250.0,Completed
PUR004403,C00257,2026-02-28 18:02:47,130000.0,Completed
PUR004404,C00115,2026-02-28 19:08:13,4500.0,Completed
PUR004405,C00325,2026-02-28 20:07:53,18500.0,Completed
PUR004406,C00320,2026-02-28 20:14:20,9200.0,Completed
PUR004407,C00141,2026-02-28 20:38:22,117900.0,Completed
PUR004408,C00329,2026-02-28 21:01:55,28200.0,Completed
PUR004409,C00435,2026-03-01 01:44:59,82000.0,Completed
PUR004410,C00393,2026-03-01 02:29:07,166000.0,Completed
PUR004411,C00328,2026-03-01 02:43:24,22700.0,Completed
PUR004412,C00106,2026-03-01 03:59:02,162000.0,Completed
PUR004413,C00212,2026-03-01 07:40:11,35200.0,Completed
PUR004414,C00710,2026-03-01 08:38:14,1497.0,Completed
PUR004415,C00678,2026-03-01 12:41:28,13497.0,Completed
PUR004416,C00597,2026-03-01 15:26:56,4250.0,Completed
PUR004417,C00170,2026-03-01 15:47:58,21900.0,Completed
PUR004418,C00278,2026-03-01 16:34:16,10750.0,Completed
PUR004419,C00167,2026-03-01 17:30:30,2600.0,Completed
PUR004420,C00054,2026-03-01 17:54:27,12346.0,Completed
PUR004421,C00575,2026-03-01 21:32:01,1800.0,Completed
PUR004422,C00504,2026-03-01 21:39:44,499.0,Completed
PUR004423,C00316,2026-03-01 23:22:52,18000.0,Completed
PUR004424,C00152,2026-03-02 00:15:55,8400.0,Completed
PUR004425,C00355,2026-03-02 01:30:14,3750.0,Completed
PUR004426,C00125,2026-03-02 04:01:03,14500.0,Completed
PUR004427,C00145,2026-03-02 06:04:01,33400.0,Completed
PUR004428,C00400,2026-03-02 08:06:18,9998.0,Completed
PUR004429,C00202,2026-03-02 08:07:27,110500.0,Completed
PUR004430,C00109,2026-03-02 08:21:18,16800.0,Completed
PUR004431,C00684,2026-03-02 08:49:24,22950.0,Completed
PUR004432,C00462,2026-03-02 10:23:49,6300.0,Completed
PUR004433,C00454,2026-03-02 10:38:07,50500.0,Completed
PUR004434,C00032,2026-03-02 12:51:47,9000.0,Completed
PUR004435,C00380,2026-03-02 15:57:22,11000.0,Completed
PUR004436,C00022,2026-03-02 16:32:18,12600.0,Completed
PUR004437,C00152,2026-03-02 17:57:44,20200.0,Completed
PUR004438,C00389,2026-03-02 19:08:34,19100.0,Completed
PUR004439,C00237,2026-03-02 19:34:44,14999.0,Completed
PUR004440,C00399,2026-03-02 23:44:21,117000.0,Completed
PUR004441,C00493,2026-03-03 03:26:18,12450.0,Completed
PUR004442,C00619,2026-03-03 04:17:12,8250.0,Completed
PUR004443,C00627,2026-03-03 05:26:06,1650.0,Completed
PUR004444,C00182,2026-03-03 06:15:23,11650.0,Completed
PUR004445,C00370,2026-03-03 08:38:51,4500.0,Completed
PUR004446,C00543,2026-03-03 09:01:03,145500.0,Completed
PUR004447,C00098,2026-03-03 09:09:16,14100.0,Completed
PUR004448,C00657,2026-03-03 12:51:10,7600.0,Completed
PUR004449,C00432,2026-03-03 16:58:37,29000.0,Completed
PUR004450,C00126,2026-03-03 17:18:10,12600.0,Completed
PUR004451,C00169,2026-03-03 17:59:46,2800.0,Completed
PUR004452,C00058,2026-03-03 18:46:51,8246.0,Completed
PUR004453,C00521,2026-03-04 00:09:48,170000.0,Completed
PUR004454,C00312,2026-03-04 01:58:31,3750.0,Completed
PUR004455,C00477,2026-03-04 03:05:06,35500.0,Completed
PUR004456,C00341,2026-03-04 03:50:07,51500.0,Completed
PUR004457,C00161,2026-03-04 04:16:52,27000.0,Completed
PUR004458,C00734,2026-03-04 04:20:35,24100.0,Completed
PUR004459,C00550,2026-03-04 05:40:53,29000.0,Completed
PUR004460,C00142,2026-03-04 06:31:19,42600.0,Completed
PUR004461,C00653,2026-03-04 08:37:24,3300.0,Completed
PUR004462,C00531,2026-03-04 10:41:29,79400.0,Completed
PUR004463,C00210,2026-03-04 11:11:01,20200.0,Completed
PUR004464,C00041,2026-03-04 15:56:23,129000.0,Completed
PUR004465,C00283,2026-03-04 16:30:19,37400.0,Completed
PUR004466,C00162,2026-03-04 18:19:57,5050.0,Completed
PUR004467,C00297,2026-03-04 19:36:45,5100.0,Completed
PUR004468,C00240,2026-03-04 21:12:49,25000.0,Completed
PUR004469,C00533,2026-03-04 23:34:55,111700.0,Completed
PUR004470,C00340,2026-03-05 01:53:05,7600.0,Completed
PUR004471,C00518,2026-03-05 03:31:01,13500.0,Completed
PUR004472,C00577,2026-03-05 05:22:04,32000.0,Completed
PUR004473,C00194,2026-03-05 05:27:44,1100.0,Completed
PUR004474,C00285,2026-03-05 06:39:31,46600.0,Completed
PUR004475,C00334,2026-03-05 07:02:43,3300.0,Completed
PUR004476,C00169,2026-03-05 08:06:19,18000.0,Completed
PUR004477,C00147,2026-03-05 10:07:57,148500.0,Completed
PUR004478,C00145,2026-03-05 10:15:41,11200.0,Completed
PUR004479,C00671,2026-03-05 12:07:03,2149.0,Completed
PUR004480,C00011,2026-03-05 13:56:39,4500.0,Completed
PUR004481,C00046,2026-03-05 14:04:10,29000.0,Completed
PUR004482,C00106,2026-03-05 14:27:55,240500.0,Completed
PUR004483,C00189,2026-03-05 16:49:25,9000.0,Completed
PUR004484,C00086,2026-03-05 17:51:04,105600.0,Completed
PUR004485,C00598,2026-03-05 17:54:25,4250.0,Completed
PUR004486,C00427,2026-03-05 19:04:36,37000.0,Completed
PUR004487,C00638,2026-03-05 19:07:20,27550.0,Completed
PUR004488,C00318,2026-03-05 19:07:22,35950.0,Completed
PUR004489,C00172,2026-03-06 03:51:45,3750.0,Completed
PUR004490,C00400,2026-03-06 03:56:22,108500.0,Completed
PUR004491,C00682,2026-03-06 07:59:06,2495.0,Completed
PUR004492,C00560,2026-03-06 10:15:59,6250.0,Completed
PUR004493,C00495,2026-03-06 10:23:46,15400.0,Completed
PUR004494,C00378,2026-03-06 18:13:38,25000.0,Completed
PUR004495,C00283,2026-03-06 20:05:25,4800.0,Completed
PUR004496,C00170,2026-03-07 00:17:28,7600.0,Completed
PUR004497,C00342,2026-03-07 00:41:51,23800.0,Completed
PUR004498,C00624,2026-03-07 00:44:32,5100.0,Completed
PUR004499,C00750,2026-03-07 01:27:08,4450.0,Completed
PUR004500,C00712,2026-03-07 02:16:53,11200.0,Completed
PUR004501,C00623,2026-03-07 02:20:24,41800.0,Completed
PUR004502,C00276,2026-03-07 02:20:47,6600.0,Completed
PUR004503,C00216,2026-03-07 02:56:36,130000.0,Completed
PUR004504,C00151,2026-03-07 03:07:05,9600.0,Completed
PUR004505,C00447,2026-03-07 03:22:01,36500.0,Completed
PUR004506,C00407,2026-03-07 05:35:04,33250.0,Completed
PUR004507,C00360,2026-03-07 06:07:03,4250.0,Completed
PUR004508,C00193,2026-03-07 07:30:54,102000.0,Completed
PUR004509,C00465,2026-03-07 08:23:36,3750.0,Completed
PUR004510,C00428,2026-03-07 08:33:44,32000.0,Completed
PUR004511,C00259,2026-03-07 10:32:59,11700.0,Completed
PUR004512,C00659,2026-03-07 11:33:13,163500.0,Completed
PUR004513,C00139,2026-03-07 12:18:19,4500.0,Completed
PUR004514,C00585,2026-03-07 17:12:35,14500.0,Completed
PUR004515,C00536,2026-03-07 17:13:07,64000.0,Completed
PUR004516,C00466,2026-03-07 17:35:15,13900.0,Completed
PUR004517,C00023,2026-03-07 21:04:33,1250.0,Completed
PUR004518,C00471,2026-03-08 01:15:30,133000.0,Completed
PUR004519,C00006,2026-03-08 01:50:06,7000.0,Completed
PUR004520,C00631,2026-03-08 05:09:57,5100.0,Completed
PUR004521,C00328,2026-03-08 05:19:19,8400.0,Completed
PUR004522,C00323,2026-03-08 06:06:16,69600.0,Completed
PUR004523,C00586,2026-03-08 06:11:22,83500.0,Completed
PUR004524,C00471,2026-03-08 07:37:37,47500.0,Completed
PUR004525,C00607,2026-03-08 07:54:54,11200.0,Completed
PUR004526,C00489,2026-03-08 10:03:45,69000.0,Completed
PUR004527,C00439,2026-03-08 10:26:56,9000.0,Completed
PUR004528,C00225,2026-03-08 11:24:21,21899.0,Completed
PUR004529,C00607,2026-03-08 13:41:41,1300.0,Completed
PUR004530,C00026,2026-03-08 14:43:02,6200.0,Completed
PUR004531,C00439,2026-03-08 15:31:15,12500.0,Completed
PUR004532,C00152,2026-03-08 16:48:31,36500.0,Completed
PUR004533,C00127,2026-03-08 18:16:16,23550.0,Completed
PUR004534,C00674,2026-03-08 20:30:13,170000.0,Completed
PUR004535,C00134,2026-03-08 20:48:12,3900.0,Completed
PUR004536,C00549,2026-03-08 23:07:26,18500.0,Completed
PUR004537,C00465,2026-03-09 01:28:26,3400.0,Completed
PUR004538,C00201,2026-03-09 01:34:24,25000.0,Completed
PUR004539,C00008,2026-03-09 02:35:17,65000.0,Completed
PUR004540,C00139,2026-03-09 06:33:16,6648.0,Completed
PUR004541,C00225,2026-03-09 07:57:58,9450.0,Completed
PUR004542,C00341,2026-03-09 10:10:00,89200.0,Completed
PUR004543,C00161,2026-03-09 10:50:15,21000.0,Completed
PUR004544,C00670,2026-03-09 12:33:28,25000.0,Completed
PUR004545,C00129,2026-03-09 14:41:49,900.0,Completed
PUR004546,C00347,2026-03-09 15:19:07,13500.0,Completed
PUR004547,C00537,2026-03-09 16:28:29,14500.0,Completed
PUR004548,C00145,2026-03-09 19:38:29,5450.0,Completed
PUR004549,C00481,2026-03-09 19:54:45,3548.0,Completed
PUR004550,C00620,2026-03-09 20:09:26,6250.0,Completed
PUR004551,C00054,2026-03-09 20:47:58,6250.0,Completed
PUR004552,C00317,2026-03-09 20:48:39,5200.0,Completed
PUR004553,C00576,2026-03-09 22:48:07,4250.0,Completed
PUR004554,C00482,2026-03-10 00:00:48,42800.0,Completed
PUR004555,C00460,2026-03-10 01:23:42,12500.0,Completed
PUR004556,C00665,2026-03-10 01:56:11,9000.0,Completed
PUR004557,C00051,2026-03-10 03:03:35,5600.0,Completed
PUR004558,C00477,2026-03-10 04:25:22,9200.0,Completed
PUR004559,C00563,2026-03-10 07:07:21,21600.0,Completed
PUR004560,C00262,2026-03-10 08:50:22,38000.0,Completed
PUR004561,C00659,2026-03-10 09:18:34,14500.0,Completed
PUR004562,C00051,2026-03-10 09:53:19,650.0,Completed
PUR004563,C00494,2026-03-10 09:54:09,64000.0,Completed
PUR004564,C00341,2026-03-10 11:58:35,47500.0,Completed
PUR004565,C00521,2026-03-10 12:05:00,164500.0,Completed
PUR004566,C00499,2026-03-10 12:25:56,45700.0,Completed
PUR004567,C00543,2026-03-10 14:14:08,159000.0,Completed
PUR004568,C00006,2026-03-10 14:42:59,1250.0,Completed
PUR004569,C00050,2026-03-10 14:50:21,170000.0,Completed
PUR004570,C00576,2026-03-10 17:20:05,10600.0,Completed
PUR004571,C00580,2026-03-10 17:27:50,37000.0,Completed
PUR004572,C00609,2026-03-10 17:34:05,37500.0,Completed
PUR004573,C00292,2026-03-10 19:46:47,29000.0,Completed
PUR004574,C00674,2026-03-10 23:20:57,16800.0,Completed
PUR004575,C00550,2026-03-11 00:22:58,29000.0,Completed
PUR004576,C00414,2026-03-11 00:34:19,17000.0,Completed
PUR004577,C00362,2026-03-11 01:00:04,18500.0,Completed
PUR004578,C00390,2026-03-11 01:12:24,37250.0,Completed
PUR004579,C00081,2026-03-11 02:08:14,15300.0,Completed
PUR004580,C00608,2026-03-11 03:08:48,25000.0,Completed
PUR004581,C00613,2026-03-11 03:09:20,9000.0,Completed
PUR004582,C00060,2026-03-11 03:14:25,65000.0,Completed
PUR004583,C00280,2026-03-11 04:05:18,7650.0,Completed
PUR004584,C00464,2026-03-11 04:16:50,70500.0,Completed
PUR004585,C00373,2026-03-11 05:13:44,3150.0,Completed
PUR004586,C00599,2026-03-11 09:50:05,2500.0,Completed
PUR004587,C00688,2026-03-11 09:58:47,2700.0,Completed
PUR004588,C00162,2026-03-11 12:38:33,3750.0,Completed
PUR004589,C00742,2026-03-11 15:21:39,25000.0,Completed
PUR004590,C00283,2026-03-11 16:55:33,17400.0,Completed
PUR004591,C00183,2026-03-11 18:46:21,37000.0,Completed
PUR004592,C00405,2026-03-11 21:35:08,4050.0,Completed
PUR004593,C00607,2026-03-11 22:29:23,11100.0,Completed
PUR004594,C00348,2026-03-11 23:36:57,29000.0,Completed
PUR004595,C00655,2026-03-12 04:42:02,300000.0,Completed
PUR004596,C00650,2026-03-12 05:52:32,16800.0,Completed
PUR004597,C00594,2026-03-12 05:55:04,4500.0,Completed
PUR004598,C00494,2026-03-12 06:14:46,15700.0,Completed
PUR004599,C00060,2026-03-12 06:56:59,114500.0,Completed
PUR004600,C00282,2026-03-12 06:58:01,12600.0,Completed
PUR004601,C00726,2026-03-12 08:44:47,11200.0,Completed
PUR004602,C00208,2026-03-12 11:36:44,215000.0,Completed
PUR004603,C00628,2026-03-12 11:59:32,31800.0,Completed
PUR004604,C00331,2026-03-12 13:54:35,18500.0,Completed
PUR004605,C00255,2026-03-12 15:51:51,1250.0,Completed
PUR004606,C00346,2026-03-12 21:59:53,5100.0,Completed
PUR004607,C00199,2026-03-12 22:47:43,37500.0,Completed
PUR004608,C00450,2026-03-12 23:08:38,32600.0,Completed
PUR004609,C00491,2026-03-13 01:04:58,148500.0,Completed
PUR004610,C00032,2026-03-13 04:32:06,20900.0,Completed
PUR004611,C00688,2026-03-13 07:24:01,8400.0,Completed
PUR004612,C00216,2026-03-13 09:47:21,130000.0,Completed
PUR004613,C00658,2026-03-13 11:22:56,13500.0,Completed
PUR004614,C00710,2026-03-13 12:51:13,136500.0,Completed
PUR004615,C00424,2026-03-13 15:23:12,13500.0,Completed
PUR004616,C00196,2026-03-13 15:45:25,2500.0,Completed
PUR004617,C00290,2026-03-13 16:46:41,3300.0,Completed
PUR004618,C00605,2026-03-13 17:03:35,8500.0,Completed
PUR004619,C00183,2026-03-13 19:18:42,64000.0,Completed
PUR004620,C00570,2026-03-13 20:05:38,34500.0,Completed
PUR004621,C00742,2026-03-13 21:03:25,40950.0,Completed
PUR004622,C00087,2026-03-13 21:46:52,1700.0,Completed
PUR004623,C00255,2026-03-13 22:21:04,18500.0,Completed
PUR004624,C00462,2026-03-13 23:06:28,11000.0,Completed
PUR004625,C00531,2026-03-13 23:17:51,4200.0,Completed
PUR004626,C00065,2026-03-14 00:34:28,2650.0,Completed
PUR004627,C00686,2026-03-14 03:07:51,21300.0,Completed
PUR004628,C00435,2026-03-14 04:28:41,29000.0,Completed
PUR004629,C00227,2026-03-14 04:56:35,25300.0,Completed
PUR004630,C00488,2026-03-14 05:36:13,21300.0,Completed
PUR004631,C00409,2026-03-14 07:31:00,6000.0,Completed
PUR004632,C00228,2026-03-14 13:52:07,13500.0,Completed
PUR004633,C00667,2026-03-14 16:43:16,85000.0,Completed
PUR004634,C00050,2026-03-14 16:45:04,235000.0,Completed
PUR004635,C00536,2026-03-14 16:47:52,13500.0,Completed
PUR004636,C00724,2026-03-14 17:33:11,109500.0,Completed
PUR004637,C00710,2026-03-14 20:06:42,9000.0,Completed
PUR004638,C00046,2026-03-14 21:39:33,9650.0,Completed
PUR004639,C00473,2026-03-14 23:36:48,4895.0,Completed
PUR004640,C00743,2026-03-15 00:48:46,27450.0,Completed
PUR004641,C00243,2026-03-15 01:59:10,20200.0,Completed
PUR004642,C00428,2026-03-15 02:49:39,65000.0,Completed
PUR004643,C00004,2026-03-15 02:59:57,5600.0,Completed
PUR004644,C00293,2026-03-15 03:11:09,13500.0,Completed
PUR004645,C00125,2026-03-15 04:40:51,64000.0,Completed
PUR004646,C00739,2026-03-15 07:25:13,9398.0,Completed
PUR004647,C00604,2026-03-15 08:10:41,2550.0,Completed
PUR004648,C00719,2026-03-15 08:34:30,12500.0,Completed
PUR004649,C00251,2026-03-15 09:56:33,29000.0,Completed
PUR004650,C00739,2026-03-15 10:42:21,13500.0,Completed
PUR004651,C00605,2026-03-15 10:52:00,16950.0,Completed
PUR004652,C00098,2026-03-15 14:26:37,9000.0,Completed
PUR004653,C00070,2026-03-15 16:24:38,11200.0,Completed
PUR004654,C00382,2026-03-15 18:31:18,130600.0,Completed
PUR004655,C00370,2026-03-15 18:45:39,37500.0,Completed
PUR004656,C00032,2026-03-15 21:12:03,4746.0,Completed
PUR004657,C00254,2026-03-15 22:43:39,70000.0,Completed
PUR004658,C00500,2026-03-15 23:27:30,37000.0,Completed
PUR004659,C00424,2026-03-16 00:26:43,25000.0,Completed
PUR004660,C00142,2026-03-16 02:32:39,163000.0,Completed
PUR004661,C00208,2026-03-16 03:17:58,85000.0,Completed
PUR004662,C00569,2026-03-16 03:21:15,5050.0,Completed
PUR004663,C00161,2026-03-16 04:05:28,19900.0,Completed
PUR004664,C00734,2026-03-16 05:29:25,998.0,Completed
PUR004665,C00108,2026-03-16 05:43:15,12500.0,Completed
PUR004666,C00739,2026-03-16 06:22:36,9100.0,Completed
PUR004667,C00216,2026-03-16 06:28:37,2450.0,Completed
PUR004668,C00413,2026-03-16 11:32:23,22250.0,Completed
PUR004669,C00168,2026-03-16 12:30:41,47500.0,Completed
PUR004670,C00580,2026-03-16 13:40:07,8595.0,Completed
PUR004671,C00126,2026-03-16 13:41:16,86900.0,Completed
PUR004672,C00098,2026-03-16 14:57:21,1497.0,Completed
PUR004673,C00087,2026-03-16 15:09:51,8800.0,Completed
PUR004674,C00412,2026-03-16 15:33:29,18500.0,Completed
PUR004675,C00003,2026-03-16 22:53:06,4500.0,Completed
PUR004676,C00219,2026-03-17 02:37:02,8400.0,Completed
PUR004677,C00101,2026-03-17 03:31:24,23600.0,Completed
PUR004678,C00230,2026-03-17 04:19:08,18500.0,Completed
PUR004679,C00170,2026-03-17 05:19:10,14450.0,Completed
PUR004680,C00334,2026-03-17 09:38:48,12750.0,Completed
PUR004681,C00385,2026-03-17 11:20:21,2400.0,Completed
PUR004682,C00698,2026-03-17 11:35:13,45250.0,Completed
PUR004683,C00078,2026-03-17 16:31:52,9000.0,Completed
PUR004684,C00409,2026-03-17 20:13:33,3297.0,Completed
PUR004685,C00531,2026-03-17 22:05:41,3600.0,Completed
PUR004686,C00591,2026-03-17 23:58:43,18500.0,Completed
PUR004687,C00184,2026-03-18 01:44:36,12500.0,Completed
PUR004688,C00446,2026-03-18 01:55:57,5745.0,Completed
PUR004689,C00416,2026-03-18 02:57:10,3600.0,Completed
PUR004690,C00664,2026-03-18 03:31:18,13500.0,Completed
PUR004691,C00071,2026-03-18 04:51:47,170000.0,Completed
PUR004692,C00302,2026-03-18 05:16:19,11100.0,Completed
PUR004693,C00157,2026-03-18 05:37:09,4050.0,Completed
PUR004694,C00537,2026-03-18 05:38:19,13500.0,Completed
PUR004695,C00658,2026-03-18 08:31:35,12900.0,Completed
PUR004696,C00495,2026-03-18 12:14:28,8800.0,Completed
PUR004697,C00683,2026-03-18 13:04:01,7200.0,Completed
PUR004698,C00159,2026-03-18 14:28:09,17500.0,Completed
PUR004699,C00039,2026-03-18 15:23:09,37500.0,Completed
PUR004700,C00123,2026-03-18 16:53:53,18500.0,Completed
PUR004701,C00533,2026-03-18 20:22:25,17500.0,Completed
PUR004702,C00550,2026-03-18 21:02:21,42750.0,Completed
PUR004703,C00593,2026-03-19 00:32:31,66000.0,Completed
PUR004704,C00631,2026-03-19 00:51:12,8400.0,Completed
PUR004705,C00689,2026-03-19 01:11:28,68500.0,Completed
PUR004706,C00036,2026-03-19 01:54:09,7200.0,Completed
PUR004707,C00738,2026-03-19 02:22:11,9200.0,Completed
PUR004708,C00331,2026-03-19 02:40:26,149000.0,Completed
PUR004709,C00545,2026-03-19 03:39:06,5000.0,Completed
PUR004710,C00032,2026-03-19 06:58:16,12900.0,Completed
PUR004711,C00027,2026-03-19 08:50:02,3100.0,Completed
PUR004712,C00177,2026-03-19 12:03:06,11200.0,Completed
PUR004713,C00306,2026-03-19 15:45:12,11200.0,Completed
PUR004714,C00362,2026-03-19 18:09:03,85000.0,Completed
PUR004715,C00307,2026-03-19 18:42:02,8400.0,Completed
PUR004716,C00736,2026-03-19 19:35:57,10300.0,Completed
PUR004717,C00703,2026-03-19 19:38:40,96000.0,Completed
PUR004718,C00569,2026-03-20 00:03:10,8600.0,Completed
PUR004719,C00625,2026-03-20 00:04:14,71000.0,Completed
PUR004720,C00324,2026-03-20 03:58:00,1300.0,Completed
PUR004721,C00233,2026-03-20 05:28:38,8400.0,Completed
PUR004722,C00095,2026-03-20 06:49:49,10146.0,Completed
PUR004723,C00431,2026-03-20 07:49:18,10650.0,Completed
PUR004724,C00157,2026-03-20 08:19:58,21000.0,Completed
PUR004725,C00474,2026-03-20 08:27:35,18000.0,Completed
PUR004726,C00424,2026-03-20 10:10:06,37500.0,Completed
PUR004727,C00242,2026-03-20 11:00:12,9000.0,Completed
PUR004728,C00464,2026-03-20 11:17:11,5600.0,Completed
PUR004729,C00408,2026-03-20 11:24:27,42150.0,Completed
PUR004730,C00215,2026-03-20 12:02:00,10700.0,Completed
PUR004731,C00715,2026-03-20 13:48:32,18050.0,Completed
PUR004732,C00732,2026-03-20 15:36:53,142000.0,Completed
PUR004733,C00271,2026-03-20 21:57:28,34500.0,Completed
PUR004734,C00372,2026-03-20 21:59:44,152000.0,Completed
PUR004735,C00649,2026-03-21 01:53:54,37500.0,Completed
PUR004736,C00152,2026-03-21 01:58:16,33000.0,Completed
PUR004737,C00076,2026-03-21 06:08:11,4200.0,Completed
PUR004738,C00598,2026-03-21 06:52:09,21400.0,Completed
PUR004739,C00453,2026-03-21 08:35:51,4550.0,Completed
PUR004740,C00726,2026-03-21 08:50:50,4200.0,Completed
PUR004741,C00072,2026-03-21 08:55:49,5600.0,Completed
PUR004742,C00624,2026-03-21 09:27:20,6250.0,Completed
PUR004743,C00263,2026-03-21 09:45:32,4400.0,Completed
PUR004744,C00686,2026-03-21 12:55:55,9000.0,Completed
PUR004745,C00193,2026-03-21 14:06:42,7200.0,Completed
PUR004746,C00252,2026-03-21 14:26:35,21000.0,Completed
PUR004747,C00303,2026-03-21 14:36:41,188500.0,Completed
PUR004748,C00512,2026-03-21 14:48:44,7200.0,Completed
PUR004749,C00370,2026-03-21 15:29:26,12600.0,Completed
PUR004750,C00307,2026-03-21 17:56:33,21500.0,Completed
PUR004751,C00455,2026-03-21 18:12:12,13500.0,Completed
PUR004752,C00604,2026-03-21 20:56:49,18000.0,Completed
PUR004753,C00588,2026-03-21 21:35:14,1800.0,Completed
PUR004754,C00442,2026-03-21 21:39:11,101400.0,Completed
PUR004755,C00495,2026-03-21 22:40:39,16300.0,Completed
PUR004756,C00216,2026-03-21 22:48:15,61000.0,Completed
PUR004757,C00631,2026-03-21 23:47:26,21500.0,Completed
PUR004758,C00373,2026-03-22 01:58:30,4200.0,Completed
PUR004759,C00524,2026-03-22 02:00:27,9000.0,Completed
PUR004760,C00462,2026-03-22 05:44:13,25000.0,Completed
PUR004761,C00335,2026-03-22 07:34:20,8699.0,Completed
PUR004762,C00223,2026-03-22 07:38:36,112800.0,Completed
PUR004763,C00549,2026-03-22 08:28:09,9000.0,Completed
PUR004764,C00598,2026-03-22 10:13:02,5999.0,Completed
PUR004765,C00229,2026-03-22 10:51:42,4800.0,Completed
PUR004766,C00306,2026-03-22 13:23:00,8600.0,Completed
PUR004767,C00636,2026-03-22 13:52:17,2798.0,Completed
PUR004768,C00550,2026-03-22 17:59:21,2250.0,Completed
PUR004769,C00565,2026-03-22 19:26:50,8800.0,Completed
PUR004770,C00427,2026-03-22 19:30:37,65000.0,Completed
PUR004771,C00486,2026-03-22 19:53:59,25500.0,Completed
PUR004772,C00367,2026-03-22 20:51:27,8400.0,Completed
PUR004773,C00674,2026-03-22 22:29:21,37000.0,Completed
PUR004774,C00706,2026-03-23 00:13:25,8800.0,Completed
PUR004775,C00109,2026-03-23 02:10:29,101000.0,Completed
PUR004776,C00375,2026-03-23 02:55:49,12600.0,Completed
PUR004777,C00224,2026-03-23 04:34:02,21500.0,Completed
PUR004778,C00454,2026-03-23 05:44:31,17400.0,Completed
PUR004779,C00735,2026-03-23 08:06:37,4500.0,Completed
PUR004780,C00283,2026-03-23 08:34:20,18000.0,Completed
PUR004781,C00228,2026-03-23 10:03:00,5746.0,Completed
PUR004782,C00071,2026-03-23 11:02:01,11200.0,Completed
PUR004783,C00068,2026-03-23 11:53:10,14850.0,Completed
PUR004784,C00662,2026-03-23 13:10:17,18500.0,Completed
PUR004785,C00013,2026-03-23 14:01:52,37500.0,Completed
PUR004786,C00422,2026-03-23 15:20:09,13500.0,Completed
PUR004787,C00003,2026-03-23 15:41:36,85000.0,Completed
PUR004788,C00269,2026-03-23 17:34:42,18250.0,Completed
PUR004789,C00719,2026-03-23 20:17:15,9600.0,Completed
PUR004790,C00325,2026-03-23 21:21:27,6250.0,Completed
PUR004791,C00212,2026-03-23 21:43:58,5700.0,Completed
PUR004792,C00435,2026-03-23 21:58:18,199000.0,Completed
PUR004793,C00271,2026-03-23 22:12:22,12150.0,Completed
PUR004794,C00282,2026-03-23 23:35:01,39700.0,Completed
PUR004795,C00707,2026-03-24 00:30:43,2800.0,Completed
PUR004796,C00437,2026-03-24 00:30:46,4200.0,Completed
PUR004797,C00114,2026-03-24 00:33:02,3400.0,Completed
PUR004798,C00137,2026-03-24 01:44:43,6350.0,Completed
PUR004799,C00041,2026-03-24 01:45:33,2800.0,Completed
PUR004800,C00071,2026-03-24 04:18:19,122000.0,Completed
PUR004801,C00742,2026-03-24 04:46:31,4500.0,Completed
PUR004802,C00556,2026-03-24 06:25:45,18000.0,Completed
PUR004803,C00733,2026-03-24 06:29:06,6600.0,Completed
PUR004804,C00026,2026-03-24 06:40:09,5000.0,Completed
PUR004805,C00557,2026-03-24 07:31:07,4400.0,Completed
PUR004806,C00495,2026-03-24 08:24:43,5600.0,Completed
PUR004807,C00498,2026-03-24 10:22:24,57800.0,Completed
PUR004808,C00048,2026-03-24 11:34:47,9000.0,Completed
PUR004809,C00590,2026-03-24 13:40:50,1996.0,Completed
PUR004810,C00410,2026-03-24 16:45:55,170000.0,Completed
PUR004811,C00648,2026-03-24 16:56:48,18500.0,Completed
PUR004812,C00219,2026-03-24 17:32:25,21300.0,Completed
PUR004813,C00413,2026-03-24 17:55:13,5350.0,Completed
PUR004814,C00251,2026-03-24 18:34:24,82500.0,Completed
PUR004815,C00605,2026-03-24 18:58:05,65250.0,Completed
PUR004816,C00472,2026-03-24 20:17:59,21750.0,Completed
PUR004817,C00166,2026-03-24 20:31:00,18500.0,Completed
PUR004818,C00298,2026-03-24 23:17:24,43500.0,Completed
PUR004819,C00439,2026-03-25 01:00:13,1800.0,Completed
PUR004820,C00199,2026-03-25 03:19:52,1700.0,Completed
PUR004821,C00482,2026-03-25 05:01:06,14500.0,Completed
PUR004822,C00731,2026-03-25 06:24:25,13500.0,Completed
PUR004823,C00472,2026-03-25 09:14:01,21000.0,Completed
PUR004824,C00446,2026-03-25 14:42:53,17850.0,Completed
PUR004825,C00520,2026-03-25 17:01:13,9000.0,Completed
PUR004826,C00650,2026-03-25 18:47:16,11400.0,Completed
PUR004827,C00598,2026-03-25 19:13:16,8400.0,Completed
PUR004828,C00499,2026-03-25 23:10:52,15500.0,Completed
PUR004829,C00659,2026-03-25 23:23:30,103500.0,Completed
PUR004830,C00315,2026-03-26 04:42:52,11200.0,Completed
PUR004831,C00365,2026-03-26 06:43:21,29000.0,Completed
PUR004832,C00585,2026-03-26 06:48:57,1650.0,Completed
PUR004833,C00233,2026-03-26 12:00:50,2449.0,Completed
PUR004834,C00043,2026-03-26 12:45:35,37000.0,Completed
PUR004835,C00550,2026-03-26 15:48:06,49700.0,Completed
PUR004836,C00688,2026-03-26 16:30:47,1800.0,Completed
PUR004837,C00583,2026-03-26 17:33:23,1800.0,Completed
PUR004838,C00645,2026-03-26 19:37:06,207000.0,Completed
PUR004839,C00199,2026-03-26 22:09:58,18500.0,Completed
PUR004840,C00498,2026-03-27 01:20:48,129000.0,Completed
PUR004841,C00041,2026-03-27 01:41:26,96000.0,Completed
PUR004842,C00680,2026-03-27 04:09:22,234000.0,Completed
PUR004843,C00277,2026-03-27 06:13:18,17200.0,Completed
PUR004844,C00569,2026-03-27 08:52:04,14600.0,Completed
PUR004845,C00029,2026-03-27 10:02:08,25700.0,Completed
PUR004846,C00518,2026-03-27 10:17:31,29000.0,Completed
PUR004847,C00445,2026-03-27 11:07:39,9000.0,Completed
PUR004848,C00746,2026-03-27 14:20:56,1350.0,Completed
PUR004849,C00379,2026-03-27 17:08:24,3600.0,Completed
PUR004850,C00645,2026-03-27 17:57:07,284500.0,Completed
PUR004851,C00707,2026-03-27 18:29:30,1700.0,Completed
PUR004852,C00749,2026-03-27 18:31:49,9000.0,Completed
PUR004853,C00326,2026-03-27 21:33:40,5200.0,Completed
PUR004854,C00679,2026-03-28 02:19:34,3350.0,Completed
PUR004855,C00725,2026-03-28 03:15:14,16799.0,Completed
PUR004856,C00722,2026-03-28 03:40:12,27500.0,Completed
PUR004857,C00603,2026-03-28 05:15:00,5400.0,Completed
PUR004858,C00656,2026-03-28 06:42:56,22800.0,Completed
PUR004859,C00416,2026-03-28 09:06:36,18800.0,Completed
PUR004860,C00267,2026-03-28 10:15:00,42000.0,Completed
PUR004861,C00283,2026-03-28 10:53:26,1100.0,Completed
PUR004862,C00053,2026-03-28 11:09:47,13500.0,Completed
PUR004863,C00161,2026-03-28 11:14:42,2800.0,Completed
PUR004864,C00438,2026-03-28 12:23:16,18500.0,Completed
PUR004865,C00431,2026-03-28 13:25:24,4500.0,Completed
PUR004866,C00744,2026-03-28 16:38:13,11850.0,Completed
PUR004867,C00395,2026-03-28 17:34:24,4050.0,Completed
PUR004868,C00010,2026-03-28 19:20:33,27400.0,Completed
PUR004869,C00311,2026-03-28 20:07:27,30250.0,Completed
PUR004870,C00482,2026-03-28 20:18:35,130000.0,Completed
PUR004871,C00328,2026-03-28 20:46:40,3750.0,Completed
PUR004872,C00212,2026-03-28 22:01:24,13000.0,Completed
PUR004873,C00637,2026-03-28 22:07:11,16250.0,Completed
PUR004874,C00742,2026-03-28 22:22:56,8000.0,Completed
PUR004875,C00500,2026-03-28 22:25:36,2400.0,Completed
PUR004876,C00549,2026-03-28 23:36:13,2550.0,Completed
PUR004877,C00415,2026-03-29 00:15:50,6395.0,Completed
PUR004878,C00186,2026-03-29 01:44:26,125000.0,Completed
PUR004879,C00414,2026-03-29 02:56:23,19750.0,Completed
PUR004880,C00035,2026-03-29 03:29:51,7250.0,Completed
PUR004881,C00024,2026-03-29 05:14:41,10100.0,Completed
PUR004882,C00334,2026-03-29 11:19:26,16800.0,Completed
PUR004883,C00432,2026-03-29 11:24:35,116500.0,Completed
PUR004884,C00607,2026-03-29 13:33:31,41450.0,Completed
PUR004885,C00014,2026-03-29 13:40:37,10750.0,Completed
PUR004886,C00655,2026-03-29 14:30:19,5300.0,Completed
PUR004887,C00741,2026-03-29 14:31:42,18000.0,Completed
PUR004888,C00013,2026-03-29 16:42:46,3350.0,Completed
PUR004889,C00105,2026-03-29 18:38:35,4500.0,Completed
PUR004890,C00433,2026-03-29 20:25:02,62400.0,Completed
PUR004891,C00604,2026-03-29 23:27:20,13700.0,Completed
PUR004892,C00145,2026-03-30 01:39:50,14600.0,Completed
PUR004893,C00149,2026-03-30 01:41:33,25900.0,Completed
PUR004894,C00122,2026-03-30 04:07:10,2200.0,Completed
PUR004895,C00501,2026-03-30 05:45:54,9998.0,Completed
PUR004896,C00286,2026-03-30 06:38:29,2700.0,Completed
PUR004897,C00129,2026-03-30 06:41:54,3850.0,Completed
PUR004898,C00023,2026-03-30 06:45:01,53100.0,Completed
PUR004899,C00231,2026-03-30 07:58:22,47500.0,Completed
PUR004900,C00454,2026-03-30 08:45:42,27350.0,Completed
PUR004901,C00253,2026-03-30 09:07:35,101000.0,Completed
PUR004902,C00365,2026-03-30 09:26:02,18500.0,Completed
PUR004903,C00050,2026-03-30 10:15:54,93000.0,Completed
PUR004904,C00341,2026-03-30 10:40:51,8400.0,Completed
PUR004905,C00730,2026-03-30 11:32:03,82000.0,Completed
PUR004906,C00313,2026-03-30 12:07:59,3600.0,Completed
PUR004907,C00136,2026-03-30 15:24:49,13100.0,Completed
PUR004908,C00417,2026-03-30 16:19:44,1900.0,Completed
PUR004909,C00126,2026-03-30 16:36:48,2800.0,Completed
PUR004910,C00147,2026-03-30 17:53:17,6795.0,Completed
PUR004911,C00186,2026-03-30 18:15:17,18000.0,Completed
PUR004912,C00591,2026-03-30 19:54:36,21500.0,Completed
PUR004913,C00362,2026-03-30 20:28:13,34200.0,Completed
PUR004914,C00432,2026-03-30 21:41:34,29000.0,Completed
PUR004915,C00371,2026-03-30 22:16:58,4200.0,Completed
PUR004916,C00040,2026-03-30 22:29:26,96000.0,Completed
PUR004917,C00368,2026-03-30 23:41:52,9000.0,Completed
PUR004918,C00020,2026-03-31 01:16:47,32000.0,Completed
PUR004919,C00102,2026-03-31 02:17:43,15150.0,Completed
PUR004920,C00416,2026-03-31 05:38:17,9500.0,Completed
PUR004921,C00133,2026-03-31 08:54:22,6250.0,Completed
PUR004922,C00269,2026-03-31 10:33:39,4500.0,Completed
PUR004923,C00196,2026-03-31 10:35:23,130000.0,Completed
PUR004924,C00554,2026-03-31 11:59:15,3600.0,Completed
PUR004925,C00069,2026-03-31 12:03:35,9000.0,Completed
PUR004926,C00089,2026-03-31 14:30:38,39800.0,Completed
PUR004927,C00199,2026-03-31 17:38:54,4500.0,Completed
PUR004928,C00636,2026-03-31 18:04:56,22300.0,Completed
PUR004929,C00138,2026-03-31 19:31:23,25746.0,Completed
PUR004930,C00276,2026-03-31 19:41:33,4500.0,Completed
PUR004931,C00476,2026-03-31 21:27:56,19300.0,Completed
PUR004932,C00014,2026-03-31 23:00:24,34500.0,Completed
PUR004933,C00253,2026-03-31 23:40:41,29000.0,Completed
PUR004934,C00014,2026-04-01 01:53:42,1800.0,Completed
PUR004935,C00199,2026-04-01 02:54:03,11200.0,Completed
PUR004936,C00328,2026-04-01 02:56:04,6050.0,Completed
PUR004937,C00050,2026-04-01 03:10:21,29000.0,Completed
PUR004938,C00314,2026-04-01 04:41:56,9000.0,Completed
PUR004939,C00576,2026-04-01 10:51:52,62000.0,Completed
PUR004940,C00394,2026-04-01 12:46:25,65000.0,Completed
PUR004941,C00577,2026-04-01 14:17:02,18500.0,Completed
PUR004942,C00303,2026-04-01 15:43:27,18500.0,Completed
PUR004943,C00082,2026-04-01 17:36:52,3750.0,Completed
PUR004944,C00407,2026-04-01 18:59:26,14750.0,Completed
PUR004945,C00744,2026-04-01 19:58:45,3600.0,Completed
PUR004946,C00717,2026-04-01 22:19:16,1700.0,Completed
PUR004947,C00486,2026-04-01 23:49:42,4500.0,Completed
PUR004948,C00267,2026-04-02 01:15:43,37500.0,Completed
PUR004949,C00713,2026-04-02 04:48:44,196500.0,Completed
PUR004950,C00369,2026-04-02 06:21:43,68600.0,Completed
PUR004951,C00237,2026-04-02 09:11:13,14500.0,Completed
PUR004952,C00050,2026-04-02 14:23:23,130000.0,Completed
PUR004953,C00095,2026-04-02 14:58:53,14500.0,Completed
PUR004954,C00468,2026-04-02 15:02:17,47500.0,Completed
PUR004955,C00624,2026-04-02 15:46:55,14500.0,Completed
PUR004956,C00224,2026-04-02 16:36:31,50500.0,Completed
PUR004957,C00719,2026-04-02 18:22:55,6950.0,Completed
PUR004958,C00191,2026-04-02 22:00:32,1800.0,Completed
PUR004959,C00466,2026-04-03 01:31:09,12500.0,Completed
PUR004960,C00042,2026-04-03 04:48:49,6250.0,Completed
PUR004961,C00589,2026-04-03 05:24:42,13500.0,Completed
PUR004962,C00426,2026-04-03 06:42:15,5150.0,Completed
PUR004963,C00107,2026-04-03 09:26:36,10250.0,Completed
PUR004964,C00303,2026-04-03 11:15:13,64000.0,Completed
PUR004965,C00519,2026-04-03 15:27:09,3600.0,Completed
PUR004966,C00706,2026-04-03 15:35:05,39300.0,Completed
PUR004967,C00557,2026-04-03 16:00:27,3750.0,Completed
PUR004968,C00538,2026-04-03 16:08:47,9000.0,Completed
PUR004969,C00567,2026-04-03 17:29:51,2200.0,Completed
PUR004970,C00538,2026-04-03 18:27:30,37500.0,Completed
PUR004971,C00202,2026-04-03 20:16:23,37000.0,Completed
PUR004972,C00104,2026-04-03 20:48:20,450.0,Completed
PUR004973,C00543,2026-04-03 21:27:20,4500.0,Completed
PUR004974,C00005,2026-04-03 21:36:00,113700.0,Completed
PUR004975,C00006,2026-04-03 23:13:56,13500.0,Completed
PUR004976,C00491,2026-04-04 00:18:12,64000.0,Completed
PUR004977,C00677,2026-04-04 01:05:53,67700.0,Completed
PUR004978,C00098,2026-04-04 02:11:59,24150.0,Completed
PUR004979,C00248,2026-04-04 02:19:46,3750.0,Completed
PUR004980,C00582,2026-04-04 03:29:10,8050.0,Completed
PUR004981,C00749,2026-04-04 04:26:44,3600.0,Completed
PUR004982,C00278,2026-04-04 07:10:10,4400.0,Completed
PUR004983,C00650,2026-04-04 08:23:24,5550.0,Completed
PUR004984,C00650,2026-04-04 08:36:07,8400.0,Completed
PUR004985,C00214,2026-04-04 12:41:14,41500.0,Completed
PUR004986,C00439,2026-04-04 13:05:21,3800.0,Completed
PUR004987,C00550,2026-04-04 13:18:50,58900.0,Completed
PUR004988,C00043,2026-04-04 13:56:37,29000.0,Completed
PUR004989,C00035,2026-04-04 14:00:03,25000.0,Completed
PUR004990,C00003,2026-04-04 16:02:12,14000.0,Completed
PUR004991,C00292,2026-04-04 16:32:55,499.0,Completed
PUR004992,C00521,2026-04-04 16:57:08,37000.0,Completed
PUR004993,C00707,2026-04-04 18:01:04,97000.0,Completed
PUR004994,C00077,2026-04-04 19:39:04,38500.0,Completed
PUR004995,C00451,2026-04-04 20:59:21,1100.0,Completed
PUR004996,C00719,2026-04-04 22:27:35,119000.0,Completed
PUR004997,C00199,2026-04-04 22:31:59,5500.0,Completed
PUR004998,C00435,2026-04-04 22:36:37,61000.0,Completed
PUR004999,C00549,2026-04-04 23:11:25,10745.0,Completed
PUR005000,C00607,2026-04-05 02:14:55,17950.0,Completed
PUR005001,C00183,2026-04-05 05:31:07,64250.0,Completed
PUR005002,C00101,2026-04-05 10:38:06,37000.0,Completed
PUR005003,C00678,2026-04-05 10:48:37,97000.0,Completed
PUR005004,C00455,2026-04-05 12:55:20,37000.0,Completed
PUR005005,C00088,2026-04-05 17:37:54,101000.0,Completed
PUR005006,C00206,2026-04-05 18:14:02,29000.0,Completed
PUR005007,C00098,2026-04-05 19:10:19,8800.0,Completed
PUR005008,C00359,2026-04-05 20:40:55,29000.0,Completed
PUR005009,C00488,2026-04-06 00:46:13,41750.0,Completed
PUR005010,C00466,2026-04-06 01:38:56,7300.0,Completed
PUR005011,C00346,2026-04-06 05:06:52,7600.0,Completed
PUR005012,C00431,2026-04-06 08:26:46,2400.0,Completed
PUR005013,C00083,2026-04-06 08:31:05,5600.0,Completed
PUR005014,C00052,2026-04-06 08:38:59,96000.0,Completed
PUR005015,C00163,2026-04-06 12:20:26,6600.0,Completed
PUR005016,C00102,2026-04-06 14:21:33,9000.0,Completed
PUR005017,C00723,2026-04-06 15:04:22,20750.0,Completed
PUR005018,C00191,2026-04-06 15:09:28,10200.0,Completed
PUR005019,C00033,2026-04-06 20:59:11,18350.0,Completed
PUR005020,C00087,2026-04-06 21:10:32,6250.0,Completed
PUR005021,C00077,2026-04-07 00:21:17,36500.0,Completed
PUR005022,C00060,2026-04-07 00:41:58,65000.0,Completed
PUR005023,C00368,2026-04-07 02:32:35,5000.0,Completed
PUR005024,C00302,2026-04-07 02:38:36,37500.0,Completed
PUR005025,C00205,2026-04-07 03:52:55,37500.0,Completed
PUR005026,C00248,2026-04-07 05:12:13,22950.0,Completed
PUR005027,C00231,2026-04-07 05:32:35,3900.0,Completed
PUR005028,C00588,2026-04-07 06:41:03,11200.0,Completed
PUR005029,C00465,2026-04-07 09:34:31,10000.0,Completed
PUR005030,C00139,2026-04-07 13:55:30,12300.0,Completed
PUR005031,C00547,2026-04-07 18:38:57,4500.0,Completed
PUR005032,C00201,2026-04-07 19:53:27,1800.0,Completed
PUR005033,C00358,2026-04-07 20:46:37,125000.0,Completed
PUR005034,C00542,2026-04-07 23:03:46,130000.0,Completed
PUR005035,C00607,2026-04-08 01:06:27,64000.0,Completed
PUR005036,C00709,2026-04-08 01:27:30,5700.0,Completed
PUR005037,C00177,2026-04-08 02:53:32,13200.0,Completed
PUR005038,C00125,2026-04-08 03:17:07,96000.0,Completed
PUR005039,C00169,2026-04-08 03:57:02,4250.0,Completed
PUR005040,C00575,2026-04-08 05:08:14,4500.0,Completed
PUR005041,C00001,2026-04-08 05:12:47,17400.0,Completed
PUR005042,C00734,2026-04-08 06:02:02,7000.0,Completed
PUR005043,C00421,2026-04-08 07:07:39,11000.0,Completed
PUR005044,C00530,2026-04-08 11:32:26,8800.0,Completed
PUR005045,C00394,2026-04-08 13:09:27,47500.0,Completed
PUR005046,C00716,2026-04-08 15:09:44,9000.0,Completed
PUR005047,C00039,2026-04-08 23:38:43,12300.0,Completed
PUR005048,C00219,2026-04-09 01:19:06,18350.0,Completed
PUR005049,C00416,2026-04-09 02:17:35,3600.0,Completed
PUR005050,C00025,2026-04-09 03:57:15,37300.0,Completed
PUR005051,C00201,2026-04-09 05:02:41,1250.0,Completed
PUR005052,C00719,2026-04-09 05:41:40,1950.0,Completed
PUR005053,C00201,2026-04-09 05:53:46,4500.0,Completed
PUR005054,C00025,2026-04-09 07:29:41,32997.0,Completed
PUR005055,C00370,2026-04-09 08:14:21,1849.0,Completed
PUR005056,C00065,2026-04-09 09:57:49,13500.0,Completed
PUR005057,C00549,2026-04-09 10:04:52,13500.0,Completed
PUR005058,C00664,2026-04-09 11:21:48,15250.0,Completed
PUR005059,C00271,2026-04-09 12:14:22,9000.0,Completed
PUR005060,C00367,2026-04-09 23:57:03,14500.0,Completed
PUR005061,C00671,2026-04-10 00:11:52,10049.0,Completed
PUR005062,C00088,2026-04-10 00:50:30,18500.0,Completed
PUR005063,C00181,2026-04-10 01:03:08,13500.0,Completed
PUR005064,C00078,2026-04-10 04:12:15,50350.0,Completed
PUR005065,C00071,2026-04-10 05:06:28,8950.0,Completed
PUR005066,C00726,2026-04-10 06:21:02,7800.0,Completed
PUR005067,C00693,2026-04-10 07:28:12,11297.0,Completed
PUR005068,C00100,2026-04-10 08:11:15,13498.0,Completed
PUR005069,C00749,2026-04-10 11:16:55,8400.0,Completed
PUR005070,C00129,2026-04-10 12:04:21,18000.0,Completed
PUR005071,C00413,2026-04-10 13:03:00,82500.0,Completed
PUR005072,C00495,2026-04-10 13:31:49,1350.0,Completed
PUR005073,C00039,2026-04-10 16:03:17,9000.0,Completed
PUR005074,C00201,2026-04-10 16:27:07,6450.0,Completed
PUR005075,C00702,2026-04-10 16:49:08,4400.0,Completed
PUR005076,C00177,2026-04-10 18:04:26,8296.0,Completed
PUR005077,C00627,2026-04-10 18:09:08,108900.0,Completed
PUR005078,C00123,2026-04-10 20:01:23,69000.0,Completed
PUR005079,C00428,2026-04-10 20:25:23,29000.0,Completed
PUR005080,C00410,2026-04-10 23:13:04,101000.0,Completed
PUR005081,C00471,2026-04-10 23:51:53,207000.0,Completed
PUR005082,C00326,2026-04-11 00:41:55,2750.0,Completed
PUR005083,C00103,2026-04-11 00:51:04,450.0,Completed
PUR005084,C00623,2026-04-11 02:51:12,13500.0,Completed
PUR005085,C00288,2026-04-11 03:11:21,37000.0,Completed
PUR005086,C00016,2026-04-11 06:18:16,122900.0,Completed
PUR005087,C00429,2026-04-11 08:11:56,64000.0,Completed
PUR005088,C00058,2026-04-11 09:12:34,14750.0,Completed
PUR005089,C00262,2026-04-11 09:56:38,58000.0,Completed
PUR005090,C00662,2026-04-11 10:14:23,279000.0,Completed
PUR005091,C00465,2026-04-11 11:05:34,17400.0,Completed
PUR005092,C00022,2026-04-11 11:39:01,4250.0,Completed
PUR005093,C00684,2026-04-11 11:52:58,118500.0,Completed
PUR005094,C00325,2026-04-11 12:45:33,6000.0,Completed
PUR005095,C00422,2026-04-11 13:26:13,18000.0,Completed
PUR005096,C00242,2026-04-11 19:16:15,3600.0,Completed
PUR005097,C00065,2026-04-11 21:08:02,5600.0,Completed
PUR005098,C00104,2026-04-11 21:52:35,32000.0,Completed
PUR005099,C00303,2026-04-11 21:56:48,64000.0,Completed
PUR005100,C00307,2026-04-11 22:15:11,30045.0,Completed
PUR005101,C00094,2026-04-11 23:51:11,77700.0,Completed
PUR005102,C00098,2026-04-12 03:06:11,13500.0,Completed
PUR005103,C00606,2026-04-12 04:38:21,13695.0,Completed
PUR005104,C00094,2026-04-12 05:30:05,4050.0,Completed
PUR005105,C00719,2026-04-12 06:43:09,6695.0,Completed
PUR005106,C00141,2026-04-12 09:33:50,13500.0,Completed
PUR005107,C00417,2026-04-12 09:44:01,18000.0,Completed
PUR005108,C00223,2026-04-12 10:55:12,64000.0,Completed
PUR005109,C00039,2026-04-12 12:35:45,11450.0,Completed
PUR005110,C00348,2026-04-12 12:54:49,12500.0,Completed
PUR005111,C00316,2026-04-12 13:19:19,199000.0,Completed
PUR005112,C00503,2026-04-12 13:56:46,12500.0,Completed
PUR005113,C00689,2026-04-12 15:42:49,167000.0,Completed
PUR005114,C00197,2026-04-12 17:23:11,78500.0,Completed
PUR005115,C00501,2026-04-12 18:12:43,29000.0,Completed
PUR005116,C00599,2026-04-12 18:38:38,8400.0,Completed
PUR005117,C00295,2026-04-12 19:37:53,37000.0,Completed
PUR005118,C00192,2026-04-12 22:00:48,9000.0,Completed
PUR005119,C00330,2026-04-12 23:03:25,239000.0,Completed
PUR005120,C00098,2026-04-13 01:20:15,9000.0,Completed
PUR005121,C00181,2026-04-13 03:26:07,11000.0,Completed
PUR005122,C00298,2026-04-13 06:02:20,65000.0,Completed
PUR005123,C00536,2026-04-13 07:43:11,16200.0,Completed
PUR005124,C00357,2026-04-13 07:53:44,130000.0,Completed
PUR005125,C00175,2026-04-13 10:44:14,69000.0,Completed
PUR005126,C00257,2026-04-13 14:45:59,29000.0,Completed
PUR005127,C00362,2026-04-13 15:10:48,29000.0,Completed
PUR005128,C00738,2026-04-13 15:43:09,42900.0,Completed
PUR005129,C00600,2026-04-13 16:49:48,59000.0,Completed
PUR005130,C00128,2026-04-13 17:10:42,1250.0,Completed
PUR005131,C00002,2026-04-13 17:40:48,6798.0,Completed
PUR005132,C00465,2026-04-13 18:46:31,1100.0,Completed
PUR005133,C00363,2026-04-13 19:52:27,4250.0,Completed
PUR005134,C00098,2026-04-13 21:12:29,5600.0,Completed
PUR005135,C00013,2026-04-13 22:14:59,2800.0,Completed
PUR005136,C00525,2026-04-13 22:42:56,10800.0,Completed
PUR005137,C00554,2026-04-14 02:44:30,4800.0,Completed
PUR005138,C00040,2026-04-14 02:59:10,366000.0,Completed
PUR005139,C00417,2026-04-14 04:19:32,24100.0,Completed
PUR005140,C00435,2026-04-14 06:07:29,65000.0,Completed
PUR005141,C00486,2026-04-14 06:30:18,8800.0,Completed
PUR005142,C00357,2026-04-14 09:06:59,202000.0,Completed
PUR005143,C00531,2026-04-14 09:53:37,1300.0,Completed
PUR005144,C00541,2026-04-14 10:13:46,37600.0,Completed
PUR005145,C00466,2026-04-14 10:27:02,4350.0,Completed
PUR005146,C00245,2026-04-14 10:41:54,32000.0,Completed
PUR005147,C00413,2026-04-14 11:10:00,37500.0,Completed
PUR005148,C00430,2026-04-14 12:04:32,31500.0,Completed
PUR005149,C00435,2026-04-14 12:29:59,64000.0,Completed
PUR005150,C00650,2026-04-14 13:03:42,8596.0,Completed
PUR005151,C00544,2026-04-14 13:10:50,64000.0,Completed
PUR005152,C00302,2026-04-14 15:28:38,16800.0,Completed
PUR005153,C00493,2026-04-14 15:31:22,14496.0,Completed
PUR005154,C00169,2026-04-14 16:44:20,12600.0,Completed
PUR005155,C00386,2026-04-14 16:58:14,13500.0,Completed
PUR005156,C00543,2026-04-14 18:39:54,5897.0,Completed
PUR005157,C00295,2026-04-14 20:56:35,12200.0,Completed
PUR005158,C00703,2026-04-14 21:14:06,130000.0,Completed
PUR005159,C00046,2026-04-14 21:45:33,41900.0,Completed
PUR005160,C00462,2026-04-14 22:05:13,14500.0,Completed
PUR005161,C00689,2026-04-14 22:49:08,9000.0,Completed
PUR005162,C00527,2026-04-14 23:03:59,31850.0,Completed
PUR005163,C00289,2026-04-15 01:56:21,4500.0,Completed
PUR005164,C00516,2026-04-15 04:05:21,2700.0,Completed
PUR005165,C00227,2026-04-15 05:15:26,650.0,Completed
PUR005166,C00306,2026-04-15 05:58:56,102500.0,Completed
PUR005167,C00288,2026-04-15 08:08:21,13250.0,Completed
PUR005168,C00424,2026-04-15 10:13:02,2200.0,Completed
PUR005169,C00674,2026-04-15 10:43:17,13500.0,Completed
PUR005170,C00145,2026-04-15 12:11:20,21650.0,Completed
PUR005171,C00035,2026-04-15 12:16:53,8800.0,Completed
PUR005172,C00134,2026-04-15 13:17:20,38900.0,Completed
PUR005173,C00134,2026-04-15 16:34:42,10900.0,Completed
PUR005174,C00251,2026-04-15 17:31:41,170000.0,Completed
PUR005175,C00089,2026-04-15 17:52:59,47500.0,Completed
PUR005176,C00129,2026-04-15 18:35:51,18000.0,Completed
PUR005177,C00416,2026-04-15 19:36:32,77500.0,Completed
PUR005178,C00314,2026-04-15 19:39:33,170000.0,Completed
PUR005179,C00174,2026-04-15 19:43:45,25400.0,Completed
PUR005180,C00619,2026-04-15 19:50:39,12600.0,Completed
PUR005181,C00318,2026-04-15 20:29:52,100500.0,Completed
PUR005182,C00286,2026-04-15 23:13:28,5245.0,Completed
PUR005183,C00162,2026-04-15 23:16:46,15050.0,Completed
PUR005184,C00261,2026-04-16 03:44:49,47500.0,Completed
PUR005185,C00467,2026-04-16 05:38:48,56950.0,Completed
PUR005186,C00072,2026-04-16 09:04:18,207000.0,Completed
PUR005187,C00484,2026-04-16 09:44:46,17500.0,Completed
PUR005188,C00610,2026-04-16 12:44:59,20250.0,Completed
PUR005189,C00166,2026-04-16 13:13:19,2000.0,Completed
PUR005190,C00062,2026-04-16 13:16:49,12700.0,Completed
PUR005191,C00588,2026-04-16 13:20:56,29000.0,Completed
PUR005192,C00164,2026-04-16 14:37:57,14500.0,Completed
PUR005193,C00295,2026-04-16 17:54:33,188500.0,Completed
PUR005194,C00327,2026-04-16 18:02:42,64000.0,Completed
PUR005195,C00587,2026-04-16 19:25:08,5600.0,Completed
PUR005196,C00718,2026-04-16 20:18:10,51500.0,Completed
PUR005197,C00637,2026-04-16 21:19:54,2495.0,Completed
PUR005198,C00012,2026-04-17 00:42:09,57750.0,Completed
PUR005199,C00026,2026-04-17 00:47:47,34000.0,Completed
PUR005200,C00542,2026-04-17 01:00:57,65000.0,Completed
PUR005201,C00662,2026-04-17 01:29:03,12600.0,Completed
PUR005202,C00586,2026-04-17 02:22:06,159000.0,Completed
PUR005203,C00171,2026-04-17 03:18:51,17300.0,Completed
PUR005204,C00209,2026-04-17 03:33:45,130000.0,Completed
PUR005205,C00186,2026-04-17 04:46:19,1200.0,Completed
PUR005206,C00619,2026-04-17 05:56:36,2800.0,Completed
PUR005207,C00015,2026-04-17 06:28:15,14500.0,Completed
PUR005208,C00068,2026-04-17 06:30:26,83500.0,Completed
PUR005209,C00313,2026-04-17 06:40:12,5350.0,Completed
PUR005210,C00021,2026-04-17 07:11:08,10600.0,Completed
PUR005211,C00431,2026-04-17 08:07:13,5700.0,Completed
PUR005212,C00018,2026-04-17 10:04:12,2800.0,Completed
PUR005213,C00047,2026-04-17 10:26:16,73050.0,Completed
PUR005214,C00711,2026-04-17 11:10:00,109500.0,Completed
PUR005215,C00080,2026-04-17 11:20:19,5000.0,Completed
PUR005216,C00685,2026-04-17 12:02:02,13700.0,Completed
PUR005217,C00494,2026-04-17 12:06:40,1250.0,Completed
PUR005218,C00485,2026-04-17 12:10:32,18500.0,Completed
PUR005219,C00367,2026-04-17 13:24:35,2250.0,Completed
PUR005220,C00453,2026-04-17 14:25:17,5600.0,Completed
PUR005221,C00441,2026-04-17 15:18:14,22800.0,Completed
PUR005222,C00154,2026-04-17 15:45:42,39900.0,Completed
PUR005223,C00088,2026-04-17 19:02:40,21900.0,Completed
PUR005224,C00415,2026-04-17 20:55:54,5400.0,Completed
PUR005225,C00517,2026-04-17 21:47:48,5000.0,Completed
PUR005226,C00437,2026-04-17 23:00:21,6600.0,Completed
PUR005227,C00607,2026-04-18 01:15:37,9000.0,Completed
PUR005228,C00285,2026-04-18 02:40:40,10600.0,Completed
PUR005229,C00211,2026-04-18 04:45:31,650.0,Completed
PUR005230,C00024,2026-04-18 05:53:12,55500.0,Completed
PUR005231,C00114,2026-04-18 09:01:09,23750.0,Completed
PUR005232,C00002,2026-04-18 10:13:25,68600.0,Completed
PUR005233,C00543,2026-04-18 11:20:22,1350.0,Completed
PUR005234,C00041,2026-04-18 11:32:49,8400.0,Completed
PUR005235,C00419,2026-04-18 12:48:42,14500.0,Completed
PUR005236,C00288,2026-04-18 13:34:12,1350.0,Completed
PUR005237,C00357,2026-04-18 14:29:34,32000.0,Completed
PUR005238,C00715,2026-04-18 14:48:45,5600.0,Completed
PUR005239,C00633,2026-04-18 15:25:40,96000.0,Completed
PUR005240,C00436,2026-04-18 18:50:48,12600.0,Completed
PUR005241,C00462,2026-04-18 19:42:54,17000.0,Completed
PUR005242,C00737,2026-04-18 20:13:07,16800.0,Completed
PUR005243,C00559,2026-04-18 21:25:37,27000.0,Completed
PUR005244,C00719,2026-04-18 22:34:51,19998.0,Completed
PUR005245,C00365,2026-04-18 22:38:18,158000.0,Completed
PUR005246,C00735,2026-04-18 23:40:27,3745.0,Completed
PUR005247,C00569,2026-04-19 00:09:20,12100.0,Completed
PUR005248,C00698,2026-04-19 00:23:22,146000.0,Completed
PUR005249,C00141,2026-04-19 00:49:27,300000.0,Completed
PUR005250,C00706,2026-04-19 01:37:29,5850.0,Completed
PUR005251,C00298,2026-04-19 03:52:51,2800.0,Completed
PUR005252,C00459,2026-04-19 04:03:39,4800.0,Completed
PUR005253,C00389,2026-04-19 08:46:22,9798.0,Completed
PUR005254,C00362,2026-04-19 09:30:41,235000.0,Completed
PUR005255,C00432,2026-04-19 11:22:39,15950.0,Completed
PUR005256,C00008,2026-04-19 12:25:07,25000.0,Completed
PUR005257,C00010,2026-04-19 12:30:46,5100.0,Completed
PUR005258,C00689,2026-04-19 12:49:25,130000.0,Completed
PUR005259,C00552,2026-04-19 14:16:46,17400.0,Completed
PUR005260,C00594,2026-04-19 15:20:18,30300.0,Completed
PUR005261,C00372,2026-04-19 16:28:29,1300.0,Completed
PUR005262,C00199,2026-04-19 16:33:52,20200.0,Completed
PUR005263,C00065,2026-04-19 17:56:52,3400.0,Completed
PUR005264,C00671,2026-04-19 18:30:16,13500.0,Completed
PUR005265,C00514,2026-04-19 19:05:31,12500.0,Completed
PUR005266,C00283,2026-04-19 19:33:57,5100.0,Completed
PUR005267,C00283,2026-04-19 22:04:23,22900.0,Completed
PUR005268,C00557,2026-04-20 00:27:53,62300.0,Completed
PUR005269,C00166,2026-04-20 03:27:29,17700.0,Completed
PUR005270,C00089,2026-04-20 05:18:54,65000.0,Completed
PUR005271,C00193,2026-04-20 07:30:21,329000.0,Completed
PUR005272,C00514,2026-04-20 08:02:55,14500.0,Completed
PUR005273,C00739,2026-04-20 08:13:00,3749.0,Completed
PUR005274,C00470,2026-04-20 08:53:36,2700.0,Completed
PUR005275,C00085,2026-04-20 09:36:09,7600.0,Completed
PUR005276,C00269,2026-04-20 11:37:03,41100.0,Completed
PUR005277,C00683,2026-04-20 11:39:48,3600.0,Completed
PUR005278,C00549,2026-04-20 11:59:07,28750.0,Completed
PUR005279,C00366,2026-04-20 12:25:24,21000.0,Completed
PUR005280,C00356,2026-04-20 13:28:53,15700.0,Completed
PUR005281,C00633,2026-04-20 14:33:59,4500.0,Completed
PUR005282,C00162,2026-04-20 17:00:05,33500.0,Completed
PUR005283,C00671,2026-04-20 18:23:11,32000.0,Completed
PUR005284,C00170,2026-04-20 20:32:46,4549.0,Completed
PUR005285,C00420,2026-04-20 21:01:12,7700.0,Completed
PUR005286,C00378,2026-04-20 23:26:56,6250.0,Completed
PUR005287,C00098,2026-04-21 00:38:05,15900.0,Completed
PUR005288,C00449,2026-04-21 01:16:14,1996.0,Completed
PUR005289,C00189,2026-04-21 04:49:55,1750.0,Completed
PUR005290,C00358,2026-04-21 06:01:26,29500.0,Completed
PUR005291,C00546,2026-04-21 07:00:57,48800.0,Completed
PUR005292,C00555,2026-04-21 10:00:44,47500.0,Completed
PUR005293,C00658,2026-04-21 14:06:50,19597.0,Completed
PUR005294,C00136,2026-04-21 14:44:15,14700.0,Completed
PUR005295,C00040,2026-04-21 16:22:59,51500.0,Completed
PUR005296,C00462,2026-04-21 16:31:41,3600.0,Completed
PUR005297,C00663,2026-04-21 18:05:02,13200.0,Completed
PUR005298,C00554,2026-04-21 19:51:38,53900.0,Completed
PUR005299,C00414,2026-04-21 20:17:18,66000.0,Completed
PUR005300,C00464,2026-04-22 00:17:33,37000.0,Completed
PUR005301,C00022,2026-04-22 04:04:28,2750.0,Completed
PUR005302,C00122,2026-04-22 07:27:29,5700.0,Completed
PUR005303,C00688,2026-04-22 09:03:37,22700.0,Completed
PUR005304,C00038,2026-04-22 10:17:53,13500.0,Completed
PUR005305,C00412,2026-04-22 12:34:23,6000.0,Completed
PUR005306,C00595,2026-04-22 12:53:25,9000.0,Completed
PUR005307,C00740,2026-04-22 13:09:41,1650.0,Completed
PUR005308,C00659,2026-04-22 17:04:56,162000.0,Completed
PUR005309,C00609,2026-04-22 17:23:44,5400.0,Completed
PUR005310,C00154,2026-04-22 18:47:27,37500.0,Completed
PUR005311,C00163,2026-04-22 20:04:25,16800.0,Completed
PUR005312,C00344,2026-04-22 20:42:27,12500.0,Completed
PUR005313,C00048,2026-04-22 21:52:40,29898.0,Completed
PUR005314,C00427,2026-04-22 23:29:16,13500.0,Completed
PUR005315,C00270,2026-04-22 23:29:40,8800.0,Completed
PUR005316,C00327,2026-04-23 00:30:48,3600.0,Completed
PUR005317,C00635,2026-04-23 01:16:01,21500.0,Completed
PUR005318,C00731,2026-04-23 05:29:02,14500.0,Completed
PUR005319,C00577,2026-04-23 05:38:47,21000.0,Completed
PUR005320,C00390,2026-04-23 06:17:51,6000.0,Completed
PUR005321,C00734,2026-04-23 07:03:00,14000.0,Completed
PUR005322,C00247,2026-04-23 08:41:08,4250.0,Completed
PUR005323,C00438,2026-04-23 09:43:44,148500.0,Completed
PUR005324,C00484,2026-04-23 10:44:06,3600.0,Completed
PUR005325,C00199,2026-04-23 13:55:22,10400.0,Completed
PUR005326,C00525,2026-04-23 14:30:14,10900.0,Completed
PUR005327,C00247,2026-04-23 15:02:45,6950.0,Completed
PUR005328,C00282,2026-04-23 15:46:30,2495.0,Completed
PUR005329,C00161,2026-04-23 16:05:18,6000.0,Completed
PUR005330,C00072,2026-04-23 16:25:02,25800.0,Completed
PUR005331,C00703,2026-04-23 17:54:37,91500.0,Completed
PUR005332,C00502,2026-04-24 01:18:09,101500.0,Completed
PUR005333,C00671,2026-04-24 02:29:40,37500.0,Completed
PUR005334,C00670,2026-04-24 04:58:09,17500.0,Completed
PUR005335,C00346,2026-04-24 05:04:45,38000.0,Completed
PUR005336,C00581,2026-04-24 06:29:23,29197.0,Completed
PUR005337,C00744,2026-04-24 06:30:49,13400.0,Completed
PUR005338,C00733,2026-04-24 07:13:50,4500.0,Completed
PUR005339,C00388,2026-04-24 09:38:58,998.0,Completed
PUR005340,C00704,2026-04-24 10:33:29,60400.0,Completed
PUR005341,C00157,2026-04-24 11:54:10,6000.0,Completed
PUR005342,C00041,2026-04-24 14:06:29,79500.0,Completed
PUR005343,C00225,2026-04-24 14:14:26,28900.0,Completed
PUR005344,C00175,2026-04-24 14:19:15,13500.0,Completed
PUR005345,C00069,2026-04-24 16:05:42,2400.0,Completed
PUR005346,C00662,2026-04-24 18:11:17,42500.0,Completed
PUR005347,C00193,2026-04-24 18:18:33,214000.0,Completed
PUR005348,C00433,2026-04-24 20:10:09,3300.0,Completed
PUR005349,C00393,2026-04-24 21:07:40,167000.0,Completed
PUR005350,C00231,2026-04-24 22:15:11,6250.0,Completed
PUR005351,C00431,2026-04-24 22:46:14,21300.0,Completed
PUR005352,C00682,2026-04-24 23:51:13,85000.0,Completed
PUR005353,C00130,2026-04-25 00:28:31,18500.0,Completed
PUR005354,C00039,2026-04-25 02:15:46,5700.0,Completed
PUR005355,C00375,2026-04-25 05:10:47,32000.0,Completed
PUR005356,C00019,2026-04-25 06:54:01,13500.0,Completed
PUR005357,C00586,2026-04-25 07:27:14,32000.0,Completed
PUR005358,C00138,2026-04-25 07:56:44,4500.0,Completed
PUR005359,C00691,2026-04-25 08:06:18,1497.0,Completed
PUR005360,C00424,2026-04-25 10:32:47,42500.0,Completed
PUR005361,C00665,2026-04-25 11:49:17,4500.0,Completed
PUR005362,C00268,2026-04-25 13:40:16,52000.0,Completed
PUR005363,C00611,2026-04-25 14:37:31,9948.0,Completed
PUR005364,C00259,2026-04-25 15:30:07,998.0,Completed
PUR005365,C00557,2026-04-25 17:39:36,6650.0,Completed
PUR005366,C00013,2026-04-25 18:05:30,9000.0,Completed
PUR005367,C00500,2026-04-25 19:01:08,17800.0,Completed
PUR005368,C00498,2026-04-26 01:14:56,149000.0,Completed
PUR005369,C00006,2026-04-26 03:05:58,121000.0,Completed
PUR005370,C00251,2026-04-26 05:28:26,85000.0,Completed
PUR005371,C00101,2026-04-26 08:33:21,96000.0,Completed
PUR005372,C00337,2026-04-26 09:20:24,116750.0,Completed
PUR005373,C00262,2026-04-26 10:05:06,195500.0,Completed
PUR005374,C00586,2026-04-26 13:40:18,64000.0,Completed
PUR005375,C00100,2026-04-26 15:05:34,11700.0,Completed
PUR005376,C00306,2026-04-26 22:31:45,3900.0,Completed
PUR005377,C00493,2026-04-26 22:40:14,96000.0,Completed
PUR005378,C00276,2026-04-26 23:11:09,48100.0,Completed
PUR005379,C00010,2026-04-26 23:53:08,16800.0,Completed
PUR005380,C00358,2026-04-27 01:12:26,85000.0,Completed
PUR005381,C00344,2026-04-27 03:19:58,12600.0,Completed
PUR005382,C00129,2026-04-27 06:37:42,499.0,Completed
PUR005383,C00211,2026-04-27 06:40:27,38500.0,Completed
PUR005384,C00621,2026-04-27 07:20:48,300000.0,Completed
PUR005385,C00010,2026-04-27 08:49:15,2800.0,Completed
PUR005386,C00421,2026-04-27 09:51:51,18500.0,Completed
PUR005387,C00094,2026-04-27 13:09:57,2700.0,Completed
PUR005388,C00606,2026-04-27 14:28:43,5600.0,Completed
PUR005389,C00569,2026-04-27 14:39:34,31200.0,Completed
PUR005390,C00189,2026-04-27 15:48:27,18000.0,Completed
PUR005391,C00021,2026-04-27 18:51:40,16500.0,Completed
PUR005392,C00741,2026-04-27 21:25:45,196500.0,Completed
PUR005393,C00473,2026-04-27 22:22:28,9200.0,Completed
PUR005394,C00358,2026-04-28 01:28:40,148500.0,Completed
PUR005395,C00388,2026-04-28 02:18:18,8250.0,Completed
PUR005396,C00169,2026-04-28 02:42:56,19350.0,Completed
PUR005397,C00245,2026-04-28 03:34:34,137900.0,Completed
PUR005398,C00521,2026-04-28 05:36:24,263000.0,Completed
PUR005399,C00607,2026-04-28 06:19:57,7000.0,Completed
PUR005400,C00417,2026-04-28 06:46:43,10850.0,Completed
PUR005401,C00091,2026-04-28 07:14:18,450.0,Completed
PUR005402,C00352,2026-04-28 09:54:40,40400.0,Completed
PUR005403,C00422,2026-04-28 10:04:24,207000.0,Completed
PUR005404,C00259,2026-04-28 12:00:45,11400.0,Completed
PUR005405,C00021,2026-04-28 14:06:07,4500.0,Completed
PUR005406,C00166,2026-04-28 15:25:29,3750.0,Completed
PUR005407,C00525,2026-04-28 17:21:20,20600.0,Completed
PUR005408,C00245,2026-04-28 18:23:43,235000.0,Completed
PUR005409,C00126,2026-04-28 21:06:22,43750.0,Completed
PUR005410,C00187,2026-04-28 21:49:38,18500.0,Completed
PUR005411,C00189,2026-04-29 00:58:40,15700.0,Completed
PUR005412,C00482,2026-04-29 02:49:42,79500.0,Completed
PUR005413,C00644,2026-04-29 05:31:45,94000.0,Completed
PUR005414,C00444,2026-04-29 05:53:06,96000.0,Completed
PUR005415,C00735,2026-04-29 06:10:06,37500.0,Completed
PUR005416,C00330,2026-04-29 09:52:43,53300.0,Completed
PUR005417,C00125,2026-04-29 11:03:07,1996.0,Completed
PUR005418,C00628,2026-04-29 12:56:13,162000.0,Completed
PUR005419,C00705,2026-04-29 15:12:18,96000.0,Completed
PUR005420,C00666,2026-04-29 16:17:05,13500.0,Completed
PUR005421,C00579,2026-04-29 16:22:56,130000.0,Completed
PUR005422,C00419,2026-04-29 16:24:34,9000.0,Completed
PUR005423,C00378,2026-04-30 02:15:51,21000.0,Completed
PUR005424,C00465,2026-04-30 02:59:10,4800.0,Completed
PUR005425,C00491,2026-04-30 04:43:43,188500.0,Completed
PUR005426,C00431,2026-04-30 04:58:02,8450.0,Completed
PUR005427,C00689,2026-04-30 05:06:07,32000.0,Completed
PUR005428,C00334,2026-04-30 08:55:21,15400.0,Completed
PUR005429,C00386,2026-04-30 09:23:45,64000.0,Completed
PUR005430,C00223,2026-04-30 10:52:30,12500.0,Completed
PUR005431,C00032,2026-04-30 12:23:57,8950.0,Completed
PUR005432,C00319,2026-04-30 13:35:38,3600.0,Completed
PUR005433,C00684,2026-04-30 14:20:03,8400.0,Completed
PUR005434,C00193,2026-04-30 14:33:08,130000.0,Completed
PUR005435,C00126,2026-04-30 16:47:59,3600.0,Completed
PUR005436,C00272,2026-04-30 17:20:32,90000.0,Completed
PUR005437,C00131,2026-04-30 18:04:28,159000.0,Completed
PUR005438,C00169,2026-04-30 20:52:30,49000.0,Completed
PUR005439,C00156,2026-05-01 00:10:22,96000.0,Completed
PUR005440,C00595,2026-05-01 01:22:18,34200.0,Completed
PUR005441,C00393,2026-05-01 01:55:49,29000.0,Completed
PUR005442,C00027,2026-05-01 02:15:50,5600.0,Completed
PUR005443,C00719,2026-05-01 05:00:04,7450.0,Completed
PUR005444,C00674,2026-05-01 05:17:00,65000.0,Completed
PUR005445,C00702,2026-05-01 06:41:28,10950.0,Completed
PUR005446,C00147,2026-05-01 06:51:27,6250.0,Completed
PUR005447,C00412,2026-05-01 14:44:33,16400.0,Completed
PUR005448,C00606,2026-05-01 16:18:11,127000.0,Completed
PUR005449,C00324,2026-05-01 16:39:12,14997.0,Completed
PUR005450,C00393,2026-05-01 17:58:42,184500.0,Completed
PUR005451,C00378,2026-05-01 18:31:58,15600.0,Completed
PUR005452,C00593,2026-05-01 18:59:10,14500.0,Completed
PUR005453,C00086,2026-05-01 20:02:09,13850.0,Completed
PUR005454,C00168,2026-05-01 20:02:37,314500.0,Completed
PUR005455,C00013,2026-05-01 21:01:35,2500.0,Completed
PUR005456,C00052,2026-05-01 21:03:52,21300.0,Completed
PUR005457,C00655,2026-05-02 01:26:54,11200.0,Completed
PUR005458,C00346,2026-05-02 02:31:30,5700.0,Completed
PUR005459,C00351,2026-05-02 02:31:57,82500.0,Completed
PUR005460,C00023,2026-05-02 03:04:11,61400.0,Completed
PUR005461,C00281,2026-05-02 05:32:42,6250.0,Completed
PUR005462,C00376,2026-05-02 07:04:15,7250.0,Completed
PUR005463,C00020,2026-05-02 07:04:38,13500.0,Completed
PUR005464,C00713,2026-05-02 08:18:21,29000.0,Completed
PUR005465,C00472,2026-05-02 08:43:34,4500.0,Completed
PUR005466,C00164,2026-05-02 09:48:36,6600.0,Completed
PUR005467,C00210,2026-05-02 10:07:06,20200.0,Completed
PUR005468,C00667,2026-05-02 10:53:55,1800.0,Completed
PUR005469,C00490,2026-05-02 12:24:29,11200.0,Completed
PUR005470,C00497,2026-05-02 12:25:32,24500.0,Completed
PUR005471,C00191,2026-05-02 12:38:33,4400.0,Completed
PUR005472,C00611,2026-05-02 13:51:20,9000.0,Completed
PUR005473,C00344,2026-05-02 15:20:04,30900.0,Completed
PUR005474,C00316,2026-05-02 16:25:55,37000.0,Completed
PUR005475,C00667,2026-05-02 17:11:21,159000.0,Completed
PUR005476,C00272,2026-05-02 17:39:38,19350.0,Completed
PUR005477,C00253,2026-05-03 00:12:26,64000.0,Completed
PUR005478,C00169,2026-05-03 01:09:25,4349.0,Completed
PUR005479,C00139,2026-05-03 01:28:31,8950.0,Completed
PUR005480,C00378,2026-05-03 03:21:03,7200.0,Completed
PUR005481,C00520,2026-05-03 03:37:07,1800.0,Completed
PUR005482,C00567,2026-05-03 04:16:36,29000.0,Completed
PUR005483,C00550,2026-05-03 04:35:58,23100.0,Completed
PUR005484,C00670,2026-05-03 06:04:45,6600.0,Completed
PUR005485,C00344,2026-05-03 07:00:27,113400.0,Completed
PUR005486,C00040,2026-05-03 08:05:01,12500.0,Completed
PUR005487,C00607,2026-05-03 08:08:09,4400.0,Completed
PUR005488,C00358,2026-05-03 08:42:07,65000.0,Completed
PUR005489,C00216,2026-05-03 09:43:37,177500.0,Completed
PUR005490,C00639,2026-05-03 09:45:52,14500.0,Completed
PUR005491,C00279,2026-05-03 10:12:56,116500.0,Completed
PUR005492,C00228,2026-05-03 10:13:57,36500.0,Completed
PUR005493,C00580,2026-05-03 10:19:41,13250.0,Completed
PUR005494,C00410,2026-05-03 11:28:06,130000.0,Completed
PUR005495,C00145,2026-05-03 12:20:48,2200.0,Completed
PUR005496,C00025,2026-05-03 14:32:58,4500.0,Completed
PUR005497,C00412,2026-05-03 15:00:28,9500.0,Completed
PUR005498,C00007,2026-05-03 15:10:03,19250.0,Completed
PUR005499,C00162,2026-05-03 17:11:15,8700.0,Completed
PUR005500,C00670,2026-05-03 17:41:49,18700.0,Completed
PUR005501,C00184,2026-05-03 18:04:24,14500.0,Completed
PUR005502,C00325,2026-05-03 18:29:16,20200.0,Completed
PUR005503,C00542,2026-05-03 20:08:10,162000.0,Completed
PUR005504,C00698,2026-05-03 20:46:27,55000.0,Completed
PUR005505,C00257,2026-05-03 23:14:11,13500.0,Completed
PUR005506,C00371,2026-05-04 00:09:51,21046.0,Completed
PUR005507,C00636,2026-05-04 02:10:47,17150.0,Completed
PUR005508,C00465,2026-05-04 02:32:53,5700.0,Completed
PUR005509,C00550,2026-05-04 02:45:41,5500.0,Completed
PUR005510,C00194,2026-05-04 03:11:17,25000.0,Completed
PUR005511,C00658,2026-05-04 04:07:06,17800.0,Completed
PUR005512,C00162,2026-05-04 07:54:45,13500.0,Completed
PUR005513,C00484,2026-05-04 10:28:05,850.0,Completed
PUR005514,C00255,2026-05-04 10:58:52,37000.0,Completed
PUR005515,C00566,2026-05-04 12:37:42,41500.0,Completed
PUR005516,C00543,2026-05-04 12:54:00,26900.0,Completed
PUR005517,C00292,2026-05-04 13:33:58,114000.0,Completed
PUR005518,C00333,2026-05-04 13:45:51,10600.0,Completed
PUR005519,C00098,2026-05-04 13:52:22,2697.0,Completed
PUR005520,C00712,2026-05-04 13:52:23,37400.0,Completed
PUR005521,C00586,2026-05-04 16:49:41,93000.0,Completed
PUR005522,C00166,2026-05-04 17:28:35,4500.0,Completed
PUR005523,C00369,2026-05-04 17:47:06,39997.0,Completed
PUR005524,C00145,2026-05-04 22:01:34,2600.0,Completed
PUR005525,C00667,2026-05-04 22:11:26,149000.0,Completed
PUR005526,C00683,2026-05-04 22:11:30,9000.0,Completed
PUR005527,C00043,2026-05-04 22:13:06,27500.0,Completed
PUR005528,C00432,2026-05-04 22:32:46,25250.0,Completed
PUR005529,C00484,2026-05-05 01:18:24,499.0,Completed
PUR005530,C00225,2026-05-05 01:25:57,5600.0,Completed
PUR005531,C00347,2026-05-05 02:14:04,14500.0,Completed
PUR005532,C00295,2026-05-05 04:52:48,114000.0,Completed
PUR005533,C00059,2026-05-05 05:42:04,128500.0,Completed
PUR005534,C00288,2026-05-05 06:40:48,3250.0,Completed
PUR005535,C00357,2026-05-05 07:53:46,29500.0,Completed
PUR005536,C00667,2026-05-05 08:27:09,396000.0,Completed
PUR005537,C00595,2026-05-05 08:58:03,11200.0,Completed
PUR005538,C00214,2026-05-05 08:59:33,14500.0,Completed
PUR005539,C00199,2026-05-05 14:05:54,16400.0,Completed
PUR005540,C00020,2026-05-05 14:21:29,5600.0,Completed
PUR005541,C00498,2026-05-05 14:37:57,65000.0,Completed
PUR005542,C00588,2026-05-05 15:44:46,14000.0,Completed
PUR005543,C00475,2026-05-05 18:03:07,35250.0,Completed
PUR005544,C00283,2026-05-05 18:42:50,21300.0,Completed
PUR005545,C00503,2026-05-05 19:19:04,150000.0,Completed
PUR005546,C00600,2026-05-05 19:28:32,29500.0,Completed
PUR005547,C00154,2026-05-05 19:40:14,23600.0,Completed
PUR005548,C00023,2026-05-05 20:16:34,85000.0,Completed
PUR005549,C00566,2026-05-05 20:39:26,9000.0,Completed
PUR005550,C00576,2026-05-05 20:42:50,39000.0,Completed
PUR005551,C00639,2026-05-05 21:06:22,64000.0,Completed
PUR005552,C00667,2026-05-05 21:59:49,317500.0,Completed
PUR005553,C00511,2026-05-05 23:44:21,37000.0,Completed
PUR005554,C00628,2026-05-06 00:33:35,4800.0,Completed
PUR005555,C00434,2026-05-06 03:06:54,7450.0,Completed
PUR005556,C00415,2026-05-06 03:54:02,23100.0,Completed
PUR005557,C00471,2026-05-06 04:15:34,212500.0,Completed
PUR005558,C00358,2026-05-06 04:51:56,9000.0,Completed
PUR005559,C00286,2026-05-06 04:55:11,13500.0,Completed
PUR005560,C00504,2026-05-06 07:36:13,2550.0,Completed
PUR005561,C00670,2026-05-06 08:27:01,2800.0,Completed
PUR005562,C00090,2026-05-06 08:30:45,109500.0,Completed
PUR005563,C00108,2026-05-06 09:01:10,14500.0,Completed
PUR005564,C00187,2026-05-06 09:45:24,38750.0,Completed
PUR005565,C00286,2026-05-06 11:10:45,35645.0,Completed
PUR005566,C00163,2026-05-06 11:15:08,30000.0,Completed
PUR005567,C00509,2026-05-06 11:19:01,12700.0,Completed
PUR005568,C00750,2026-05-06 11:20:17,11150.0,Completed
PUR005569,C00407,2026-05-06 11:28:54,43750.0,Completed
PUR005570,C00661,2026-05-06 13:26:00,4500.0,Completed
PUR005571,C00518,2026-05-06 14:37:44,14200.0,Completed
PUR005572,C00536,2026-05-06 15:01:01,57000.0,Completed
PUR005573,C00376,2026-05-06 15:12:30,12600.0,Completed
PUR005574,C00108,2026-05-06 15:25:04,180500.0,Completed
PUR005575,C00531,2026-05-06 17:31:58,2800.0,Completed
PUR005576,C00623,2026-05-06 17:47:09,12500.0,Completed
PUR005577,C00731,2026-05-06 18:10:21,86800.0,Completed
PUR005578,C00690,2026-05-06 19:02:22,5100.0,Completed
PUR005579,C00095,2026-05-06 19:12:56,450.0,Completed
PUR005580,C00523,2026-05-06 19:23:54,14650.0,Completed
PUR005581,C00050,2026-05-06 19:50:17,64000.0,Completed
PUR005582,C00550,2026-05-06 21:08:43,12100.0,Completed
PUR005583,C00530,2026-05-06 22:57:55,2600.0,Completed
PUR005584,C00586,2026-05-06 23:00:49,32000.0,Completed
PUR005585,C00334,2026-05-07 01:30:43,14295.0,Completed
PUR005586,C00574,2026-05-07 02:33:16,8400.0,Completed
PUR005587,C00596,2026-05-07 04:29:48,10197.0,Completed
PUR005588,C00107,2026-05-07 05:38:31,18800.0,Completed
PUR005589,C00352,2026-05-07 06:22:39,28000.0,Completed
PUR005590,C00730,2026-05-07 08:33:39,101000.0,Completed
PUR005591,C00530,2026-05-07 09:13:33,16800.0,Completed
PUR005592,C00456,2026-05-07 13:13:48,31600.0,Completed
PUR005593,C00659,2026-05-07 14:16:00,32000.0,Completed
PUR005594,C00012,2026-05-07 15:06:44,1100.0,Completed
PUR005595,C00700,2026-05-07 15:33:17,64000.0,Completed
PUR005596,C00331,2026-05-07 15:37:59,13500.0,Completed
PUR005597,C00370,2026-05-07 19:01:22,39900.0,Completed
PUR005598,C00427,2026-05-07 19:38:23,349500.0,Completed
PUR005599,C00358,2026-05-07 19:59:05,51500.0,Completed
PUR005600,C00022,2026-05-07 20:14:22,15999.0,Completed
PUR005601,C00653,2026-05-07 20:28:22,4400.0,Completed
PUR005602,C00607,2026-05-07 22:37:50,13500.0,Completed
PUR005603,C00607,2026-05-07 23:11:28,10900.0,Completed
PUR005604,C00212,2026-05-08 00:00:09,17850.0,Completed
PUR005605,C00585,2026-05-08 00:43:51,499.0,Completed
PUR005606,C00284,2026-05-08 01:02:02,11200.0,Completed
PUR005607,C00531,2026-05-08 01:02:48,21600.0,Completed
PUR005608,C00228,2026-05-08 01:20:04,13500.0,Completed
PUR005609,C00493,2026-05-08 03:05:20,37000.0,Completed
PUR005610,C00176,2026-05-08 04:06:02,13500.0,Completed
PUR005611,C00400,2026-05-08 04:35:52,21000.0,Completed
PUR005612,C00703,2026-05-08 05:44:52,144500.0,Completed
PUR005613,C00542,2026-05-08 08:29:55,271000.0,Completed
PUR005614,C00340,2026-05-08 09:20:38,4800.0,Completed
PUR005615,C00557,2026-05-08 11:07:26,12200.0,Completed
PUR005616,C00613,2026-05-08 11:08:26,13500.0,Completed
PUR005617,C00716,2026-05-08 12:39:32,4999.0,Completed
PUR005618,C00411,2026-05-08 13:18:25,34600.0,Completed
PUR005619,C00239,2026-05-08 14:12:02,5045.0,Completed
PUR005620,C00273,2026-05-08 14:41:58,61000.0,Completed
PUR005621,C00169,2026-05-08 14:48:59,106400.0,Completed
PUR005622,C00657,2026-05-08 14:58:41,11200.0,Completed
PUR005623,C00169,2026-05-08 15:21:17,42000.0,Completed
PUR005624,C00362,2026-05-08 15:31:53,96000.0,Completed
PUR005625,C00115,2026-05-08 17:18:48,1800.0,Completed
PUR005626,C00624,2026-05-08 17:47:35,141900.0,Completed
PUR005627,C00156,2026-05-08 17:49:44,184500.0,Completed
PUR005628,C00537,2026-05-08 19:13:48,20450.0,Completed
PUR005629,C00147,2026-05-08 20:25:34,16800.0,Completed
PUR005630,C00607,2026-05-08 20:25:54,13500.0,Completed
PUR005631,C00140,2026-05-08 21:20:49,21000.0,Completed
PUR005632,C00036,2026-05-08 23:02:03,133500.0,Completed
PUR005633,C00337,2026-05-09 01:09:33,61000.0,Completed
PUR005634,C00228,2026-05-09 03:04:31,5100.0,Completed
PUR005635,C00297,2026-05-09 03:11:53,130000.0,Completed
PUR005636,C00698,2026-05-09 03:16:32,13350.0,Completed
PUR005637,C00171,2026-05-09 03:35:38,17100.0,Completed
PUR005638,C00263,2026-05-09 03:58:14,4600.0,Completed
PUR005639,C00103,2026-05-09 04:22:23,12500.0,Completed
PUR005640,C00099,2026-05-09 04:33:37,64000.0,Completed
PUR005641,C00416,2026-05-09 04:39:56,18500.0,Completed
PUR005642,C00148,2026-05-09 06:14:51,14500.0,Completed
PUR005643,C00001,2026-05-09 07:31:37,37200.0,Completed
PUR005644,C00399,2026-05-09 07:39:24,130000.0,Completed
PUR005645,C00274,2026-05-09 09:09:03,96000.0,Completed
PUR005646,C00634,2026-05-09 10:45:19,11200.0,Completed
PUR005647,C00337,2026-05-09 10:49:49,16800.0,Completed
PUR005648,C00229,2026-05-09 11:18:07,4500.0,Completed
PUR005649,C00011,2026-05-09 11:38:22,6400.0,Completed
PUR005650,C00022,2026-05-09 12:24:19,1350.0,Completed
PUR005651,C00344,2026-05-09 13:42:29,130000.0,Completed
PUR005652,C00099,2026-05-09 14:33:17,8400.0,Completed
PUR005653,C00307,2026-05-09 14:57:22,8400.0,Completed
PUR005654,C00266,2026-05-09 15:08:15,11200.0,Completed
PUR005655,C00692,2026-05-09 15:59:01,34000.0,Completed
PUR005656,C00644,2026-05-09 16:17:06,65000.0,Completed
PUR005657,C00549,2026-05-09 17:07:32,6600.0,Completed
PUR005658,C00090,2026-05-09 17:11:31,13796.0,Completed
PUR005659,C00735,2026-05-09 17:44:28,18500.0,Completed
PUR005660,C00100,2026-05-09 17:55:04,1900.0,Completed
PUR005661,C00600,2026-05-09 19:50:17,19200.0,Completed
PUR005662,C00465,2026-05-09 20:23:24,1200.0,Completed
PUR005663,C00400,2026-05-09 20:24:33,25000.0,Completed
PUR005664,C00358,2026-05-09 20:32:33,3750.0,Completed
PUR005665,C00095,2026-05-09 20:33:46,9500.0,Completed
PUR005666,C00028,2026-05-09 20:59:44,67600.0,Completed
PUR005667,C00741,2026-05-09 21:28:05,13500.0,Completed
PUR005668,C00270,2026-05-09 22:48:58,90500.0,Completed
PUR005669,C00414,2026-05-09 23:34:04,11200.0,Completed
PUR005670,C00282,2026-05-10 01:21:15,5700.0,Completed
PUR005671,C00398,2026-05-10 02:22:06,227000.0,Completed
PUR005672,C00436,2026-05-10 02:42:13,9000.0,Completed
PUR005673,C00358,2026-05-10 05:23:26,133000.0,Completed
PUR005674,C00400,2026-05-10 05:52:22,1200.0,Completed
PUR005675,C00365,2026-05-10 06:25:32,37000.0,Completed
PUR005676,C00553,2026-05-10 06:48:52,54400.0,Completed
PUR005677,C00689,2026-05-10 07:44:02,103500.0,Completed
PUR005678,C00032,2026-05-10 08:07:29,18500.0,Completed
PUR005679,C00713,2026-05-10 09:42:34,3500.0,Completed
PUR005680,C00563,2026-05-10 10:25:11,29400.0,Completed
PUR005681,C00020,2026-05-10 10:44:18,2250.0,Completed
PUR005682,C00350,2026-05-10 11:42:01,39500.0,Completed
PUR005683,C00087,2026-05-10 12:14:47,3750.0,Completed
PUR005684,C00340,2026-05-10 14:35:07,4500.0,Completed
PUR005685,C00147,2026-05-10 15:47:30,7950.0,Completed
PUR005686,C00429,2026-05-10 16:07:57,14500.0,Completed
PUR005687,C00749,2026-05-10 16:18:56,14700.0,Completed
PUR005688,C00495,2026-05-10 17:50:31,5000.0,Completed
PUR005689,C00198,2026-05-10 18:09:44,17400.0,Completed
PUR005690,C00375,2026-05-10 18:39:14,31250.0,Completed
PUR005691,C00452,2026-05-10 20:19:35,14500.0,Completed
PUR005692,C00139,2026-05-10 21:28:45,4596.0,Completed
PUR005693,C00704,2026-05-10 23:04:42,35250.0,Completed
PUR005694,C00712,2026-05-11 00:50:10,5697.0,Completed
PUR005695,C00410,2026-05-11 00:51:43,43600.0,Completed
PUR005696,C00471,2026-05-11 01:47:31,4200.0,Completed
PUR005697,C00254,2026-05-11 02:53:20,4200.0,Completed
PUR005698,C00569,2026-05-11 04:47:55,41250.0,Completed
PUR005699,C00032,2026-05-11 04:56:10,1200.0,Completed
PUR005700,C00330,2026-05-11 06:12:03,94000.0,Completed
PUR005701,C00193,2026-05-11 07:54:12,65000.0,Completed
PUR005702,C00191,2026-05-11 10:00:17,9000.0,Completed
PUR005703,C00505,2026-05-11 10:53:24,5300.0,Completed
PUR005704,C00029,2026-05-11 12:18:56,5000.0,Completed
PUR005705,C00142,2026-05-11 12:25:11,251000.0,Completed
PUR005706,C00006,2026-05-11 12:35:26,2347.0,Completed
PUR005707,C00140,2026-05-11 13:11:58,24100.0,Completed
PUR005708,C00320,2026-05-11 15:20:27,41650.0,Completed
PUR005709,C00032,2026-05-11 15:26:32,14600.0,Completed
PUR005710,C00351,2026-05-11 15:39:00,11200.0,Completed
PUR005711,C00658,2026-05-11 15:47:58,2200.0,Completed
PUR005712,C00722,2026-05-11 18:00:06,19100.0,Completed
PUR005713,C00653,2026-05-11 18:08:39,6000.0,Completed
PUR005714,C00645,2026-05-11 18:09:54,36600.0,Completed
PUR005715,C00416,2026-05-11 18:40:38,5200.0,Completed
PUR005716,C00374,2026-05-11 19:30:15,314500.0,Completed
PUR005717,C00142,2026-05-11 22:51:51,18500.0,Completed
PUR005718,C00609,2026-05-11 23:21:52,4500.0,Completed
PUR005719,C00080,2026-05-11 23:41:16,25500.0,Completed
PUR005720,C00072,2026-05-12 00:21:05,30000.0,Completed
PUR005721,C00681,2026-05-12 01:02:32,131000.0,Completed
PUR005722,C00029,2026-05-12 02:39:01,9000.0,Completed
PUR005723,C00248,2026-05-12 03:15:28,3800.0,Completed
PUR005724,C00431,2026-05-12 03:24:02,1900.0,Completed
PUR005725,C00188,2026-05-12 04:00:39,93500.0,Completed
PUR005726,C00658,2026-05-12 04:39:09,21500.0,Completed
PUR005727,C00112,2026-05-12 04:55:20,59400.0,Completed
PUR005728,C00656,2026-05-12 05:00:39,6900.0,Completed
PUR005729,C00436,2026-05-12 05:03:35,20400.0,Completed
PUR005730,C00108,2026-05-12 06:08:21,1800.0,Completed
PUR005731,C00267,2026-05-12 07:04:03,19750.0,Completed
PUR005732,C00646,2026-05-12 08:21:02,18500.0,Completed
PUR005733,C00350,2026-05-12 09:01:29,130000.0,Completed
PUR005734,C00407,2026-05-12 10:21:20,26950.0,Completed
PUR005735,C00318,2026-05-12 11:26:27,4500.0,Completed
PUR005736,C00317,2026-05-12 11:38:56,37000.0,Completed
PUR005737,C00162,2026-05-12 12:34:23,24900.0,Completed
PUR005738,C00676,2026-05-12 13:27:11,14899.0,Completed
PUR005739,C00022,2026-05-12 14:01:37,499.0,Completed
PUR005740,C00240,2026-05-12 14:21:55,6300.0,Completed
PUR005741,C00700,2026-05-12 14:48:12,47500.0,Completed
PUR005742,C00597,2026-05-12 14:55:28,27450.0,Completed
PUR005743,C00333,2026-05-12 15:30:03,37000.0,Completed
PUR005744,C00333,2026-05-12 16:03:15,6000.0,Completed
PUR005745,C00181,2026-05-12 17:02:04,114000.0,Completed
PUR005746,C00040,2026-05-12 17:21:00,66000.0,Completed
PUR005747,C00566,2026-05-12 17:43:08,37500.0,Completed
PUR005748,C00029,2026-05-12 19:19:46,5600.0,Completed
PUR005749,C00476,2026-05-12 19:58:30,183500.0,Completed
PUR005750,C00035,2026-05-12 21:27:47,6250.0,Completed
PUR005751,C00326,2026-05-13 02:25:32,2600.0,Completed
PUR005752,C00646,2026-05-13 05:24:36,4200.0,Completed
PUR005753,C00702,2026-05-13 06:04:14,21000.0,Completed
PUR005754,C00277,2026-05-13 07:38:45,39300.0,Completed
PUR005755,C00434,2026-05-13 07:54:59,13500.0,Completed
PUR005756,C00578,2026-05-13 09:38:33,2200.0,Completed
PUR005757,C00187,2026-05-13 11:50:24,23500.0,Completed
PUR005758,C00540,2026-05-13 12:34:52,70600.0,Completed
PUR005759,C00252,2026-05-13 13:34:11,4200.0,Completed
PUR005760,C00214,2026-05-13 13:38:58,14500.0,Completed
PUR005761,C00583,2026-05-13 13:44:51,221500.0,Completed
PUR005762,C00746,2026-05-13 16:10:14,15400.0,Completed
PUR005763,C00201,2026-05-13 16:58:41,6000.0,Completed
PUR005764,C00577,2026-05-13 18:28:49,64000.0,Completed
PUR005765,C00008,2026-05-13 18:49:38,69000.0,Completed
PUR005766,C00293,2026-05-13 18:54:10,1250.0,Completed
PUR005767,C00081,2026-05-13 19:37:01,65000.0,Completed
PUR005768,C00445,2026-05-13 19:48:13,11850.0,Completed
PUR005769,C00059,2026-05-13 21:09:20,50500.0,Completed
PUR005770,C00498,2026-05-13 23:41:40,130000.0,Completed
PUR005771,C00712,2026-05-14 02:17:21,14600.0,Completed
PUR005772,C00225,2026-05-14 02:29:31,37000.0,Completed
PUR005773,C00393,2026-05-14 03:36:41,44500.0,Completed
PUR005774,C00095,2026-05-14 03:41:52,14000.0,Completed
PUR005775,C00098,2026-05-14 04:20:00,30896.0,Completed
PUR005776,C00678,2026-05-14 04:39:35,13500.0,Completed
PUR005777,C00401,2026-05-14 05:21:01,3600.0,Completed
PUR005778,C00077,2026-05-14 06:26:14,70700.0,Completed
PUR005779,C00439,2026-05-14 06:27:53,5200.0,Completed
PUR005780,C00224,2026-05-14 06:30:02,13500.0,Completed
PUR005781,C00233,2026-05-14 08:43:51,42000.0,Completed
PUR005782,C00051,2026-05-14 08:55:01,499.0,Completed
PUR005783,C00176,2026-05-14 09:27:19,6250.0,Completed
PUR005784,C00289,2026-05-14 10:23:19,29000.0,Completed
PUR005785,C00162,2026-05-14 11:22:07,17446.0,Completed
PUR005786,C00263,2026-05-14 11:58:31,4350.0,Completed
PUR005787,C00588,2026-05-14 12:20:46,1350.0,Completed
PUR005788,C00103,2026-05-14 12:40:55,18000.0,Completed
PUR005789,C00466,2026-05-14 13:32:09,4550.0,Completed
PUR005790,C00382,2026-05-14 14:35:09,47300.0,Completed
PUR005791,C00245,2026-05-14 16:48:34,8800.0,Completed
PUR005792,C00274,2026-05-14 17:57:12,65000.0,Completed
PUR005793,C00449,2026-05-14 18:00:47,18000.0,Completed
PUR005794,C00041,2026-05-14 18:36:59,296000.0,Completed
PUR005795,C00309,2026-05-14 18:44:30,13500.0,Completed
PUR005796,C00071,2026-05-14 20:38:01,132500.0,Completed
PUR005797,C00407,2026-05-14 20:44:33,15400.0,Completed
PUR005798,C00249,2026-05-14 20:56:01,6400.0,Completed
PUR005799,C00117,2026-05-14 21:15:04,4500.0,Completed
PUR005800,C00116,2026-05-14 22:44:30,30697.0,Completed
PUR005801,C00024,2026-05-14 23:01:23,17100.0,Completed
PUR005802,C00119,2026-05-14 23:56:03,22900.0,Completed
PUR005803,C00197,2026-05-15 01:52:54,47500.0,Completed
PUR005804,C00012,2026-05-15 02:14:37,13299.0,Completed
PUR005805,C00394,2026-05-15 06:37:32,210000.0,Completed
PUR005806,C00095,2026-05-15 07:30:15,103800.0,Completed
PUR005807,C00468,2026-05-15 08:13:57,14500.0,Completed
PUR005808,C00130,2026-05-15 08:51:37,27850.0,Completed
PUR005809,C00433,2026-05-15 12:43:17,15100.0,Completed
PUR005810,C00693,2026-05-15 13:40:13,18000.0,Completed
PUR005811,C00269,2026-05-15 14:15:05,18000.0,Completed
PUR005812,C00216,2026-05-15 14:53:13,97000.0,Completed
PUR005813,C00690,2026-05-15 16:08:01,14500.0,Completed
PUR005814,C00534,2026-05-15 16:39:07,1149.0,Completed
PUR005815,C00666,2026-05-15 17:34:58,105000.0,Completed
PUR005816,C00283,2026-05-15 18:37:41,4400.0,Completed
PUR005817,C00274,2026-05-15 22:44:52,14500.0,Completed
PUR005818,C00740,2026-05-15 22:48:46,3600.0,Completed
PUR005819,C00123,2026-05-15 23:06:39,15900.0,Completed
PUR005820,C00412,2026-05-16 01:01:24,3600.0,Completed
PUR005821,C00276,2026-05-16 01:36:52,58900.0,Completed
PUR005822,C00530,2026-05-16 01:51:33,41500.0,Completed
PUR005823,C00392,2026-05-16 02:05:54,4250.0,Completed
PUR005824,C00488,2026-05-16 02:54:30,17000.0,Completed
PUR005825,C00332,2026-05-16 04:29:52,10350.0,Completed
PUR005826,C00105,2026-05-16 04:44:08,25000.0,Completed
PUR005827,C00367,2026-05-16 05:43:59,46000.0,Completed
PUR005828,C00008,2026-05-16 06:14:08,99500.0,Completed
PUR005829,C00292,2026-05-16 08:26:43,34796.0,Completed
PUR005830,C00586,2026-05-16 09:02:13,148500.0,Completed
PUR005831,C00212,2026-05-16 09:21:58,17748.0,Completed
PUR005832,C00668,2026-05-16 10:16:27,14500.0,Completed
PUR005833,C00341,2026-05-16 10:19:25,85000.0,Completed
PUR005834,C00568,2026-05-16 10:21:08,18500.0,Completed
PUR005835,C00070,2026-05-16 10:32:59,56900.0,Completed
PUR005836,C00646,2026-05-16 13:52:01,5750.0,Completed
PUR005837,C00562,2026-05-16 14:42:03,4550.0,Completed
PUR005838,C00071,2026-05-16 15:06:48,130000.0,Completed
PUR005839,C00161,2026-05-16 17:04:02,7849.0,Completed
PUR005840,C00154,2026-05-16 18:13:12,12500.0,Completed
PUR005841,C00349,2026-05-16 21:04:57,9000.0,Completed
PUR005842,C00008,2026-05-16 21:07:10,66000.0,Completed
PUR005843,C00567,2026-05-16 22:08:34,9600.0,Completed
PUR005844,C00041,2026-05-16 22:13:51,184500.0,Completed
PUR005845,C00576,2026-05-16 23:37:55,9000.0,Completed
PUR005846,C00349,2026-05-17 00:26:35,37000.0,Completed
PUR005847,C00059,2026-05-17 00:42:20,48200.0,Completed
PUR005848,C00650,2026-05-17 01:06:51,6600.0,Completed
PUR005849,C00040,2026-05-17 02:56:06,234000.0,Completed
PUR005850,C00688,2026-05-17 03:02:06,8800.0,Completed
PUR005851,C00503,2026-05-17 03:15:23,10900.0,Completed
PUR005852,C00656,2026-05-17 04:30:40,5600.0,Completed
PUR005853,C00188,2026-05-17 06:53:09,130000.0,Completed
PUR005854,C00394,2026-05-17 07:52:10,249500.0,Completed
PUR005855,C00028,2026-05-17 07:55:33,96000.0,Completed
PUR005856,C00459,2026-05-17 08:03:37,12900.0,Completed
PUR005857,C00050,2026-05-17 08:23:40,14500.0,Completed
PUR005858,C00644,2026-05-17 09:04:02,51000.0,Completed
PUR005859,C00098,2026-05-17 09:37:01,2800.0,Completed
PUR005860,C00723,2026-05-17 10:04:33,145500.0,Completed
PUR005861,C00471,2026-05-17 10:33:58,18500.0,Completed
PUR005862,C00569,2026-05-17 12:56:32,2800.0,Completed
PUR005863,C00620,2026-05-17 16:35:59,37000.0,Completed
PUR005864,C00288,2026-05-17 17:41:25,9000.0,Completed
PUR005865,C00186,2026-05-17 21:42:18,109500.0,Completed
PUR005866,C00600,2026-05-17 22:45:20,18500.0,Completed
PUR005867,C00428,2026-05-17 23:38:02,96000.0,Completed
PUR005868,C00019,2026-05-18 00:11:18,13000.0,Completed
PUR005869,C00271,2026-05-18 01:12:35,9000.0,Completed
PUR005870,C00683,2026-05-18 01:48:01,9000.0,Completed
PUR005871,C00715,2026-05-18 01:54:54,14500.0,Completed
PUR005872,C00440,2026-05-18 02:18:44,96000.0,Completed
PUR005873,C00019,2026-05-18 04:39:57,18500.0,Completed
PUR005874,C00278,2026-05-18 04:44:43,39750.0,Completed
PUR005875,C00167,2026-05-18 05:08:59,3300.0,Completed
PUR005876,C00721,2026-05-18 06:43:54,75200.0,Completed
PUR005877,C00554,2026-05-18 08:54:07,5600.0,Completed
PUR005878,C00312,2026-05-18 11:20:39,69000.0,Completed
PUR005879,C00044,2026-05-18 11:46:02,3800.0,Completed
PUR005880,C00199,2026-05-18 12:27:02,25250.0,Completed
PUR005881,C00738,2026-05-18 12:46:57,17700.0,Completed
PUR005882,C00460,2026-05-18 13:31:30,31400.0,Completed
PUR005883,C00265,2026-05-18 14:44:30,14500.0,Completed
PUR005884,C00684,2026-05-18 16:02:05,1200.0,Completed
PUR005885,C00128,2026-05-18 16:47:22,122000.0,Completed
PUR005886,C00549,2026-05-18 17:19:17,21000.0,Completed
PUR005887,C00427,2026-05-18 19:42:22,14500.0,Completed
PUR005888,C00058,2026-05-18 20:19:47,52500.0,Completed
PUR005889,C00576,2026-05-18 21:07:54,21300.0,Completed
PUR005890,C00102,2026-05-18 21:19:22,55500.0,Completed
PUR005891,C00738,2026-05-18 22:04:01,1900.0,Completed
PUR005892,C00331,2026-05-18 22:28:45,299000.0,Completed
PUR005893,C00594,2026-05-19 00:13:25,27000.0,Completed
PUR005894,C00207,2026-05-19 00:21:52,11850.0,Completed
PUR005895,C00711,2026-05-19 00:51:24,13900.0,Completed
PUR005896,C00482,2026-05-19 01:28:26,47500.0,Completed
PUR005897,C00012,2026-05-19 01:42:02,29550.0,Completed
PUR005898,C00650,2026-05-19 03:01:13,19500.0,Completed
PUR005899,C00468,2026-05-19 03:08:40,29000.0,Completed
PUR005900,C00557,2026-05-19 04:40:49,1950.0,Completed
PUR005901,C00458,2026-05-19 07:00:22,37000.0,Completed
PUR005902,C00224,2026-05-19 07:01:03,144500.0,Completed
PUR005903,C00444,2026-05-19 07:43:12,9299.0,Completed
PUR005904,C00588,2026-05-19 09:09:25,9000.0,Completed
PUR005905,C00651,2026-05-19 10:19:49,48450.0,Completed
PUR005906,C00680,2026-05-19 13:01:48,29000.0,Completed
PUR005907,C00126,2026-05-19 13:05:06,2800.0,Completed
PUR005908,C00456,2026-05-19 13:11:07,16800.0,Completed
PUR005909,C00298,2026-05-19 13:20:48,1100.0,Completed
PUR005910,C00231,2026-05-19 14:27:16,6500.0,Completed
PUR005911,C00698,2026-05-19 15:09:44,37000.0,Completed
PUR005912,C00299,2026-05-19 16:27:26,7396.0,Completed
PUR005913,C00386,2026-05-19 17:24:09,167000.0,Completed
PUR005914,C00374,2026-05-19 18:10:50,12900.0,Completed
PUR005915,C00089,2026-05-19 19:50:01,32000.0,Completed
PUR005916,C00737,2026-05-19 20:20:14,101000.0,Completed
PUR005917,C00247,2026-05-19 20:28:53,11000.0,Completed
PUR005918,C00747,2026-05-19 21:24:07,4250.0,Completed
PUR005919,C00534,2026-05-19 22:13:24,8400.0,Completed
PUR005920,C00330,2026-05-19 22:24:01,37000.0,Completed
PUR005921,C00524,2026-05-20 00:05:48,64000.0,Completed
PUR005922,C00646,2026-05-20 00:29:54,53000.0,Completed
PUR005923,C00138,2026-05-20 01:59:44,117000.0,Completed
PUR005924,C00273,2026-05-20 03:12:18,130000.0,Completed
PUR005925,C00035,2026-05-20 05:17:47,4200.0,Completed
PUR005926,C00151,2026-05-20 05:18:03,44500.0,Completed
PUR005927,C00677,2026-05-20 06:17:58,21500.0,Completed
PUR005928,C00398,2026-05-20 06:38:28,14300.0,Completed
PUR005929,C00102,2026-05-20 06:50:58,16800.0,Completed
PUR005930,C00407,2026-05-20 08:16:44,9150.0,Completed
PUR005931,C00114,2026-05-20 10:14:25,3600.0,Completed
PUR005932,C00244,2026-05-20 10:45:10,18450.0,Completed
PUR005933,C00676,2026-05-20 10:49:06,25800.0,Completed
PUR005934,C00225,2026-05-20 11:04:26,4950.0,Completed
PUR005935,C00542,2026-05-20 11:47:46,32000.0,Completed
PUR005936,C00015,2026-05-20 12:46:55,15000.0,Completed
PUR005937,C00167,2026-05-20 12:57:45,21000.0,Completed
PUR005938,C00412,2026-05-20 14:01:56,4800.0,Completed
PUR005939,C00570,2026-05-20 14:28:12,3400.0,Completed
PUR005940,C00270,2026-05-20 15:19:28,11750.0,Completed
PUR005941,C00253,2026-05-20 16:28:37,22700.0,Completed
PUR005942,C00098,2026-05-20 16:53:08,13500.0,Completed
PUR005943,C00734,2026-05-20 16:56:28,15600.0,Completed
PUR005944,C00354,2026-05-20 17:01:39,3850.0,Completed
PUR005945,C00731,2026-05-20 18:00:10,8400.0,Completed
PUR005946,C00306,2026-05-20 18:57:34,4400.0,Completed
PUR005947,C00244,2026-05-20 18:59:59,8650.0,Completed
PUR005948,C00486,2026-05-20 19:53:42,1700.0,Completed
PUR005949,C00702,2026-05-20 21:03:53,32000.0,Completed
PUR005950,C00716,2026-05-20 21:23:14,3100.0,Completed
PUR005951,C00344,2026-05-20 22:07:43,8400.0,Completed
PUR005952,C00042,2026-05-20 22:43:10,2400.0,Completed
PUR005953,C00431,2026-05-20 23:41:02,8400.0,Completed
PUR005954,C00441,2026-05-21 01:51:03,9000.0,Completed
PUR005955,C00200,2026-05-21 02:27:20,285500.0,Completed
PUR005956,C00015,2026-05-21 03:01:06,47500.0,Completed
PUR005957,C00092,2026-05-21 03:48:31,1700.0,Completed
PUR005958,C00481,2026-05-21 05:20:56,29400.0,Completed
PUR005959,C00712,2026-05-21 08:50:42,12500.0,Completed
PUR005960,C00331,2026-05-21 09:22:13,170000.0,Completed
PUR005961,C00102,2026-05-21 11:16:02,17100.0,Completed
PUR005962,C00439,2026-05-21 11:32:11,8100.0,Completed
PUR005963,C00601,2026-05-21 12:28:35,4950.0,Completed
PUR005964,C00399,2026-05-21 13:27:06,9000.0,Completed
PUR005965,C00267,2026-05-21 15:38:02,20100.0,Completed
PUR005966,C00282,2026-05-21 15:52:27,16800.0,Completed
PUR005967,C00725,2026-05-21 17:51:29,19250.0,Completed
PUR005968,C00606,2026-05-21 20:02:55,20750.0,Completed
PUR005969,C00543,2026-05-21 21:20:36,4500.0,Completed
PUR005970,C00591,2026-05-21 22:03:42,124600.0,Completed
PUR005971,C00532,2026-05-21 22:06:37,96000.0,Completed
PUR005972,C00208,2026-05-21 22:39:24,122000.0,Completed
PUR005973,C00007,2026-05-21 23:51:34,9250.0,Completed
PUR005974,C00416,2026-05-22 00:05:12,3750.0,Completed
PUR005975,C00030,2026-05-22 01:03:49,2400.0,Completed
PUR005976,C00499,2026-05-22 01:21:50,16800.0,Completed
PUR005977,C00584,2026-05-22 02:36:59,61100.0,Completed
PUR005978,C00503,2026-05-22 03:25:42,13900.0,Completed
PUR005979,C00560,2026-05-22 03:28:26,29000.0,Completed
PUR005980,C00285,2026-05-22 05:23:32,17400.0,Completed
PUR005981,C00231,2026-05-22 05:27:13,9000.0,Completed
PUR005982,C00272,2026-05-22 05:51:55,34500.0,Completed
PUR005983,C00434,2026-05-22 06:09:36,25050.0,Completed
PUR005984,C00142,2026-05-22 07:17:59,188500.0,Completed
PUR005985,C00339,2026-05-22 09:19:30,25000.0,Completed
PUR005986,C00331,2026-05-22 09:45:37,29000.0,Completed
PUR005987,C00306,2026-05-22 12:34:10,18500.0,Completed
PUR005988,C00442,2026-05-22 15:05:40,12900.0,Completed
PUR005989,C00073,2026-05-22 15:09:31,25000.0,Completed
PUR005990,C00661,2026-05-22 15:15:21,37500.0,Completed
PUR005991,C00161,2026-05-22 16:07:05,2550.0,Completed
PUR005992,C00399,2026-05-22 16:51:36,96000.0,Completed
PUR005993,C00030,2026-05-22 17:55:09,35950.0,Completed
PUR005994,C00102,2026-05-22 18:21:49,12600.0,Completed
PUR005995,C00431,2026-05-22 20:32:23,12500.0,Completed
PUR005996,C00296,2026-05-22 21:05:02,32000.0,Completed
PUR005997,C00179,2026-05-22 21:41:04,1800.0,Completed
PUR005998,C00641,2026-05-22 22:32:25,16800.0,Completed
PUR005999,C00562,2026-05-23 01:07:10,9950.0,Completed
PUR006000,C00719,2026-05-23 03:32:18,3600.0,Completed
PUR006001,C00126,2026-05-23 04:11:34,26700.0,Completed
PUR006002,C00146,2026-05-23 04:12:06,11000.0,Completed
PUR006003,C00362,2026-05-23 04:40:33,85000.0,Completed
PUR006004,C00484,2026-05-23 05:26:37,9500.0,Completed
PUR006005,C00312,2026-05-23 05:50:12,132500.0,Completed
PUR006006,C00306,2026-05-23 06:25:16,9000.0,Completed
PUR006007,C00013,2026-05-23 07:07:20,14097.0,Completed
PUR006008,C00261,2026-05-23 08:02:17,47000.0,Completed
PUR006009,C00122,2026-05-23 09:42:42,45900.0,Completed
PUR006010,C00227,2026-05-23 10:56:52,3300.0,Completed
PUR006011,C00102,2026-05-23 11:39:12,10200.0,Completed
PUR006012,C00333,2026-05-23 11:44:28,32000.0,Completed
PUR006013,C00048,2026-05-23 13:08:04,18050.0,Completed
PUR006014,C00680,2026-05-23 14:20:49,78500.0,Completed
PUR006015,C00511,2026-05-23 14:29:55,9000.0,Completed
PUR006016,C00248,2026-05-23 16:30:15,10100.0,Completed
PUR006017,C00019,2026-05-23 16:39:36,8400.0,Completed
PUR006018,C00658,2026-05-23 17:24:33,2500.0,Completed
PUR006019,C00439,2026-05-23 19:56:23,4500.0,Completed
PUR006020,C00397,2026-05-23 21:30:31,11000.0,Completed
PUR006021,C00633,2026-05-23 21:48:25,32000.0,Completed
PUR006022,C00388,2026-05-23 21:53:48,15600.0,Completed
PUR006023,C00188,2026-05-23 23:28:44,18500.0,Completed
PUR006024,C00276,2026-05-24 00:28:46,74900.0,Completed
PUR006025,C00069,2026-05-24 01:04:16,8400.0,Completed
PUR006026,C00555,2026-05-24 01:28:57,46500.0,Completed
PUR006027,C00643,2026-05-24 05:42:44,16350.0,Completed
PUR006028,C00366,2026-05-24 06:23:56,3600.0,Completed
PUR006029,C00209,2026-05-24 07:13:14,10900.0,Completed
PUR006030,C00418,2026-05-24 08:12:00,1250.0,Completed
PUR006031,C00393,2026-05-24 08:49:37,78500.0,Completed
PUR006032,C00270,2026-05-24 09:23:19,95500.0,Completed
PUR006033,C00151,2026-05-24 09:44:31,6000.0,Completed
PUR006034,C00688,2026-05-24 10:12:08,9000.0,Completed
PUR006035,C00497,2026-05-24 10:13:50,55000.0,Completed
PUR006036,C00208,2026-05-24 10:17:18,18100.0,Completed
PUR006037,C00310,2026-05-24 11:32:24,50500.0,Completed
PUR006038,C00320,2026-05-24 12:01:44,21000.0,Completed
PUR006039,C00249,2026-05-24 12:18:45,18000.0,Completed
PUR006040,C00627,2026-05-24 14:00:50,5000.0,Completed
PUR006041,C00065,2026-05-24 16:23:07,8400.0,Completed
PUR006042,C00574,2026-05-24 20:42:40,108150.0,Completed
PUR006043,C00052,2026-05-25 03:16:10,55200.0,Completed
PUR006044,C00637,2026-05-25 03:39:14,4200.0,Completed
PUR006045,C00117,2026-05-25 04:57:09,13500.0,Completed
PUR006046,C00435,2026-05-25 04:57:11,26400.0,Completed
PUR006047,C00094,2026-05-25 05:03:27,15050.0,Completed
PUR006048,C00703,2026-05-25 05:31:37,146000.0,Completed
PUR006049,C00737,2026-05-25 05:44:24,170000.0,Completed
PUR006050,C00188,2026-05-25 06:28:09,129000.0,Completed
PUR006051,C00168,2026-05-25 06:35:36,37900.0,Completed
PUR006052,C00081,2026-05-25 09:54:33,14499.0,Completed
PUR006053,C00216,2026-05-25 12:01:37,37500.0,Completed
PUR006054,C00191,2026-05-25 13:18:34,41100.0,Completed
PUR006055,C00748,2026-05-25 13:46:57,4500.0,Completed
PUR006056,C00438,2026-05-25 14:21:31,79500.0,Completed
PUR006057,C00466,2026-05-25 14:34:55,7450.0,Completed
PUR006058,C00416,2026-05-25 16:29:13,8700.0,Completed
PUR006059,C00411,2026-05-25 17:08:10,19750.0,Completed
PUR006060,C00713,2026-05-25 18:56:02,96000.0,Completed
PUR006061,C00499,2026-05-25 22:49:27,1200.0,Completed
PUR006062,C00677,2026-05-25 23:11:55,27000.0,Completed
PUR006063,C00677,2026-05-26 00:12:31,21000.0,Completed
PUR006064,C00195,2026-05-26 04:06:15,998.0,Completed
PUR006065,C00094,2026-05-26 04:18:55,29800.0,Completed
PUR006066,C00539,2026-05-26 05:52:32,31250.0,Completed
PUR006067,C00721,2026-05-26 05:55:03,9000.0,Completed
PUR006068,C00165,2026-05-26 07:02:40,850.0,Completed
PUR006069,C00407,2026-05-26 10:36:57,5700.0,Completed
PUR006070,C00659,2026-05-26 12:32:06,18500.0,Completed
PUR006071,C00600,2026-05-26 12:32:09,3750.0,Completed
PUR006072,C00464,2026-05-26 12:40:34,7750.0,Completed
PUR006073,C00721,2026-05-26 12:48:28,21750.0,Completed
PUR006074,C00057,2026-05-26 12:48:37,8400.0,Completed
PUR006075,C00531,2026-05-26 15:50:31,550.0,Completed
PUR006076,C00702,2026-05-26 15:55:36,1100.0,Completed
PUR006077,C00317,2026-05-26 17:56:18,188500.0,Completed
PUR006078,C00628,2026-05-26 18:52:13,3250.0,Completed
PUR006079,C00584,2026-05-26 19:29:46,114000.0,Completed
PUR006080,C00259,2026-05-26 23:07:31,37500.0,Completed
PUR006081,C00737,2026-05-26 23:24:12,1497.0,Completed
PUR006082,C00661,2026-05-27 02:18:36,37000.0,Completed
PUR006083,C00041,2026-05-27 02:42:04,8400.0,Completed
PUR006084,C00323,2026-05-27 04:51:56,55500.0,Completed
PUR006085,C00400,2026-05-27 05:15:15,450.0,Completed
PUR006086,C00501,2026-05-27 05:47:12,21300.0,Completed
PUR006087,C00111,2026-05-27 06:25:10,4500.0,Completed
PUR006088,C00439,2026-05-27 06:28:21,36750.0,Completed
PUR006089,C00588,2026-05-27 06:45:02,10998.0,Completed
PUR006090,C00013,2026-05-27 08:02:46,5600.0,Completed
PUR006091,C00269,2026-05-27 08:40:38,95000.0,Completed
PUR006092,C00166,2026-05-27 09:04:08,13997.0,Completed
PUR006093,C00345,2026-05-27 09:07:55,122500.0,Completed
PUR006094,C00222,2026-05-27 09:24:42,7600.0,Completed
PUR006095,C00187,2026-05-27 10:57:44,2400.0,Completed
PUR006096,C00653,2026-05-27 11:46:25,8400.0,Completed
PUR006097,C00410,2026-05-27 12:00:48,13148.0,Completed
PUR006098,C00194,2026-05-27 13:11:20,4800.0,Completed
PUR006099,C00086,2026-05-27 13:14:01,18850.0,Completed
PUR006100,C00105,2026-05-27 14:01:35,17600.0,Completed
PUR006101,C00336,2026-05-27 14:09:22,14500.0,Completed
PUR006102,C00265,2026-05-27 14:15:08,58900.0,Completed
PUR006103,C00597,2026-05-27 14:23:26,65000.0,Completed
PUR006104,C00735,2026-05-27 14:24:45,1200.0,Completed
PUR006105,C00465,2026-05-27 16:01:28,8700.0,Completed
PUR006106,C00283,2026-05-27 16:24:22,3750.0,Completed
PUR006107,C00288,2026-05-27 16:27:21,3600.0,Completed
PUR006108,C00667,2026-05-27 16:56:22,16700.0,Completed
PUR006109,C00099,2026-05-27 16:59:04,30500.0,Completed
PUR006110,C00035,2026-05-27 18:16:32,14700.0,Completed
PUR006111,C00711,2026-05-27 19:42:55,25000.0,Completed
PUR006112,C00099,2026-05-27 20:57:51,31800.0,Completed
PUR006113,C00317,2026-05-27 21:29:44,7800.0,Completed
PUR006114,C00366,2026-05-27 22:01:18,45900.0,Completed
PUR006115,C00477,2026-05-27 22:52:30,5150.0,Completed
PUR006116,C00586,2026-05-28 01:01:47,2500.0,Completed
PUR006117,C00695,2026-05-28 04:16:59,64700.0,Completed
PUR006118,C00261,2026-05-28 04:42:32,2800.0,Completed
PUR006119,C00514,2026-05-28 04:43:45,41500.0,Completed
PUR006120,C00255,2026-05-28 04:44:32,82500.0,Completed
PUR006121,C00414,2026-05-28 10:11:15,2600.0,Completed
PUR006122,C00502,2026-05-28 10:40:19,110000.0,Completed
PUR006123,C00723,2026-05-28 10:45:29,12900.0,Completed
PUR006124,C00242,2026-05-28 13:14:14,8400.0,Completed
PUR006125,C00749,2026-05-28 13:36:52,17300.0,Completed
PUR006126,C00351,2026-05-28 13:41:38,25800.0,Completed
PUR006127,C00621,2026-05-28 14:53:14,14500.0,Completed
PUR006128,C00531,2026-05-28 16:20:23,16850.0,Completed
PUR006129,C00495,2026-05-28 16:30:17,27500.0,Completed
PUR006130,C00707,2026-05-28 16:40:37,18500.0,Completed
PUR006131,C00450,2026-05-28 17:38:29,5297.0,Completed
PUR006132,C00640,2026-05-28 18:24:54,3400.0,Completed
PUR006133,C00641,2026-05-28 18:38:48,12900.0,Completed
PUR006134,C00671,2026-05-28 19:55:30,8900.0,Completed
PUR006135,C00028,2026-05-28 20:18:16,32000.0,Completed
PUR006136,C00142,2026-05-28 20:59:12,329000.0,Completed
PUR006137,C00340,2026-05-28 21:00:15,14350.0,Completed
PUR006138,C00092,2026-05-28 22:13:39,9500.0,Completed
PUR006139,C00734,2026-05-29 00:09:05,10900.0,Completed
PUR006140,C00102,2026-05-29 01:45:38,1950.0,Completed
PUR006141,C00412,2026-05-29 02:14:34,7950.0,Completed
PUR006142,C00366,2026-05-29 02:44:15,5000.0,Completed
PUR006143,C00131,2026-05-29 02:44:21,4500.0,Completed
PUR006144,C00334,2026-05-29 03:41:28,37900.0,Completed
PUR006145,C00119,2026-05-29 06:41:10,7697.0,Completed
PUR006146,C00046,2026-05-29 08:40:47,12900.0,Completed
PUR006147,C00632,2026-05-29 09:59:48,2200.0,Completed
PUR006148,C00657,2026-05-29 10:17:50,55100.0,Completed
PUR006149,C00581,2026-05-29 11:19:14,6250.0,Completed
PUR006150,C00147,2026-05-29 14:34:13,46900.0,Completed
PUR006151,C00649,2026-05-29 15:44:16,9799.0,Completed
PUR006152,C00022,2026-05-29 16:34:35,28500.0,Completed
PUR006153,C00129,2026-05-29 16:49:11,33600.0,Completed
PUR006154,C00436,2026-05-29 17:04:38,6200.0,Completed
PUR006155,C00102,2026-05-29 17:21:29,14050.0,Completed
PUR006156,C00059,2026-05-29 18:27:10,11200.0,Completed
PUR006157,C00734,2026-05-29 18:47:40,40000.0,Completed
PUR006158,C00330,2026-05-29 20:06:08,170000.0,Completed
PUR006159,C00327,2026-05-29 20:34:34,6000.0,Completed
PUR006160,C00321,2026-05-29 21:48:29,25800.0,Completed
PUR006161,C00475,2026-05-29 23:12:18,21250.0,Completed
PUR006162,C00346,2026-05-30 00:28:36,29000.0,Completed
PUR006163,C00559,2026-05-30 01:15:33,30350.0,Completed
PUR006164,C00661,2026-05-30 01:57:12,22696.0,Completed
PUR006165,C00482,2026-05-30 02:05:45,85000.0,Completed
PUR006166,C00633,2026-05-30 03:26:02,207000.0,Completed
PUR006167,C00366,2026-05-30 03:30:47,7797.0,Completed
PUR006168,C00540,2026-05-30 03:41:53,4400.0,Completed
PUR006169,C00685,2026-05-30 03:47:06,13500.0,Completed
PUR006170,C00125,2026-05-30 04:03:45,85000.0,Completed
PUR006171,C00135,2026-05-30 05:14:35,61000.0,Completed
PUR006172,C00632,2026-05-30 06:23:12,64000.0,Completed
PUR006173,C00619,2026-05-30 07:25:58,18000.0,Completed
PUR006174,C00148,2026-05-30 08:43:58,998.0,Completed
PUR006175,C00054,2026-05-30 08:46:32,25000.0,Completed
PUR006176,C00185,2026-05-30 09:05:05,12800.0,Completed
PUR006177,C00102,2026-05-30 09:56:00,5100.0,Completed
PUR006178,C00730,2026-05-30 11:21:51,106000.0,Completed
PUR006179,C00306,2026-05-30 12:47:42,6300.0,Completed
PUR006180,C00436,2026-05-30 13:20:12,8400.0,Completed
PUR006181,C00100,2026-05-30 13:57:24,9000.0,Completed
PUR006182,C00675,2026-05-30 15:14:10,13500.0,Completed
PUR006183,C00040,2026-05-30 15:17:30,37000.0,Completed
PUR006184,C00183,2026-05-30 16:24:54,18500.0,Completed
PUR006185,C00137,2026-05-30 17:31:12,19500.0,Completed
PUR006186,C00111,2026-05-30 17:49:17,5550.0,Completed
PUR006187,C00493,2026-05-30 18:51:03,82000.0,Completed
PUR006188,C00103,2026-05-30 20:50:43,16800.0,Completed
PUR006189,C00026,2026-05-30 23:16:52,43500.0,Completed
PUR006190,C00364,2026-05-30 23:58:43,14097.0,Completed
PUR006191,C00412,2026-05-31 03:02:06,38600.0,Completed
PUR006192,C00554,2026-05-31 03:09:24,5600.0,Completed
PUR006193,C00302,2026-05-31 04:39:06,37000.0,Completed
PUR006194,C00363,2026-05-31 07:11:25,2400.0,Completed
PUR006195,C00113,2026-05-31 07:20:01,18500.0,Completed
PUR006196,C00685,2026-05-31 09:33:43,2495.0,Completed
PUR006197,C00046,2026-05-31 12:33:35,51500.0,Completed
PUR006198,C00698,2026-05-31 12:41:47,85000.0,Completed
PUR006199,C00188,2026-05-31 12:42:27,167000.0,Completed
PUR006200,C00111,2026-05-31 13:48:55,29200.0,Completed
PUR006201,C00379,2026-05-31 15:07:39,5700.0,Completed
PUR006202,C00045,2026-05-31 15:31:50,7350.0,Completed
PUR006203,C00368,2026-05-31 18:30:32,45250.0,Completed
PUR006204,C00551,2026-05-31 19:46:40,33000.0,Completed
PUR006205,C00046,2026-05-31 20:02:51,51000.0,Completed
PUR006206,C00684,2026-05-31 20:25:57,5000.0,Completed
PUR006207,C00347,2026-05-31 20:33:11,110500.0,Completed
PUR006208,C00280,2026-05-31 21:22:30,13200.0,Completed
PUR006209,C00293,2026-06-01 00:20:17,51550.0,Completed
PUR006210,C00639,2026-06-01 00:38:32,159000.0,Completed
PUR006211,C00177,2026-06-01 00:39:47,82500.0,Completed
PUR006212,C00410,2026-06-01 01:14:36,130000.0,Completed
PUR006213,C00588,2026-06-01 04:32:01,11200.0,Completed
PUR006214,C00631,2026-06-01 04:38:17,4500.0,Completed
PUR006215,C00639,2026-06-01 05:03:27,190000.0,Completed
PUR006216,C00050,2026-06-01 05:49:07,318500.0,Completed
PUR006217,C00167,2026-06-01 07:51:08,1749.0,Completed
PUR006218,C00467,2026-06-01 08:01:00,37500.0,Completed
PUR006219,C00278,2026-06-01 09:14:41,6749.0,Completed
PUR006220,C00565,2026-06-01 12:50:43,8400.0,Completed
PUR006221,C00080,2026-06-01 13:47:49,9250.0,Completed
PUR006222,C00155,2026-06-01 14:13:44,73000.0,Completed
PUR006223,C00070,2026-06-01 15:22:54,136500.0,Completed
PUR006224,C00278,2026-06-01 16:08:17,3900.0,Completed
PUR006225,C00107,2026-06-01 17:58:07,33700.0,Completed
PUR006226,C00588,2026-06-01 21:15:40,12500.0,Completed
PUR006227,C00154,2026-06-01 22:55:57,11500.0,Completed
PUR006228,C00493,2026-06-01 23:24:14,1100.0,Completed
PUR006229,C00169,2026-06-02 00:40:02,1800.0,Completed
PUR006230,C00041,2026-06-02 01:01:57,170000.0,Completed
PUR006231,C00411,2026-06-02 02:12:20,28000.0,Completed
PUR006232,C00115,2026-06-02 06:35:04,25000.0,Completed
PUR006233,C00238,2026-06-02 10:51:04,13100.0,Completed
PUR006234,C00159,2026-06-02 10:55:56,11450.0,Completed
PUR006235,C00593,2026-06-02 14:24:51,6800.0,Completed
PUR006236,C00597,2026-06-02 14:45:34,61700.0,Completed
PUR006237,C00282,2026-06-02 20:55:11,31500.0,Completed
PUR006238,C00365,2026-06-02 21:15:16,65000.0,Completed
PUR006239,C00285,2026-06-02 21:52:15,33500.0,Completed
PUR006240,C00569,2026-06-02 22:32:55,7600.0,Completed
PUR006241,C00627,2026-06-03 07:14:15,22150.0,Completed
PUR006242,C00557,2026-06-03 07:31:18,13500.0,Completed
PUR006243,C00729,2026-06-03 09:17:37,27300.0,Completed
PUR006244,C00400,2026-06-03 11:33:24,8598.0,Completed
PUR006245,C00673,2026-06-03 12:16:32,29000.0,Completed
PUR006246,C00682,2026-06-03 14:12:00,499.0,Completed
PUR006247,C00536,2026-06-03 15:28:40,23200.0,Completed
PUR006248,C00584,2026-06-03 15:39:51,102000.0,Completed
PUR006249,C00619,2026-06-03 15:45:26,1497.0,Completed
PUR006250,C00412,2026-06-03 19:26:03,998.0,Completed
PUR006251,C00689,2026-06-03 20:48:04,29000.0,Completed
PUR006252,C00676,2026-06-03 21:14:28,6600.0,Completed
PUR006253,C00422,2026-06-03 21:21:49,9800.0,Completed
PUR006254,C00370,2026-06-03 21:39:17,4200.0,Completed
PUR006255,C00040,2026-06-03 23:36:41,64000.0,Completed
PUR006256,C00482,2026-06-03 23:40:08,65000.0,Completed
PUR006257,C00472,2026-06-04 00:04:30,5600.0,Completed
PUR006258,C00652,2026-06-04 01:27:29,450.0,Completed
PUR006259,C00195,2026-06-04 01:38:09,4500.0,Completed
PUR006260,C00089,2026-06-04 02:36:28,65000.0,Completed
PUR006261,C00306,2026-06-04 03:50:24,1149.0,Completed
PUR006262,C00229,2026-06-04 04:33:09,25950.0,Completed
PUR006263,C00221,2026-06-04 04:52:13,31600.0,Completed
PUR006264,C00314,2026-06-04 05:27:03,51500.0,Completed
PUR006265,C00686,2026-06-04 07:06:07,170000.0,Completed
PUR006266,C00002,2026-06-04 08:06:09,8745.0,Completed
PUR006267,C00068,2026-06-04 08:41:32,98000.0,Completed
PUR006268,C00068,2026-06-04 10:53:00,29000.0,Completed
PUR006269,C00554,2026-06-04 12:22:16,170000.0,Completed
PUR006270,C00685,2026-06-04 14:51:01,6950.0,Completed
PUR006271,C00517,2026-06-04 15:05:52,42200.0,Completed
PUR006272,C00202,2026-06-04 15:48:30,30400.0,Completed
PUR006273,C00105,2026-06-04 16:22:42,12500.0,Completed
PUR006274,C00483,2026-06-04 19:56:20,6900.0,Completed
PUR006275,C00171,2026-06-04 21:02:51,36700.0,Completed
PUR006276,C00393,2026-06-04 21:31:09,85000.0,Completed
PUR006277,C00324,2026-06-04 23:33:58,16800.0,Completed
PUR006278,C00027,2026-06-05 00:10:59,3800.0,Completed
PUR006279,C00495,2026-06-05 01:54:16,12500.0,Completed
PUR006280,C00395,2026-06-05 02:02:05,46000.0,Completed
PUR006281,C00081,2026-06-05 02:25:09,11000.0,Completed
PUR006282,C00099,2026-06-05 03:59:07,11000.0,Completed
PUR006283,C00199,2026-06-05 04:49:31,9150.0,Completed
PUR006284,C00006,2026-06-05 07:23:37,19350.0,Completed
PUR006285,C00681,2026-06-05 09:33:50,4200.0,Completed
PUR006286,C00435,2026-06-05 11:29:29,1800.0,Completed
PUR006287,C00694,2026-06-05 14:11:04,2400.0,Completed
PUR006288,C00734,2026-06-05 15:01:23,4500.0,Completed
PUR006289,C00462,2026-06-05 16:42:10,4500.0,Completed
PUR006290,C00642,2026-06-05 17:32:08,27500.0,Completed
PUR006291,C00323,2026-06-05 19:00:24,83100.0,Completed
PUR006292,C00418,2026-06-05 19:43:52,66500.0,Completed
PUR006293,C00390,2026-06-05 21:11:26,14500.0,Completed
PUR006294,C00461,2026-06-05 22:04:43,85000.0,Completed
PUR006295,C00606,2026-06-05 23:13:47,168500.0,Completed
PUR006296,C00703,2026-06-06 00:36:09,32000.0,Completed
PUR006297,C00517,2026-06-06 06:04:06,2800.0,Completed
PUR006298,C00576,2026-06-06 06:50:11,66000.0,Completed
PUR006299,C00491,2026-06-06 07:13:51,21300.0,Completed
PUR006300,C00255,2026-06-06 08:38:43,4400.0,Completed
PUR006301,C00251,2026-06-06 08:49:03,49900.0,Completed
PUR006302,C00579,2026-06-06 10:58:24,14500.0,Completed
PUR006303,C00400,2026-06-06 11:31:11,29300.0,Completed
PUR006304,C00600,2026-06-06 15:31:57,1350.0,Completed
PUR006305,C00312,2026-06-06 18:25:27,89000.0,Completed
PUR006306,C00152,2026-06-06 19:24:55,203000.0,Completed
PUR006307,C00705,2026-06-06 23:10:53,13500.0,Completed
PUR006308,C00216,2026-06-07 07:59:19,28200.0,Completed
PUR006309,C00296,2026-06-07 09:14:12,118000.0,Completed
PUR006310,C00069,2026-06-07 10:47:53,32200.0,Completed
PUR006311,C00196,2026-06-07 11:57:26,99750.0,Completed
PUR006312,C00602,2026-06-07 13:05:44,13500.0,Completed
PUR006313,C00744,2026-06-07 13:28:48,24600.0,Completed
PUR006314,C00659,2026-06-07 14:16:21,4950.0,Completed
PUR006315,C00301,2026-06-07 16:19:00,83750.0,Completed
PUR006316,C00242,2026-06-07 23:48:21,19500.0,Completed
PUR006317,C00088,2026-06-08 03:35:44,37000.0,Completed
PUR006318,C00322,2026-06-08 05:12:10,1100.0,Completed
PUR006319,C00072,2026-06-08 05:56:22,12600.0,Completed
PUR006320,C00092,2026-06-08 06:41:43,10950.0,Completed
PUR006321,C00698,2026-06-08 06:56:11,37000.0,Completed
PUR006322,C00718,2026-06-08 07:03:07,25000.0,Completed
PUR006323,C00296,2026-06-08 07:05:50,170000.0,Completed
PUR006324,C00086,2026-06-08 08:12:55,22248.0,Completed
PUR006325,C00058,2026-06-08 10:28:42,2800.0,Completed
PUR006326,C00740,2026-06-08 13:15:32,9500.0,Completed
PUR006327,C00674,2026-06-08 13:22:38,4500.0,Completed
PUR006328,C00018,2026-06-08 15:10:42,136250.0,Completed
PUR006329,C00212,2026-06-08 16:56:57,78000.0,Completed
PUR006330,C00599,2026-06-08 17:18:01,8800.0,Completed
PUR006331,C00047,2026-06-08 19:39:21,17797.0,Completed
PUR006332,C00007,2026-06-08 20:06:25,59500.0,Completed
PUR006333,C00594,2026-06-09 00:33:11,32000.0,Completed
PUR006334,C00307,2026-06-09 01:04:51,33400.0,Completed
PUR006335,C00212,2026-06-09 01:05:12,3800.0,Completed
PUR006336,C00738,2026-06-09 03:25:47,2800.0,Completed
PUR006337,C00301,2026-06-09 03:33:30,3750.0,Completed
PUR006338,C00279,2026-06-09 05:12:39,43200.0,Completed
PUR006339,C00697,2026-06-09 07:34:28,64000.0,Completed
PUR006340,C00351,2026-06-09 07:45:52,30600.0,Completed
PUR006341,C00388,2026-06-09 11:11:08,17050.0,Completed
PUR006342,C00401,2026-06-09 15:06:23,8650.0,Completed
PUR006343,C00126,2026-06-09 15:30:07,5700.0,Completed
PUR006344,C00305,2026-06-09 15:32:26,3750.0,Completed
PUR006345,C00448,2026-06-09 15:50:25,1200.0,Completed
PUR006346,C00492,2026-06-09 16:07:21,16750.0,Completed
PUR006347,C00626,2026-06-09 16:15:51,1800.0,Completed
PUR006348,C00689,2026-06-10 01:06:24,72700.0,Completed
PUR006349,C00400,2026-06-10 01:14:41,26900.0,Completed
PUR006350,C00568,2026-06-10 02:38:10,99750.0,Completed
PUR006351,C00367,2026-06-10 02:41:19,25600.0,Completed
PUR006352,C00411,2026-06-10 07:13:38,41200.0,Completed
PUR006353,C00306,2026-06-10 08:48:49,32000.0,Completed
PUR006354,C00372,2026-06-10 09:54:06,5600.0,Completed
PUR006355,C00350,2026-06-10 10:27:52,148500.0,Completed
PUR006356,C00458,2026-06-10 14:19:05,10800.0,Completed
PUR006357,C00089,2026-06-10 14:30:02,18250.0,Completed
PUR006358,C00081,2026-06-10 15:21:10,499.0,Completed
PUR006359,C00501,2026-06-10 16:28:07,5998.0,Completed
PUR006360,C00604,2026-06-10 16:57:18,1996.0,Completed
PUR006361,C00262,2026-06-10 17:57:53,105500.0,Completed
PUR006362,C00567,2026-06-10 18:19:24,8050.0,Completed
PUR006363,C00080,2026-06-10 20:38:49,12600.0,Completed
PUR006364,C00700,2026-06-11 02:02:01,234000.0,Completed
PUR006365,C00723,2026-06-11 04:28:52,41700.0,Completed
PUR006366,C00232,2026-06-11 07:01:23,25650.0,Completed
PUR006367,C00641,2026-06-11 09:25:57,5600.0,Completed
PUR006368,C00536,2026-06-11 11:26:35,5050.0,Completed
PUR006369,C00095,2026-06-11 11:45:06,1800.0,Completed
PUR006370,C00311,2026-06-11 14:48:03,73000.0,Completed
PUR006371,C00106,2026-06-11 15:21:38,79500.0,Completed
PUR006372,C00286,2026-06-11 15:33:27,4500.0,Completed
PUR006373,C00680,2026-06-11 15:35:02,162000.0,Completed
PUR006374,C00730,2026-06-11 16:39:17,27600.0,Completed
PUR006375,C00240,2026-06-11 17:53:49,96000.0,Completed
PUR006376,C00662,2026-06-11 17:59:04,5600.0,Completed
PUR006377,C00684,2026-06-11 19:09:56,114500.0,Completed
PUR006378,C00206,2026-06-11 19:19:58,11600.0,Completed
PUR006379,C00707,2026-06-11 21:06:06,65000.0,Completed
PUR006380,C00264,2026-06-11 22:16:52,2400.0,Completed
PUR006381,C00734,2026-06-11 22:28:12,7800.0,Completed
PUR006382,C00030,2026-06-11 22:35:49,12500.0,Completed
PUR006383,C00382,2026-06-11 22:52:05,199500.0,Completed
PUR006384,C00432,2026-06-11 22:55:26,199000.0,Completed
PUR006385,C00456,2026-06-11 23:44:41,1100.0,Completed
PUR006386,C00481,2026-06-12 02:03:42,6650.0,Completed
PUR006387,C00677,2026-06-12 02:19:50,18000.0,Completed
PUR006388,C00137,2026-06-12 06:44:32,32000.0,Completed
PUR006389,C00491,2026-06-12 07:01:20,45400.0,Completed
PUR006390,C00409,2026-06-12 08:18:51,3600.0,Completed
PUR006391,C00249,2026-06-12 08:30:12,1250.0,Completed
PUR006392,C00247,2026-06-12 10:46:05,21700.0,Completed
PUR006393,C00292,2026-06-12 12:12:13,2200.0,Completed
PUR006394,C00705,2026-06-12 15:14:00,21600.0,Completed
PUR006395,C00388,2026-06-12 15:30:23,3296.0,Completed
PUR006396,C00244,2026-06-12 16:18:37,2400.0,Completed
PUR006397,C00272,2026-06-12 17:12:33,29000.0,Completed
PUR006398,C00356,2026-06-13 00:50:05,6300.0,Completed
PUR006399,C00168,2026-06-13 02:14:28,85000.0,Completed
PUR006400,C00473,2026-06-13 03:21:50,2750.0,Completed
PUR006401,C00306,2026-06-13 03:58:00,2495.0,Completed
PUR006402,C00072,2026-06-13 05:26:09,4200.0,Completed
PUR006403,C00250,2026-06-13 07:39:14,23800.0,Completed
PUR006404,C00100,2026-06-13 08:50:29,49100.0,Completed
PUR006405,C00610,2026-06-13 10:03:01,25499.0,Completed
PUR006406,C00226,2026-06-13 10:35:16,8400.0,Completed
PUR006407,C00208,2026-06-13 12:30:49,27700.0,Completed
PUR006408,C00456,2026-06-13 12:34:32,4200.0,Completed
PUR006409,C00227,2026-06-13 12:55:37,20450.0,Completed
PUR006410,C00414,2026-06-13 13:35:26,170000.0,Completed
PUR006411,C00703,2026-06-13 16:15:17,18500.0,Completed
PUR006412,C00099,2026-06-13 16:31:06,46300.0,Completed
PUR006413,C00643,2026-06-13 16:35:09,2495.0,Completed
PUR006414,C00519,2026-06-13 17:12:31,11700.0,Completed
PUR006415,C00098,2026-06-13 20:58:00,36150.0,Completed
PUR006416,C00251,2026-06-13 21:35:25,331000.0,Completed
PUR006417,C00675,2026-06-13 22:03:21,117300.0,Completed
PUR006418,C00735,2026-06-13 22:10:12,1950.0,Completed
PUR006419,C00583,2026-06-13 22:32:29,27000.0,Completed
PUR006420,C00400,2026-06-13 23:24:34,18900.0,Completed
PUR006421,C00350,2026-06-14 00:00:10,19250.0,Completed
PUR006422,C00306,2026-06-14 00:30:37,37000.0,Completed
PUR006423,C00747,2026-06-14 00:54:49,5850.0,Completed
PUR006424,C00179,2026-06-14 01:04:48,14000.0,Completed
PUR006425,C00283,2026-06-14 01:39:34,4250.0,Completed
PUR006426,C00669,2026-06-14 02:36:00,43250.0,Completed
PUR006427,C00375,2026-06-14 02:56:24,25650.0,Completed
PUR006428,C00614,2026-06-14 05:05:07,32000.0,Completed
PUR006429,C00032,2026-06-14 05:18:04,68200.0,Completed
PUR006430,C00325,2026-06-14 05:23:01,7900.0,Completed
PUR006431,C00108,2026-06-14 06:09:02,20800.0,Completed
PUR006432,C00274,2026-06-14 06:25:00,51500.0,Completed
PUR006433,C00453,2026-06-14 07:31:40,84900.0,Completed
PUR006434,C00259,2026-06-14 08:15:14,17000.0,Completed
PUR006435,C00251,2026-06-14 08:40:49,64000.0,Completed
PUR006436,C00032,2026-06-14 10:14:52,23250.0,Completed
PUR006437,C00045,2026-06-14 10:46:46,46000.0,Completed
PUR006438,C00448,2026-06-14 11:58:02,15600.0,Completed
PUR006439,C00354,2026-06-14 13:16:26,42000.0,Completed
PUR006440,C00611,2026-06-14 14:27:54,26400.0,Completed
PUR006441,C00148,2026-06-14 15:49:02,3750.0,Completed
PUR006442,C00224,2026-06-14 16:56:44,900.0,Completed
PUR006443,C00173,2026-06-14 19:47:00,11550.0,Completed
PUR006444,C00091,2026-06-14 22:08:08,14700.0,Completed
PUR006445,C00341,2026-06-14 22:45:38,47500.0,Completed
PUR006446,C00727,2026-06-14 23:20:24,5750.0,Completed
PUR006447,C00225,2026-06-15 00:10:19,17200.0,Completed
PUR006448,C00253,2026-06-15 02:54:27,11000.0,Completed
PUR006449,C00532,2026-06-15 03:20:51,73500.0,Completed
PUR006450,C00682,2026-06-15 03:50:46,16800.0,Completed
PUR006451,C00080,2026-06-15 04:03:30,2200.0,Completed
PUR006452,C00628,2026-06-15 07:12:02,99500.0,Completed
PUR006453,C00741,2026-06-15 07:20:44,22250.0,Completed
PUR006454,C00645,2026-06-15 08:33:27,117000.0,Completed
PUR006455,C00126,2026-06-15 08:51:09,8900.0,Completed
PUR006456,C00331,2026-06-15 10:37:42,161000.0,Completed
PUR006457,C00462,2026-06-15 11:35:46,1900.0,Completed
PUR006458,C00471,2026-06-15 12:15:28,170000.0,Completed
PUR006459,C00436,2026-06-15 14:15:37,16250.0,Completed
PUR006460,C00069,2026-06-15 14:21:55,38600.0,Completed
PUR006461,C00139,2026-06-15 14:28:03,7600.0,Completed
PUR006462,C00650,2026-06-15 17:58:19,18550.0,Completed
PUR006463,C00242,2026-06-15 20:04:33,10400.0,Completed
PUR006464,C00286,2026-06-15 21:56:45,3600.0,Completed
PUR006465,C00373,2026-06-16 00:53:17,5100.0,Completed
PUR006466,C00370,2026-06-16 01:51:57,9300.0,Completed
PUR006467,C00311,2026-06-16 02:11:46,28350.0,Completed
PUR006468,C00102,2026-06-16 02:39:21,4500.0,Completed
PUR006469,C00205,2026-06-16 03:38:16,16800.0,Completed
PUR006470,C00109,2026-06-16 03:58:29,196000.0,Completed
PUR006471,C00390,2026-06-16 05:13:14,65000.0,Completed
PUR006472,C00557,2026-06-16 06:52:25,76750.0,Completed
PUR006473,C00517,2026-06-16 11:39:42,5750.0,Completed
PUR006474,C00413,2026-06-16 14:19:15,1250.0,Completed
PUR006475,C00341,2026-06-16 17:27:38,80100.0,Completed
PUR006476,C00559,2026-06-16 18:04:13,42500.0,Completed
PUR006477,C00340,2026-06-16 18:46:29,37500.0,Completed
PUR006478,C00399,2026-06-16 21:34:31,281500.0,Completed
PUR006479,C00607,2026-06-16 22:16:16,25750.0,Completed
PUR006480,C00570,2026-06-17 00:24:19,650.0,Completed
PUR006481,C00415,2026-06-17 01:01:57,64000.0,Completed
PUR006482,C00575,2026-06-17 01:36:58,7200.0,Completed
PUR006483,C00112,2026-06-17 01:38:44,13850.0,Completed
PUR006484,C00086,2026-06-17 06:43:08,25000.0,Completed
PUR006485,C00607,2026-06-17 07:11:09,1800.0,Completed
PUR006486,C00369,2026-06-17 07:45:48,20400.0,Completed
PUR006487,C00269,2026-06-17 08:26:38,37500.0,Completed
PUR006488,C00471,2026-06-17 09:41:03,228500.0,Completed
PUR006489,C00433,2026-06-17 11:38:28,28750.0,Completed
PUR006490,C00247,2026-06-17 12:15:44,18200.0,Completed
PUR006491,C00191,2026-06-17 18:13:10,28600.0,Completed
PUR006492,C00329,2026-06-17 18:53:26,128750.0,Completed
PUR006493,C00607,2026-06-17 23:26:03,12700.0,Completed
PUR006494,C00734,2026-06-18 00:18:42,33400.0,Completed
PUR006495,C00045,2026-06-18 00:42:29,2200.0,Completed
PUR006496,C00311,2026-06-18 04:03:25,12900.0,Completed
PUR006497,C00047,2026-06-18 04:32:35,2550.0,Completed
PUR006498,C00662,2026-06-18 05:00:11,47500.0,Completed
PUR006499,C00006,2026-06-18 05:28:27,7996.0,Completed
PUR006500,C00576,2026-06-18 07:27:14,18050.0,Completed
PUR006501,C00686,2026-06-18 08:14:24,17700.0,Completed
PUR006502,C00068,2026-06-18 08:19:54,61000.0,Completed
PUR006503,C00539,2026-06-18 09:24:31,998.0,Completed
PUR006504,C00106,2026-06-18 10:00:33,48800.0,Completed
PUR006505,C00641,2026-06-18 10:04:10,297500.0,Completed
PUR006506,C00743,2026-06-18 14:45:48,35500.0,Completed
PUR006507,C00424,2026-06-18 15:37:18,18500.0,Completed
PUR006508,C00666,2026-06-18 16:07:04,18500.0,Completed
PUR006509,C00267,2026-06-18 18:18:43,7600.0,Completed
PUR006510,C00257,2026-06-18 18:23:45,9000.0,Completed
PUR006511,C00098,2026-06-18 19:22:23,1250.0,Completed
PUR006512,C00734,2026-06-18 19:59:53,499.0,Completed
PUR006513,C00671,2026-06-18 21:18:45,650.0,Completed
PUR006514,C00201,2026-06-18 23:47:38,23500.0,Completed
PUR006515,C00671,2026-06-18 23:55:23,27000.0,Completed
PUR006516,C00102,2026-06-19 00:11:17,11000.0,Completed
PUR006517,C00285,2026-06-19 00:24:32,3750.0,Completed
PUR006518,C00513,2026-06-19 00:42:49,19750.0,Completed
PUR006519,C00502,2026-06-19 03:10:03,64000.0,Completed
PUR006520,C00557,2026-06-19 05:51:20,14500.0,Completed
PUR006521,C00613,2026-06-19 05:52:47,25000.0,Completed
PUR006522,C00607,2026-06-19 06:08:13,5300.0,Completed
PUR006523,C00265,2026-06-19 09:36:26,18500.0,Completed
PUR006524,C00577,2026-06-19 10:26:50,129000.0,Completed
PUR006525,C00049,2026-06-19 11:03:43,1700.0,Completed
PUR006526,C00433,2026-06-19 11:41:55,18500.0,Completed
PUR006527,C00710,2026-06-19 12:51:23,18195.0,Completed
PUR006528,C00306,2026-06-19 14:02:08,1950.0,Completed
PUR006529,C00100,2026-06-19 20:45:46,37500.0,Completed
PUR006530,C00268,2026-06-19 22:29:47,9000.0,Completed
PUR006531,C00560,2026-06-20 02:09:06,17650.0,Completed
PUR006532,C00714,2026-06-20 04:19:00,9000.0,Completed
PUR006533,C00403,2026-06-20 04:31:36,18000.0,Completed
PUR006534,C00282,2026-06-20 05:12:14,2800.0,Completed
PUR006535,C00452,2026-06-20 05:56:48,3750.0,Completed
PUR006536,C00414,2026-06-20 07:05:21,2250.0,Completed
PUR006537,C00267,2026-06-20 09:01:05,12500.0,Completed
PUR006538,C00372,2026-06-20 10:02:58,81600.0,Completed
PUR006539,C00494,2026-06-20 10:07:48,5100.0,Completed
PUR006540,C00632,2026-06-20 11:49:26,12450.0,Completed
PUR006541,C00674,2026-06-20 15:45:45,181500.0,Completed
PUR006542,C00186,2026-06-20 16:22:09,21900.0,Completed
PUR006543,C00006,2026-06-20 19:51:37,66100.0,Completed
PUR006544,C00125,2026-06-20 21:21:21,170000.0,Completed
PUR006545,C00459,2026-06-21 02:40:03,16800.0,Completed
PUR006546,C00458,2026-06-21 03:53:25,2500.0,Completed
PUR006547,C00053,2026-06-21 04:10:19,6250.0,Completed
PUR006548,C00531,2026-06-21 04:36:28,12500.0,Completed
PUR006549,C00286,2026-06-21 05:17:55,11200.0,Completed
PUR006550,C00312,2026-06-21 06:28:36,170000.0,Completed
PUR006551,C00394,2026-06-21 06:39:01,42300.0,Completed
PUR006552,C00137,2026-06-21 07:38:39,41200.0,Completed
PUR006553,C00412,2026-06-21 08:38:26,9400.0,Completed
PUR006554,C00400,2026-06-21 13:15:49,21000.0,Completed
PUR006555,C00416,2026-06-21 19:21:09,29000.0,Completed
PUR006556,C00365,2026-06-21 22:21:53,170000.0,Completed
PUR006557,C00412,2026-06-21 22:58:24,1250.0,Completed
PUR006558,C00281,2026-06-22 01:21:27,8400.0,Completed
PUR006559,C00655,2026-06-22 01:29:05,9000.0,Completed
PUR006560,C00240,2026-06-22 01:50:34,56100.0,Completed
PUR006561,C00245,2026-06-22 02:54:56,9000.0,Completed
PUR006562,C00498,2026-06-22 06:21:33,130000.0,Completed
PUR006563,C00707,2026-06-22 06:36:27,14500.0,Completed
PUR006564,C00263,2026-06-22 07:14:32,11200.0,Completed
PUR006565,C00642,2026-06-22 08:45:14,2546.0,Completed
PUR006566,C00443,2026-06-22 10:48:51,8800.0,Completed
PUR006567,C00283,2026-06-22 11:05:17,8745.0,Completed
PUR006568,C00115,2026-06-22 11:23:23,59800.0,Completed
PUR006569,C00162,2026-06-22 13:16:25,4500.0,Completed
PUR006570,C00658,2026-06-22 14:18:08,65500.0,Completed
PUR006571,C00739,2026-06-22 14:48:07,27400.0,Completed
PUR006572,C00436,2026-06-22 15:06:43,15200.0,Completed
PUR006573,C00748,2026-06-22 17:23:17,29000.0,Completed
PUR006574,C00410,2026-06-22 17:57:49,36500.0,Completed
PUR006575,C00640,2026-06-22 18:26:22,10946.0,Completed
PUR006576,C00049,2026-06-22 19:07:48,78000.0,Completed
PUR006577,C00013,2026-06-22 20:16:39,3900.0,Completed
PUR006578,C00016,2026-06-22 20:43:13,22800.0,Completed
PUR006579,C00567,2026-06-22 22:37:04,2400.0,Completed
PUR006580,C00398,2026-06-22 23:02:14,42500.0,Completed
PUR006581,C00537,2026-06-22 23:12:35,18500.0,Completed
PUR006582,C00253,2026-06-23 02:24:20,27000.0,Completed
PUR006583,C00161,2026-06-23 02:27:10,9000.0,Completed
PUR006584,C00546,2026-06-23 02:33:55,15999.0,Completed
PUR006585,C00416,2026-06-23 04:01:05,38250.0,Completed
PUR006586,C00599,2026-06-23 04:24:04,2250.0,Completed
PUR006587,C00048,2026-06-23 04:35:10,4500.0,Completed
PUR006588,C00314,2026-06-23 07:34:36,284500.0,Completed
PUR006589,C00022,2026-06-23 09:17:04,1800.0,Completed
PUR006590,C00540,2026-06-23 10:18:49,20700.0,Completed
PUR006591,C00464,2026-06-23 12:08:21,18750.0,Completed
PUR006592,C00544,2026-06-23 12:20:43,499.0,Completed
PUR006593,C00023,2026-06-23 12:28:42,28600.0,Completed
PUR006594,C00013,2026-06-23 12:43:02,37500.0,Completed
PUR006595,C00165,2026-06-23 13:28:02,15000.0,Completed
PUR006596,C00156,2026-06-23 15:54:22,102000.0,Completed
PUR006597,C00493,2026-06-23 17:42:35,64000.0,Completed
PUR006598,C00129,2026-06-24 01:46:19,5250.0,Completed
PUR006599,C00453,2026-06-24 03:43:05,9000.0,Completed
PUR006600,C00298,2026-06-24 08:04:14,21600.0,Completed
PUR006601,C00165,2026-06-24 08:21:26,4550.0,Completed
PUR006602,C00576,2026-06-24 09:37:22,37500.0,Completed
PUR006603,C00168,2026-06-24 11:03:31,60700.0,Completed
PUR006604,C00588,2026-06-24 11:21:08,5550.0,Completed
PUR006605,C00400,2026-06-24 12:41:26,11000.0,Completed
PUR006606,C00485,2026-06-24 15:30:48,111500.0,Completed
PUR006607,C00373,2026-06-24 16:59:24,35700.0,Completed
PUR006608,C00425,2026-06-24 17:04:36,4500.0,Completed
PUR006609,C00594,2026-06-24 19:56:48,66000.0,Completed
PUR006610,C00637,2026-06-24 20:02:34,10000.0,Completed
PUR006611,C00484,2026-06-24 22:36:41,4145.0,Completed
PUR006612,C00076,2026-06-24 22:58:21,252000.0,Completed
PUR006613,C00557,2026-06-24 23:35:49,1350.0,Completed
PUR006614,C00025,2026-06-24 23:46:12,5700.0,Completed
PUR006615,C00707,2026-06-25 00:05:48,19100.0,Completed
PUR006616,C00591,2026-06-25 00:57:23,65000.0,Completed
PUR006617,C00744,2026-06-25 02:50:33,25000.0,Completed
PUR006618,C00420,2026-06-25 03:15:19,17000.0,Completed
PUR006619,C00225,2026-06-25 04:50:46,7200.0,Completed
PUR006620,C00251,2026-06-25 07:12:58,181000.0,Completed
PUR006621,C00532,2026-06-25 09:06:54,5000.0,Completed
PUR006622,C00545,2026-06-25 10:02:08,33000.0,Completed
PUR006623,C00535,2026-06-25 10:20:16,4500.0,Completed
PUR006624,C00739,2026-06-25 12:24:40,7300.0,Completed
PUR006625,C00211,2026-06-25 12:54:12,29800.0,Completed
PUR006626,C00674,2026-06-25 14:34:33,82500.0,Completed
PUR006627,C00267,2026-06-25 16:29:17,3250.0,Completed
PUR006628,C00460,2026-06-25 17:14:15,20900.0,Completed
PUR006629,C00306,2026-06-25 19:05:50,14500.0,Completed
PUR006630,C00624,2026-06-25 20:23:33,5700.0,Completed
PUR006631,C00022,2026-06-25 20:41:57,6600.0,Completed
PUR006632,C00545,2026-06-25 22:47:21,12600.0,Completed
PUR006633,C00482,2026-06-26 02:18:28,61000.0,Completed
PUR006634,C00688,2026-06-26 07:09:29,13700.0,Completed
PUR006635,C00557,2026-06-26 07:24:19,4050.0,Completed
PUR006636,C00225,2026-06-26 07:39:31,2495.0,Completed
PUR006637,C00570,2026-06-26 08:06:44,39200.0,Completed
PUR006638,C00563,2026-06-26 08:39:01,1497.0,Completed
PUR006639,C00655,2026-06-26 09:27:54,93000.0,Completed
PUR006640,C00357,2026-06-26 10:41:10,37000.0,Completed
PUR006641,C00494,2026-06-26 14:23:21,6000.0,Completed
PUR006642,C00258,2026-06-26 14:59:00,4050.0,Completed
PUR006643,C00019,2026-06-26 19:30:58,35000.0,Completed
PUR006644,C00283,2026-06-26 22:15:26,10750.0,Completed
PUR006645,C00467,2026-06-27 00:33:37,96000.0,Completed
PUR006646,C00169,2026-06-27 00:54:57,1250.0,Completed
PUR006647,C00593,2026-06-27 02:57:21,13850.0,Completed
PUR006648,C00055,2026-06-27 03:00:37,2800.0,Completed
PUR006649,C00228,2026-06-27 03:00:57,1250.0,Completed
PUR006650,C00183,2026-06-27 09:17:44,79500.0,Completed
PUR006651,C00410,2026-06-27 13:29:17,191000.0,Completed
PUR006652,C00439,2026-06-27 14:40:02,22750.0,Completed
PUR006653,C00309,2026-06-27 16:06:43,3600.0,Completed
PUR006654,C00226,2026-06-27 16:37:39,4500.0,Completed
PUR006655,C00507,2026-06-27 16:59:34,4500.0,Completed
PUR006656,C00301,2026-06-27 17:08:38,12500.0,Completed
PUR006657,C00352,2026-06-27 17:50:50,1497.0,Completed
PUR006658,C00675,2026-06-27 20:09:01,3750.0,Completed
PUR006659,C00126,2026-06-27 21:04:05,1250.0,Completed
PUR006660,C00134,2026-06-27 22:42:40,13500.0,Completed
PUR006661,C00094,2026-06-27 22:52:14,12600.0,Completed
PUR006662,C00683,2026-06-28 00:59:56,16900.0,Completed
PUR006663,C00516,2026-06-28 03:59:42,61700.0,Completed
PUR006664,C00016,2026-06-28 04:44:06,850.0,Completed
PUR006665,C00458,2026-06-28 05:51:02,25000.0,Completed
PUR006666,C00309,2026-06-28 06:20:59,9500.0,Completed
PUR006667,C00710,2026-06-28 09:39:50,13500.0,Completed
PUR006668,C00452,2026-06-28 10:09:09,61000.0,Completed
PUR006669,C00352,2026-06-28 10:10:42,207000.0,Completed
PUR006670,C00605,2026-06-28 10:29:53,12500.0,Completed
PUR006671,C00028,2026-06-28 11:48:58,26000.0,Completed
PUR006672,C00314,2026-06-28 12:45:51,133500.0,Completed
PUR006673,C00154,2026-06-28 14:11:37,16800.0,Completed
PUR006674,C00093,2026-06-28 18:07:46,83500.0,Completed
PUR006675,C00332,2026-06-28 19:11:38,3600.0,Completed
PUR006676,C00076,2026-06-28 21:16:18,40300.0,Completed
PUR006677,C00121,2026-06-29 01:49:37,12400.0,Completed
PUR006678,C00143,2026-06-29 02:55:39,7250.0,Completed
PUR006679,C00469,2026-06-29 03:15:45,35500.0,Completed
PUR006680,C00256,2026-06-29 06:48:27,62200.0,Completed
PUR006681,C00393,2026-06-29 08:17:23,21900.0,Completed
PUR006682,C00433,2026-06-29 09:58:07,5600.0,Completed
PUR006683,C00357,2026-06-29 11:12:48,170000.0,Completed
PUR006684,C00623,2026-06-29 11:15:17,12650.0,Completed
PUR006685,C00357,2026-06-29 12:16:07,37000.0,Completed
PUR006686,C00018,2026-06-29 13:00:31,12850.0,Completed
PUR006687,C00156,2026-06-29 14:21:36,170000.0,Completed
PUR006688,C00520,2026-06-29 16:44:30,4200.0,Completed
PUR006689,C00390,2026-06-29 23:11:56,134500.0,Completed
PUR006690,C00131,2026-06-29 23:15:07,4400.0,Completed
PUR006691,C00331,2026-06-29 23:23:51,240500.0,Completed
PUR006692,C00054,2026-06-30 02:32:42,9200.0,Completed
PUR006693,C00189,2026-06-30 02:44:08,23650.0,Completed
PUR006694,C00661,2026-06-30 05:26:27,18500.0,Completed
PUR006695,C00149,2026-06-30 05:30:51,5600.0,Completed
PUR006696,C00742,2026-06-30 06:37:58,8400.0,Completed
PUR006697,C00208,2026-06-30 08:10:18,37000.0,Completed
PUR006698,C00169,2026-06-30 11:17:49,18350.0,Completed
PUR006699,C00585,2026-06-30 13:17:47,9000.0,Completed
PUR006700,C00540,2026-06-30 13:37:44,18499.0,Completed
PUR006701,C00644,2026-06-30 14:01:49,163000.0,Completed
PUR006702,C00056,2026-06-30 16:07:27,1900.0,Completed
PUR006703,C00502,2026-06-30 16:59:38,144500.0,Completed
PUR006704,C00161,2026-06-30 20:16:12,53200.0,Completed
PUR006705,C00042,2026-06-30 21:56:48,850.0,Completed
PUR006706,C00576,2026-07-01 01:16:18,67500.0,Completed
PUR006707,C00657,2026-07-01 03:28:41,4500.0,Completed
PUR006708,C00365,2026-07-01 08:16:25,231000.0,Completed
PUR006709,C00343,2026-07-01 09:00:16,26800.0,Completed
PUR006710,C00658,2026-07-01 11:27:17,4200.0,Completed
PUR006711,C00411,2026-07-01 12:42:11,14500.0,Completed
PUR006712,C00674,2026-07-01 14:05:29,85000.0,Completed
PUR006713,C00534,2026-07-01 14:09:27,22100.0,Completed
PUR006714,C00521,2026-07-01 17:38:05,133000.0,Completed
PUR006715,C00040,2026-07-01 18:10:27,101000.0,Completed
PUR006716,C00481,2026-07-01 19:11:38,8900.0,Completed
PUR006717,C00710,2026-07-01 21:22:11,1800.0,Completed
PUR006718,C00579,2026-07-02 00:30:29,1250.0,Completed
PUR006719,C00491,2026-07-02 00:57:37,8400.0,Completed
PUR006720,C00173,2026-07-02 01:02:58,8000.0,Completed
PUR006721,C00161,2026-07-02 01:37:37,2600.0,Completed
PUR006722,C00317,2026-07-02 02:08:42,65000.0,Completed
PUR006723,C00453,2026-07-02 02:10:46,2495.0,Completed
PUR006724,C00046,2026-07-02 02:19:58,35900.0,Completed
PUR006725,C00621,2026-07-02 02:21:08,21000.0,Completed
PUR006726,C00739,2026-07-02 04:57:26,2200.0,Completed
PUR006727,C00032,2026-07-02 06:41:50,36500.0,Completed
PUR006728,C00649,2026-07-02 06:49:30,33100.0,Completed
PUR006729,C00671,2026-07-02 07:35:41,16800.0,Completed
PUR006730,C00632,2026-07-02 08:12:18,17100.0,Completed
PUR006731,C00431,2026-07-02 08:55:04,20700.0,Completed
PUR006732,C00534,2026-07-02 10:05:43,7600.0,Completed
PUR006733,C00272,2026-07-02 11:07:22,35800.0,Completed
PUR006734,C00080,2026-07-02 14:47:42,11845.0,Completed
PUR006735,C00100,2026-07-02 17:01:44,2500.0,Completed
PUR006736,C00003,2026-07-02 17:15:36,11200.0,Completed
PUR006737,C00006,2026-07-02 18:44:07,1900.0,Completed
PUR006738,C00586,2026-07-02 19:48:02,85000.0,Completed
PUR006739,C00673,2026-07-02 21:17:51,64000.0,Completed
PUR006740,C00731,2026-07-02 23:26:35,56500.0,Completed
PUR006741,C00139,2026-07-02 23:36:56,39500.0,Completed
PUR006742,C00412,2026-07-03 00:52:34,17400.0,Completed
PUR006743,C00251,2026-07-03 01:06:20,56000.0,Completed
PUR006744,C00380,2026-07-03 02:13:41,181000.0,Completed
PUR006745,C00319,2026-07-03 03:16:54,2200.0,Completed
PUR006746,C00444,2026-07-03 03:48:52,51400.0,Completed
PUR006747,C00688,2026-07-03 07:26:29,5600.0,Completed
PUR006748,C00554,2026-07-03 07:28:28,8400.0,Completed
PUR006749,C00071,2026-07-03 07:31:59,19000.0,Completed
PUR006750,C00518,2026-07-03 10:07:12,96000.0,Completed
PUR006751,C00414,2026-07-03 10:57:51,18500.0,Completed
PUR006752,C00292,2026-07-03 12:43:38,5299.0,Completed
PUR006753,C00297,2026-07-03 14:35:34,65000.0,Completed
PUR006754,C00446,2026-07-03 15:45:19,3600.0,Completed
PUR006755,C00574,2026-07-03 15:51:34,2800.0,Completed
PUR006756,C00008,2026-07-03 16:04:04,118500.0,Completed
PUR006757,C00675,2026-07-03 16:23:01,32000.0,Completed
PUR006758,C00319,2026-07-03 19:48:28,17300.0,Completed
PUR006759,C00358,2026-07-03 21:19:22,163500.0,Completed
PUR006760,C00414,2026-07-03 21:35:15,48600.0,Completed
PUR006761,C00201,2026-07-03 21:44:21,25000.0,Completed
PUR006762,C00730,2026-07-03 22:52:47,14500.0,Completed
PUR006763,C00518,2026-07-03 23:38:04,1650.0,Completed
PUR006764,C00496,2026-07-03 23:52:30,7250.0,Completed
PUR006765,C00201,2026-07-04 00:48:37,1800.0,Completed
PUR006766,C00689,2026-07-04 03:55:04,9000.0,Completed
PUR006767,C00524,2026-07-04 05:25:06,9000.0,Completed
PUR006768,C00520,2026-07-04 06:11:02,48000.0,Completed
PUR006769,C00673,2026-07-04 07:55:30,14500.0,Completed
PUR006770,C00465,2026-07-04 09:14:34,4400.0,Completed
PUR006771,C00716,2026-07-04 10:07:25,1996.0,Completed
PUR006772,C00007,2026-07-04 10:24:06,5650.0,Completed
PUR006773,C00100,2026-07-04 10:56:22,9000.0,Completed
PUR006774,C00093,2026-07-04 11:36:38,11800.0,Completed
PUR006775,C00340,2026-07-04 13:06:36,37000.0,Completed
PUR006776,C00310,2026-07-04 13:09:22,13500.0,Completed
PUR006777,C00271,2026-07-04 17:40:25,32550.0,Completed
PUR006778,C00098,2026-07-04 18:37:14,11250.0,Completed
PUR006779,C00135,2026-07-04 20:32:50,1300.0,Completed
PUR006780,C00688,2026-07-04 22:04:13,68200.0,Completed
PUR006781,C00589,2026-07-05 05:07:24,7300.0,Completed
PUR006782,C00536,2026-07-05 09:58:59,1250.0,Completed
PUR006783,C00735,2026-07-05 10:40:25,22600.0,Completed
PUR006784,C00627,2026-07-05 11:43:41,6900.0,Completed
PUR006785,C00191,2026-07-05 11:54:10,8000.0,Completed
PUR006786,C00078,2026-07-05 12:00:02,101000.0,Completed
PUR006787,C00738,2026-07-05 12:17:01,18500.0,Completed
PUR006788,C00546,2026-07-05 12:20:07,4400.0,Completed
PUR006789,C00584,2026-07-05 17:40:26,167000.0,Completed
PUR006790,C00361,2026-07-05 18:32:03,20395.0,Completed
PUR006791,C00022,2026-07-05 20:47:27,37500.0,Completed
PUR006792,C00706,2026-07-05 22:18:20,52000.0,Completed
PUR006793,C00453,2026-07-05 23:38:04,24700.0,Completed
PUR006794,C00549,2026-07-06 00:05:08,56500.0,Completed
PUR006795,C00131,2026-07-06 01:08:01,26450.0,Completed
PUR006796,C00267,2026-07-06 01:47:20,37500.0,Completed
PUR006797,C00162,2026-07-06 02:17:44,18650.0,Completed
PUR006798,C00692,2026-07-06 05:12:49,24700.0,Completed
PUR006799,C00010,2026-07-06 05:32:28,3700.0,Completed
PUR006800,C00550,2026-07-06 06:33:11,18000.0,Completed
PUR006801,C00303,2026-07-06 07:09:39,286500.0,Completed
PUR006802,C00020,2026-07-06 07:48:51,26000.0,Completed
PUR006803,C00081,2026-07-06 08:39:56,31800.0,Completed
PUR006804,C00329,2026-07-06 12:26:21,4250.0,Completed
PUR006805,C00019,2026-07-06 13:01:56,13600.0,Completed
PUR006806,C00615,2026-07-06 13:46:27,4000.0,Completed
PUR006807,C00070,2026-07-06 14:03:42,170000.0,Completed
PUR006808,C00134,2026-07-06 14:30:35,8800.0,Completed
PUR006809,C00320,2026-07-06 18:22:58,41000.0,Completed
PUR006810,C00649,2026-07-06 20:15:08,46000.0,Completed
PUR006811,C00303,2026-07-06 20:49:19,168500.0,Completed
PUR006812,C00542,2026-07-06 22:23:54,96000.0,Completed
PUR006813,C00157,2026-07-07 03:15:35,25000.0,Completed
PUR006814,C00274,2026-07-07 03:33:29,170000.0,Completed
PUR006815,C00102,2026-07-07 03:42:46,18000.0,Completed
PUR006816,C00109,2026-07-07 05:18:41,13500.0,Completed
PUR006817,C00481,2026-07-07 05:49:36,11200.0,Completed
PUR006818,C00633,2026-07-07 07:54:25,65000.0,Completed
PUR006819,C00514,2026-07-07 10:09:47,13500.0,Completed
PUR006820,C00600,2026-07-07 11:59:28,74500.0,Completed
PUR006821,C00063,2026-07-07 12:12:08,19300.0,Completed
PUR006822,C00646,2026-07-07 12:32:07,9000.0,Completed
PUR006823,C00080,2026-07-07 14:59:04,4500.0,Completed
PUR006824,C00633,2026-07-07 16:03:20,70850.0,Completed
PUR006825,C00242,2026-07-07 17:10:07,75550.0,Completed
PUR006826,C00217,2026-07-07 20:02:11,64500.0,Completed
PUR006827,C00741,2026-07-07 20:50:01,98000.0,Completed
PUR006828,C00262,2026-07-07 20:54:38,228500.0,Completed
PUR006829,C00351,2026-07-07 22:26:46,42250.0,Completed
PUR006830,C00361,2026-07-08 07:18:04,4400.0,Completed
PUR006831,C00066,2026-07-08 08:14:30,55350.0,Completed
PUR006832,C00555,2026-07-08 09:01:14,170000.0,Completed
PUR006833,C00379,2026-07-08 09:02:53,13500.0,Completed
PUR006834,C00008,2026-07-08 09:20:08,12500.0,Completed
PUR006835,C00696,2026-07-08 14:34:02,170000.0,Completed
PUR006836,C00394,2026-07-08 17:00:09,99500.0,Completed
PUR006837,C00252,2026-07-08 19:41:18,4500.0,Completed
PUR006838,C00268,2026-07-08 21:53:17,29000.0,Completed
PUR006839,C00121,2026-07-08 21:59:45,1200.0,Completed
PUR006840,C00732,2026-07-09 00:42:53,3750.0,Completed
PUR006841,C00739,2026-07-09 02:32:06,5850.0,Completed
PUR006842,C00262,2026-07-09 05:17:16,5600.0,Completed
PUR006843,C00152,2026-07-09 06:11:48,85000.0,Completed
PUR006844,C00731,2026-07-09 08:02:28,23100.0,Completed
PUR006845,C00636,2026-07-09 08:30:01,7600.0,Completed
PUR006846,C00262,2026-07-09 08:41:38,170000.0,Completed
PUR006847,C00317,2026-07-09 09:06:22,14500.0,Completed
PUR006848,C00495,2026-07-09 10:13:44,33600.0,Completed
PUR006849,C00499,2026-07-09 10:20:26,64000.0,Completed
PUR006850,C00212,2026-07-09 11:17:06,29400.0,Completed
PUR006851,C00035,2026-07-09 11:36:15,9900.0,Completed
PUR006852,C00075,2026-07-09 12:24:53,3600.0,Completed
PUR006853,C00480,2026-07-09 13:36:50,29000.0,Completed
PUR006854,C00370,2026-07-09 14:03:24,28400.0,Completed
PUR006855,C00346,2026-07-09 15:47:18,998.0,Completed
PUR006856,C00041,2026-07-09 16:40:08,130000.0,Completed
PUR006857,C00703,2026-07-09 17:18:16,194000.0,Completed
PUR006858,C00357,2026-07-09 18:44:22,168500.0,Completed
PUR006859,C00419,2026-07-09 18:51:57,12900.0,Completed
PUR006860,C00575,2026-07-09 18:52:33,42300.0,Completed
PUR006861,C00291,2026-07-09 22:10:23,32000.0,Completed
PUR006862,C00528,2026-07-09 22:33:01,18000.0,Completed
PUR006863,C00491,2026-07-10 01:18:10,20150.0,Completed
PUR006864,C00473,2026-07-10 02:30:20,13350.0,Completed
PUR006865,C00478,2026-07-10 02:35:33,34800.0,Completed
PUR006866,C00154,2026-07-10 03:53:22,13500.0,Completed
PUR006867,C00008,2026-07-10 05:29:01,149000.0,Completed
PUR006868,C00166,2026-07-10 06:53:56,9400.0,Completed
PUR006869,C00098,2026-07-10 06:57:08,3400.0,Completed
PUR006870,C00436,2026-07-10 07:55:37,18650.0,Completed
PUR006871,C00130,2026-07-10 09:57:15,2750.0,Completed
PUR006872,C00227,2026-07-10 10:31:16,8400.0,Completed
PUR006873,C00632,2026-07-10 10:38:06,25000.0,Completed
PUR006874,C00159,2026-07-10 13:11:35,3450.0,Completed
PUR006875,C00219,2026-07-10 13:54:13,12500.0,Completed
PUR006876,C00088,2026-07-10 14:32:17,101600.0,Completed
PUR006877,C00257,2026-07-10 18:54:15,65000.0,Completed
PUR006878,C00666,2026-07-10 19:40:20,66400.0,Completed
PUR006879,C00621,2026-07-10 19:55:46,150000.0,Completed
PUR006880,C00537,2026-07-11 01:09:49,2500.0,Completed
PUR006881,C00729,2026-07-11 01:48:28,12500.0,Completed
PUR006882,C00665,2026-07-11 03:16:15,64000.0,Completed
PUR006883,C00134,2026-07-11 05:44:32,6200.0,Completed
PUR006884,C00618,2026-07-11 06:52:26,9000.0,Completed
PUR006885,C00007,2026-07-11 07:15:26,117000.0,Completed
PUR006886,C00553,2026-07-11 09:06:33,26400.0,Completed
PUR006887,C00127,2026-07-11 09:37:06,37400.0,Completed
PUR006888,C00576,2026-07-11 11:02:22,47650.0,Completed
PUR006889,C00008,2026-07-11 11:08:33,18500.0,Completed
PUR006890,C00659,2026-07-11 13:58:49,158000.0,Completed
PUR006891,C00569,2026-07-11 15:27:11,37500.0,Completed
PUR006892,C00221,2026-07-11 16:19:55,8400.0,Completed
PUR006893,C00006,2026-07-11 16:53:40,6250.0,Completed
PUR006894,C00534,2026-07-11 20:37:23,18500.0,Completed
PUR006895,C00069,2026-07-12 00:11:45,2500.0,Completed
PUR006896,C00605,2026-07-12 00:26:39,18500.0,Completed
PUR006897,C00455,2026-07-12 00:34:43,1250.0,Completed
PUR006898,C00022,2026-07-12 00:53:42,19250.0,Completed
PUR006899,C00082,2026-07-12 01:04:16,13250.0,Completed
PUR006900,C00719,2026-07-12 02:14:35,6695.0,Completed
PUR006901,C00686,2026-07-12 04:02:04,29000.0,Completed
PUR006902,C00742,2026-07-12 04:12:23,2600.0,Completed
PUR006903,C00014,2026-07-12 06:25:34,4800.0,Completed
PUR006904,C00214,2026-07-12 07:17:15,29000.0,Completed
PUR006905,C00053,2026-07-12 10:32:02,80000.0,Completed
PUR006906,C00282,2026-07-12 10:43:10,13500.0,Completed
PUR006907,C00462,2026-07-12 11:28:39,36550.0,Completed
PUR006908,C00023,2026-07-12 11:43:45,6300.0,Completed
PUR006909,C00650,2026-07-12 14:25:59,3150.0,Completed
PUR006910,C00598,2026-07-12 15:30:13,25000.0,Completed
PUR006911,C00443,2026-07-12 16:23:11,4500.0,Completed
PUR006912,C00276,2026-07-12 18:23:37,10500.0,Completed
PUR006913,C00432,2026-07-12 18:30:43,215000.0,Completed
PUR006914,C00501,2026-07-12 18:49:48,14500.0,Completed
PUR006915,C00099,2026-07-12 19:24:18,3050.0,Completed
PUR006916,C00466,2026-07-12 19:30:23,13450.0,Completed
PUR006917,C00354,2026-07-12 21:07:51,14350.0,Completed
PUR006918,C00418,2026-07-13 00:49:07,12900.0,Completed
PUR006919,C00282,2026-07-13 10:05:54,5000.0,Completed
PUR006920,C00494,2026-07-13 11:32:28,12500.0,Completed
PUR006921,C00080,2026-07-13 12:15:49,650.0,Completed
PUR006922,C00349,2026-07-13 13:10:52,21500.0,Completed
PUR006923,C00346,2026-07-13 16:04:17,14050.0,Completed
PUR006924,C00436,2026-07-13 16:06:16,3750.0,Completed
PUR006925,C00046,2026-07-13 16:26:02,16800.0,Completed
PUR006926,C00569,2026-07-13 16:54:38,2500.0,Completed
PUR006927,C00286,2026-07-13 16:56:10,1650.0,Completed
PUR006928,C00696,2026-07-13 18:35:51,229500.0,Completed
PUR006929,C00249,2026-07-13 20:48:53,92750.0,Completed
PUR006930,C00274,2026-07-13 22:59:35,29000.0,Completed
PUR006931,C00162,2026-07-14 00:11:59,8050.0,Completed
PUR006932,C00098,2026-07-14 01:42:49,13500.0,Completed
PUR006933,C00382,2026-07-14 02:28:25,37000.0,Completed
PUR006934,C00134,2026-07-14 02:36:04,51600.0,Completed
PUR006935,C00350,2026-07-14 03:50:16,73500.0,Completed
PUR006936,C00656,2026-07-14 04:47:39,64000.0,Completed
PUR006937,C00331,2026-07-14 06:15:07,130000.0,Completed
PUR006938,C00615,2026-07-14 08:38:53,4500.0,Completed
PUR006939,C00095,2026-07-14 08:57:31,13400.0,Completed
PUR006940,C00325,2026-07-14 09:40:51,6695.0,Completed
PUR006941,C00137,2026-07-14 12:03:14,96000.0,Completed
PUR006942,C00393,2026-07-14 12:20:45,65000.0,Completed
PUR006943,C00180,2026-07-14 14:44:47,5000.0,Completed
PUR006944,C00739,2026-07-14 15:05:14,28150.0,Completed
PUR006945,C00380,2026-07-14 17:04:00,35700.0,Completed
PUR006946,C00145,2026-07-14 17:52:49,39500.0,Completed
PUR006947,C00532,2026-07-14 18:31:28,13500.0,Completed
PUR006948,C00259,2026-07-14 18:43:31,27350.0,Completed
PUR006949,C00125,2026-07-14 19:59:06,14500.0,Completed
PUR006950,C00040,2026-07-15 02:30:10,37500.0,Completed
PUR006951,C00680,2026-07-15 02:49:05,18000.0,Completed
PUR006952,C00419,2026-07-15 07:14:44,4800.0,Completed
PUR006953,C00167,2026-07-15 08:14:16,51000.0,Completed
PUR006954,C00253,2026-07-15 09:34:33,25000.0,Completed
PUR006955,C00240,2026-07-15 10:43:34,114500.0,Completed
PUR006956,C00095,2026-07-15 13:37:06,9000.0,Completed
PUR006957,C00166,2026-07-15 13:57:34,41550.0,Completed
PUR006958,C00734,2026-07-15 15:00:49,13500.0,Completed
PUR006959,C00621,2026-07-15 15:06:27,33000.0,Completed
PUR006960,C00534,2026-07-15 15:49:43,6250.0,Completed
PUR006961,C00477,2026-07-15 18:52:33,28995.0,Completed
PUR006962,C00433,2026-07-16 00:23:52,9500.0,Completed
PUR006963,C00431,2026-07-16 00:42:08,3099.0,Completed
PUR006964,C00048,2026-07-16 03:52:42,28000.0,Completed
PUR006965,C00549,2026-07-16 04:06:03,8300.0,Completed
PUR006966,C00282,2026-07-16 04:45:29,14000.0,Completed
PUR006967,C00107,2026-07-16 06:28:57,15995.0,Completed
PUR006968,C00023,2026-07-16 07:54:06,17250.0,Completed
PUR006969,C00676,2026-07-16 08:08:44,12600.0,Completed
PUR006970,C00422,2026-07-16 09:20:02,8400.0,Completed
PUR006971,C00555,2026-07-16 10:06:40,12450.0,Completed
PUR006972,C00307,2026-07-16 10:27:19,11000.0,Completed
PUR006973,C00730,2026-07-16 11:13:29,4200.0,Completed
PUR006974,C00436,2026-07-16 12:26:05,8400.0,Completed
PUR006975,C00083,2026-07-16 12:42:22,26250.0,Completed
PUR006976,C00002,2026-07-16 13:08:47,4200.0,Completed
PUR006977,C00452,2026-07-16 13:32:01,32000.0,Completed
PUR006978,C00499,2026-07-16 13:40:38,21900.0,Completed
PUR006979,C00306,2026-07-16 16:56:05,5000.0,Completed
PUR006980,C00362,2026-07-16 19:08:40,235000.0,Completed
PUR006981,C00605,2026-07-16 20:27:26,27050.0,Completed
PUR006982,C00400,2026-07-16 22:06:36,73800.0,Completed
PUR006983,C00622,2026-07-16 22:30:18,7200.0,Completed
PUR006984,C00438,2026-07-17 06:26:44,6250.0,Completed
PUR006985,C00274,2026-07-17 08:35:08,25000.0,Completed
PUR006986,C00459,2026-07-17 09:05:42,9000.0,Completed
PUR006987,C00120,2026-07-17 09:21:17,10650.0,Completed
PUR006988,C00314,2026-07-17 09:25:55,34500.0,Completed
PUR006989,C00054,2026-07-17 09:32:29,17000.0,Completed
PUR006990,C00372,2026-07-17 10:42:58,64000.0,Completed
PUR006991,C00485,2026-07-17 11:38:29,499.0,Completed
PUR006992,C00304,2026-07-17 11:49:20,8800.0,Completed
PUR006993,C00410,2026-07-17 13:03:43,184500.0,Completed
PUR006994,C00436,2026-07-17 13:42:54,8400.0,Completed
PUR006995,C00735,2026-07-17 15:23:32,130000.0,Completed
PUR006996,C00125,2026-07-17 17:06:46,37500.0,Completed
PUR006997,C00068,2026-07-17 17:39:53,134000.0,Completed
PUR006998,C00688,2026-07-17 17:44:11,21900.0,Completed
PUR006999,C00481,2026-07-17 17:50:58,51000.0,Completed
PUR007000,C00563,2026-07-17 17:59:44,3450.0,Completed
PUR007001,C00468,2026-07-17 20:07:23,167000.0,Completed
PUR007002,C00614,2026-07-17 21:27:42,50500.0,Completed
PUR007003,C00658,2026-07-17 22:41:36,7550.0,Completed
PUR007004,C00129,2026-07-18 01:29:42,5700.0,Completed
PUR007005,C00693,2026-07-18 01:40:43,12500.0,Completed
PUR007006,C00534,2026-07-18 02:13:39,7800.0,Completed
PUR007007,C00046,2026-07-18 03:40:30,25000.0,Completed
PUR007008,C00647,2026-07-18 03:57:02,9196.0,Completed
PUR007009,C00607,2026-07-18 05:06:27,55500.0,Completed
PUR007010,C00705,2026-07-18 06:29:26,24700.0,Completed
PUR007011,C00735,2026-07-18 07:08:29,5997.0,Completed
PUR007012,C00607,2026-07-18 07:16:14,12600.0,Completed
PUR007013,C00146,2026-07-18 07:45:30,2200.0,Completed
PUR007014,C00293,2026-07-18 08:20:51,207000.0,Completed
PUR007015,C00464,2026-07-18 10:47:40,14500.0,Completed
PUR007016,C00658,2026-07-18 10:51:44,1100.0,Completed
PUR007017,C00145,2026-07-18 11:07:38,19050.0,Completed
PUR007018,C00308,2026-07-18 11:27:16,650.0,Completed
PUR007019,C00070,2026-07-18 12:27:03,170000.0,Completed
PUR007020,C00282,2026-07-18 12:33:37,22250.0,Completed
PUR007021,C00142,2026-07-18 13:31:21,18500.0,Completed
PUR007022,C00671,2026-07-18 17:15:06,35200.0,Completed
PUR007023,C00607,2026-07-18 17:16:19,52050.0,Completed
PUR007024,C00149,2026-07-18 17:27:46,20000.0,Completed
PUR007025,C00345,2026-07-18 18:38:19,18550.0,Completed
PUR007026,C00688,2026-07-18 18:48:22,4500.0,Completed
PUR007027,C00358,2026-07-18 18:57:14,240500.0,Completed
PUR007028,C00492,2026-07-18 19:24:26,19750.0,Completed
PUR007029,C00523,2026-07-18 21:06:45,35300.0,Completed
PUR007030,C00277,2026-07-18 22:12:47,49200.0,Completed
PUR007031,C00449,2026-07-19 02:37:17,499.0,Completed
PUR007032,C00043,2026-07-19 08:08:45,37000.0,Completed
PUR007033,C00362,2026-07-19 08:46:49,133000.0,Completed
PUR007034,C00006,2026-07-19 10:10:30,34500.0,Completed
PUR007035,C00006,2026-07-19 10:23:09,2600.0,Completed
PUR007036,C00508,2026-07-19 10:46:38,12600.0,Completed
PUR007037,C00395,2026-07-19 11:09:09,24750.0,Completed
PUR007038,C00090,2026-07-19 16:44:33,50500.0,Completed
PUR007039,C00395,2026-07-19 16:48:00,19399.0,Completed
PUR007040,C00397,2026-07-19 18:35:39,25000.0,Completed
PUR007041,C00675,2026-07-19 19:14:41,146000.0,Completed
PUR007042,C00071,2026-07-19 20:29:58,85000.0,Completed
PUR007043,C00577,2026-07-19 21:32:08,85000.0,Completed
PUR007044,C00265,2026-07-19 21:54:23,48200.0,Completed
PUR007045,C00361,2026-07-19 23:56:46,33000.0,Completed
PUR007046,C00424,2026-07-20 01:03:49,3600.0,Completed
PUR007047,C00255,2026-07-20 02:20:41,45647.0,Completed
PUR007048,C00154,2026-07-20 03:25:32,13500.0,Completed
PUR007049,C00585,2026-07-20 03:26:20,2495.0,Completed
PUR007050,C00453,2026-07-20 03:44:41,2750.0,Completed
PUR007051,C00552,2026-07-20 03:58:24,16100.0,Completed
PUR007052,C00438,2026-07-20 05:12:19,164500.0,Completed
PUR007053,C00677,2026-07-20 08:51:49,33000.0,Completed
PUR007054,C00703,2026-07-20 11:18:06,9000.0,Completed
PUR007055,C00101,2026-07-20 11:51:42,2500.0,Completed
PUR007056,C00498,2026-07-20 12:18:07,5600.0,Completed
PUR007057,C00100,2026-07-20 13:03:38,37600.0,Completed
PUR007058,C00167,2026-07-20 13:12:59,2800.0,Completed
PUR007059,C00552,2026-07-20 13:40:11,3600.0,Completed
PUR007060,C00410,2026-07-20 18:35:50,18000.0,Completed
PUR007061,C00243,2026-07-20 19:19:02,6200.0,Completed
PUR007062,C00419,2026-07-20 21:31:42,37500.0,Completed
PUR007063,C00353,2026-07-20 21:33:59,32800.0,Completed
PUR007064,C00563,2026-07-20 22:55:45,17100.0,Completed
PUR007065,C00041,2026-07-20 23:11:04,281500.0,Completed
PUR007066,C00388,2026-07-20 23:24:57,11200.0,Completed
PUR007067,C00036,2026-07-20 23:58:05,6600.0,Completed
PUR007068,C00110,2026-07-21 00:45:06,74500.0,Completed
PUR007069,C00400,2026-07-21 00:50:15,44600.0,Completed
PUR007070,C00287,2026-07-21 01:06:19,5400.0,Completed
PUR007071,C00730,2026-07-21 01:11:51,15400.0,Completed
PUR007072,C00159,2026-07-21 03:50:17,4200.0,Completed
PUR007073,C00346,2026-07-21 05:43:53,23000.0,Completed
PUR007074,C00167,2026-07-21 08:40:14,20750.0,Completed
PUR007075,C00504,2026-07-21 08:52:33,2750.0,Completed
PUR007076,C00276,2026-07-21 10:49:27,10000.0,Completed
PUR007077,C00297,2026-07-21 10:54:11,78500.0,Completed
PUR007078,C00271,2026-07-21 11:56:39,45400.0,Completed
PUR007079,C00658,2026-07-21 12:25:13,3850.0,Completed
PUR007080,C00700,2026-07-21 13:23:02,119250.0,Completed
PUR007081,C00314,2026-07-21 15:25:48,244000.0,Completed
PUR007082,C00360,2026-07-21 15:46:37,29000.0,Completed
PUR007083,C00106,2026-07-21 17:26:04,144500.0,Completed
PUR007084,C00296,2026-07-21 18:31:11,4500.0,Completed
PUR007085,C00671,2026-07-21 21:27:19,6600.0,Completed
PUR007086,C00564,2026-07-21 21:54:19,65000.0,Completed
PUR007087,C00192,2026-07-21 22:24:55,1350.0,Completed
PUR007088,C00522,2026-07-22 00:39:34,9650.0,Completed
PUR007089,C00494,2026-07-22 00:42:22,2495.0,Completed
PUR007090,C00283,2026-07-22 01:56:05,22450.0,Completed
PUR007091,C00346,2026-07-22 02:07:20,7246.0,Completed
PUR007092,C00154,2026-07-22 03:20:10,4500.0,Completed
PUR007093,C00311,2026-07-22 10:25:53,25000.0,Completed
PUR007094,C00130,2026-07-22 10:49:11,2149.0,Completed
PUR007095,C00497,2026-07-22 12:07:12,14500.0,Completed
PUR007096,C00316,2026-07-22 12:49:11,104400.0,Completed
PUR007097,C00675,2026-07-22 13:57:44,14500.0,Completed
PUR007098,C00412,2026-07-22 14:45:28,5000.0,Completed
PUR007099,C00025,2026-07-22 15:06:20,6250.0,Completed
PUR007100,C00715,2026-07-22 15:07:55,9000.0,Completed
PUR007101,C00027,2026-07-22 15:23:35,1800.0,Completed
PUR007102,C00285,2026-07-22 16:42:52,4400.0,Completed
PUR007103,C00714,2026-07-22 17:04:01,13500.0,Completed
PUR007104,C00042,2026-07-22 19:32:54,12100.0,Completed
PUR007105,C00631,2026-07-22 21:51:38,20450.0,Completed
PUR007106,C00438,2026-07-22 22:50:55,47500.0,Completed
PUR007107,C00549,2026-07-23 00:14:31,32000.0,Completed
PUR007108,C00043,2026-07-23 00:19:34,11200.0,Completed
PUR007109,C00130,2026-07-23 00:25:39,12700.0,Completed
PUR007110,C00521,2026-07-23 00:41:22,332000.0,Completed
PUR007111,C00421,2026-07-23 02:00:03,1200.0,Completed
PUR007112,C00416,2026-07-23 05:03:22,11200.0,Completed
PUR007113,C00605,2026-07-23 06:52:39,150000.0,Completed
PUR007114,C00665,2026-07-23 07:08:22,12500.0,Completed
PUR007115,C00094,2026-07-23 07:57:56,25000.0,Completed
PUR007116,C00583,2026-07-23 09:59:51,2500.0,Completed
PUR007117,C00456,2026-07-23 10:07:09,9000.0,Completed
PUR007118,C00476,2026-07-23 10:50:14,31700.0,Completed
PUR007119,C00183,2026-07-23 10:51:25,47500.0,Completed
PUR007120,C00566,2026-07-23 14:47:49,227000.0,Completed
PUR007121,C00212,2026-07-23 14:52:31,14500.0,Completed
PUR007122,C00466,2026-07-23 16:37:18,9600.0,Completed
PUR007123,C00424,2026-07-23 16:47:30,115000.0,Completed
PUR007124,C00625,2026-07-23 20:23:20,53800.0,Completed
PUR007125,C00310,2026-07-23 20:39:16,37500.0,Completed
PUR007126,C00550,2026-07-23 20:43:34,14500.0,Completed
PUR007127,C00510,2026-07-23 21:21:06,12800.0,Completed
PUR007128,C00103,2026-07-23 21:33:30,21000.0,Completed
PUR007129,C00387,2026-07-23 21:40:28,39500.0,Completed
PUR007130,C00077,2026-07-23 22:57:47,162000.0,Completed
PUR007131,C00227,2026-07-23 23:10:50,9600.0,Completed
PUR007132,C00550,2026-07-23 23:49:28,66500.0,Completed
PUR007133,C00254,2026-07-24 01:06:13,13000.0,Completed
PUR007134,C00477,2026-07-24 01:27:59,37500.0,Completed
PUR007135,C00642,2026-07-24 01:53:50,14500.0,Completed
PUR007136,C00080,2026-07-24 03:12:34,98800.0,Completed
PUR007137,C00482,2026-07-24 04:24:30,38500.0,Completed
PUR007138,C00661,2026-07-24 07:12:14,11700.0,Completed
PUR007139,C00743,2026-07-24 07:57:09,1996.0,Completed
PUR007140,C00581,2026-07-24 08:35:12,4800.0,Completed
PUR007141,C00628,2026-07-24 11:26:01,29200.0,Completed
PUR007142,C00039,2026-07-24 12:18:02,9000.0,Completed
PUR007143,C00346,2026-07-24 13:09:50,14300.0,Completed
PUR007144,C00125,2026-07-24 14:02:04,55200.0,Completed
PUR007145,C00051,2026-07-24 14:31:05,18100.0,Completed
PUR007146,C00142,2026-07-24 16:48:14,162000.0,Completed
PUR007147,C00259,2026-07-24 19:43:28,1800.0,Completed
PUR007148,C00058,2026-07-24 22:48:34,9650.0,Completed
PUR007149,C00330,2026-07-25 00:08:05,11150.0,Completed
PUR007150,C00462,2026-07-25 02:31:29,2900.0,Completed
PUR007151,C00531,2026-07-25 03:03:07,4299.0,Completed
PUR007152,C00738,2026-07-25 05:50:10,6650.0,Completed
PUR007153,C00358,2026-07-25 09:56:15,32000.0,Completed
PUR007154,C00259,2026-07-25 10:46:22,30300.0,Completed
PUR007155,C00180,2026-07-25 10:46:49,30350.0,Completed
PUR007156,C00673,2026-07-25 12:44:52,212500.0,Completed
PUR007157,C00431,2026-07-25 12:47:08,37500.0,Completed
PUR007158,C00538,2026-07-25 18:29:19,11200.0,Completed
PUR007159,C00325,2026-07-25 18:30:45,9000.0,Completed
PUR007160,C00436,2026-07-25 20:19:39,5100.0,Completed
PUR007161,C00327,2026-07-25 23:29:15,6600.0,Completed
PUR007162,C00365,2026-07-26 01:08:36,96000.0,Completed
PUR007163,C00102,2026-07-26 01:14:52,4050.0,Completed
PUR007164,C00098,2026-07-26 03:20:46,21750.0,Completed
PUR007165,C00147,2026-07-26 03:25:55,2750.0,Completed
PUR007166,C00555,2026-07-26 03:41:00,150000.0,Completed
PUR007167,C00590,2026-07-26 05:57:44,18500.0,Completed
PUR007168,C00719,2026-07-26 07:04:37,18750.0,Completed
PUR007169,C00308,2026-07-26 08:41:22,37500.0,Completed
PUR007170,C00484,2026-07-26 09:01:17,7497.0,Completed
PUR007171,C00289,2026-07-26 10:24:00,53900.0,Completed
PUR007172,C00394,2026-07-26 11:17:35,18500.0,Completed
PUR007173,C00257,2026-07-26 12:42:33,71500.0,Completed
PUR007174,C00383,2026-07-26 13:21:53,900.0,Completed
PUR007175,C00532,2026-07-26 15:43:31,9500.0,Completed
PUR007176,C00051,2026-07-26 16:58:56,130000.0,Completed
PUR007177,C00395,2026-07-26 18:28:47,20500.0,Completed
PUR007178,C00584,2026-07-26 20:58:39,9000.0,Completed
PUR007179,C00511,2026-07-26 22:40:05,14500.0,Completed
PUR007180,C00333,2026-07-26 22:55:40,48600.0,Completed
PUR007181,C00510,2026-07-26 23:56:21,7200.0,Completed
PUR007182,C00150,2026-07-27 00:08:57,52400.0,Completed
PUR007183,C00664,2026-07-27 01:08:33,1800.0,Completed
PUR007184,C00744,2026-07-27 01:35:02,17000.0,Completed
PUR007185,C00040,2026-07-27 02:09:23,19000.0,Completed
PUR007186,C00439,2026-07-27 07:48:07,650.0,Completed
PUR007187,C00225,2026-07-27 10:58:52,8900.0,Completed
PUR007188,C00412,2026-07-27 11:06:38,11550.0,Completed
PUR007189,C00398,2026-07-27 12:04:51,159000.0,Completed
PUR007190,C00129,2026-07-27 13:25:10,5700.0,Completed
PUR007191,C00535,2026-07-27 14:00:16,27000.0,Completed
PUR007192,C00418,2026-07-27 14:59:38,13300.0,Completed
PUR007193,C00531,2026-07-27 17:42:46,18000.0,Completed
PUR007194,C00713,2026-07-27 20:26:53,9747.0,Completed
PUR007195,C00574,2026-07-27 21:47:10,25000.0,Completed
PUR007196,C00662,2026-07-28 00:46:50,1250.0,Completed
PUR007197,C00523,2026-07-28 03:21:20,37000.0,Completed
PUR007198,C00475,2026-07-28 05:51:02,40650.0,Completed
PUR007199,C00077,2026-07-28 11:18:11,117300.0,Completed
PUR007200,C00331,2026-07-28 11:24:27,181500.0,Completed
PUR007201,C00689,2026-07-28 11:59:30,2898.0,Completed
PUR007202,C00710,2026-07-28 12:27:54,92600.0,Completed
PUR007203,C00644,2026-07-28 13:30:46,65000.0,Completed
PUR007204,C00649,2026-07-28 14:12:18,12900.0,Completed
PUR007205,C00484,2026-07-28 14:18:47,60550.0,Completed
PUR007206,C00153,2026-07-28 14:28:35,17000.0,Completed
PUR007207,C00658,2026-07-28 15:22:20,7400.0,Completed
PUR007208,C00100,2026-07-28 21:19:59,4400.0,Completed
PUR007209,C00032,2026-07-28 21:47:18,13500.0,Completed
PUR007210,C00632,2026-07-28 22:27:12,18600.0,Completed
PUR007211,C00008,2026-07-28 22:30:25,21000.0,Completed
PUR007212,C00202,2026-07-28 23:48:08,5200.0,Completed
PUR007213,C00468,2026-07-29 00:29:14,29000.0,Completed
PUR007214,C00477,2026-07-29 00:34:37,4800.0,Completed
PUR007215,C00534,2026-07-29 01:27:20,18900.0,Completed
PUR007216,C00625,2026-07-29 03:38:54,7000.0,Completed
PUR007217,C00343,2026-07-29 03:40:34,1250.0,Completed
PUR007218,C00359,2026-07-29 03:53:52,19100.0,Completed
PUR007219,C00323,2026-07-29 04:01:16,21500.0,Completed
PUR007220,C00298,2026-07-29 04:18:56,235000.0,Completed
PUR007221,C00382,2026-07-29 13:15:17,29000.0,Completed
PUR007222,C00734,2026-07-29 16:02:30,54300.0,Completed
PUR007223,C00309,2026-07-29 16:09:49,18500.0,Completed
PUR007224,C00713,2026-07-29 16:46:47,14500.0,Completed
PUR007225,C00166,2026-07-29 17:29:29,4500.0,Completed
PUR007226,C00683,2026-07-29 17:41:53,5050.0,Completed
PUR007227,C00517,2026-07-29 20:07:27,3900.0,Completed
PUR007228,C00108,2026-07-29 23:28:43,70600.0,Completed
PUR007229,C00183,2026-07-29 23:32:31,18500.0,Completed
PUR007230,C00138,2026-07-30 02:27:35,56600.0,Completed
PUR007231,C00060,2026-07-30 03:31:56,65000.0,Completed
PUR007232,C00174,2026-07-30 04:43:38,1200.0,Completed
PUR007233,C00394,2026-07-30 07:05:02,1100.0,Completed
PUR007234,C00046,2026-07-30 08:47:43,26750.0,Completed
PUR007235,C00498,2026-07-30 09:11:46,37000.0,Completed
PUR007236,C00689,2026-07-30 10:27:04,5600.0,Completed
PUR007237,C00265,2026-07-30 10:59:47,170000.0,Completed
PUR007238,C00633,2026-07-30 11:01:59,29000.0,Completed
PUR007239,C00167,2026-07-30 11:31:03,47500.0,Completed
PUR007240,C00321,2026-07-30 12:30:13,12500.0,Completed
PUR007241,C00039,2026-07-30 13:18:37,5400.0,Completed
PUR007242,C00687,2026-07-30 15:18:52,28300.0,Completed
PUR007243,C00082,2026-07-30 16:23:40,25250.0,Completed
PUR007244,C00125,2026-07-30 19:18:29,5000.0,Completed
PUR007245,C00030,2026-07-30 20:44:48,3600.0,Completed
PUR007246,C00059,2026-07-30 21:43:54,11500.0,Completed
PUR007247,C00387,2026-07-31 01:58:58,53000.0,Completed
PUR007248,C00721,2026-07-31 02:48:39,79500.0,Completed
PUR007249,C00351,2026-07-31 02:49:10,9999.0,Completed
PUR007250,C00424,2026-07-31 03:19:45,64000.0,Completed
PUR007251,C00504,2026-07-31 03:25:08,16800.0,Completed
PUR007252,C00628,2026-07-31 04:09:53,14500.0,Completed
PUR007253,C00191,2026-07-31 04:14:20,18000.0,Completed
PUR007254,C00525,2026-07-31 05:04:10,83250.0,Completed
PUR007255,C00606,2026-07-31 05:31:05,42000.0,Completed
PUR007256,C00167,2026-07-31 07:28:08,37500.0,Completed
PUR007257,C00521,2026-07-31 07:57:31,170000.0,Completed
PUR007258,C00274,2026-07-31 08:13:27,32000.0,Completed
PUR007259,C00032,2026-07-31 09:07:13,52750.0,Completed
PUR007260,C00169,2026-07-31 09:18:43,2400.0,Completed
PUR007261,C00013,2026-07-31 11:07:43,5297.0,Completed
PUR007262,C00088,2026-07-31 12:44:00,4200.0,Completed
PUR007263,C00627,2026-07-31 13:21:09,347500.0,Completed
PUR007264,C00743,2026-07-31 13:56:08,998.0,Completed
PUR007265,C00162,2026-07-31 14:06:35,29500.0,Completed
PUR007266,C00429,2026-07-31 17:06:13,29647.0,Completed
PUR007267,C00255,2026-07-31 18:13:58,18500.0,Completed
PUR007268,C00631,2026-07-31 21:17:55,14500.0,Completed
PUR007269,C00130,2026-07-31 21:33:48,9950.0,Completed
PUR007270,C00547,2026-07-31 21:56:23,130000.0,Completed
PUR007271,C00291,2026-07-31 23:26:50,93000.0,Completed
PUR007272,C00621,2026-08-01 00:30:32,103500.0,Completed
PUR007273,C00429,2026-08-01 02:12:27,24000.0,Completed
PUR007274,C00088,2026-08-01 02:41:05,194000.0,Completed
PUR007275,C00404,2026-08-01 03:53:15,143500.0,Completed
PUR007276,C00662,2026-08-01 07:07:05,129000.0,Completed
PUR007277,C00373,2026-08-01 07:17:03,13700.0,Completed
PUR007278,C00696,2026-08-01 09:24:45,260500.0,Completed
PUR007279,C00508,2026-08-01 09:30:59,14995.0,Completed
PUR007280,C00094,2026-08-01 10:48:52,11100.0,Completed
PUR007281,C00105,2026-08-01 11:37:04,6345.0,Completed
PUR007282,C00191,2026-08-01 12:10:00,15300.0,Completed
PUR007283,C00688,2026-08-01 12:18:24,25000.0,Completed
PUR007284,C00049,2026-08-01 14:26:14,67600.0,Completed
PUR007285,C00325,2026-08-01 16:04:04,8000.0,Completed
PUR007286,C00013,2026-08-01 16:46:09,37500.0,Completed
PUR007287,C00178,2026-08-01 17:07:59,4500.0,Completed
PUR007288,C00595,2026-08-01 17:58:22,8400.0,Completed
PUR007289,C00380,2026-08-01 19:10:57,18500.0,Completed
PUR007290,C00611,2026-08-01 19:24:04,5049.0,Completed
PUR007291,C00532,2026-08-01 20:48:33,26000.0,Completed
PUR007292,C00256,2026-08-01 22:23:29,3750.0,Completed
PUR007293,C00226,2026-08-01 23:16:39,57200.0,Completed
PUR007294,C00680,2026-08-02 01:43:46,79500.0,Completed
PUR007295,C00606,2026-08-02 03:35:50,20200.0,Completed
PUR007296,C00192,2026-08-02 06:09:34,1250.0,Completed
PUR007297,C00139,2026-08-02 06:42:13,499.0,Completed
PUR007298,C00527,2026-08-02 07:08:44,49850.0,Completed
PUR007299,C00285,2026-08-02 08:25:00,23050.0,Completed
PUR007300,C00618,2026-08-02 11:39:01,42500.0,Completed
PUR007301,C00485,2026-08-02 12:16:14,19096.0,Completed
PUR007302,C00271,2026-08-02 15:46:36,13850.0,Completed
PUR007303,C00471,2026-08-02 19:32:12,101000.0,Completed
PUR007304,C00435,2026-08-02 23:56:32,5500.0,Completed
PUR007305,C00529,2026-08-03 01:38:24,18499.0,Completed
PUR007306,C00560,2026-08-03 01:41:29,3550.0,Completed
PUR007307,C00436,2026-08-03 03:36:46,8600.0,Completed
PUR007308,C00094,2026-08-03 05:01:42,11495.0,Completed
PUR007309,C00382,2026-08-03 05:18:10,266500.0,Completed
PUR007310,C00312,2026-08-03 06:11:13,36250.0,Completed
PUR007311,C00461,2026-08-03 07:26:42,65000.0,Completed
PUR007312,C00327,2026-08-03 15:19:52,30250.0,Completed
PUR007313,C00062,2026-08-03 15:39:43,11150.0,Completed
PUR007314,C00289,2026-08-03 15:51:43,96000.0,Completed
PUR007315,C00631,2026-08-03 16:50:45,37500.0,Completed
PUR007316,C00070,2026-08-03 17:22:24,130000.0,Completed
PUR007317,C00023,2026-08-03 19:28:59,13500.0,Completed
PUR007318,C00495,2026-08-03 22:23:08,11700.0,Completed
PUR007319,C00686,2026-08-03 22:29:09,130000.0,Completed
PUR007320,C00003,2026-08-03 23:21:34,30600.0,Completed
PUR007321,C00057,2026-08-04 00:26:54,101600.0,Completed
PUR007322,C00388,2026-08-04 00:41:30,8400.0,Completed
PUR007323,C00315,2026-08-04 00:54:08,13500.0,Completed
PUR007324,C00570,2026-08-04 01:34:17,8400.0,Completed
PUR007325,C00296,2026-08-04 07:02:27,164500.0,Completed
PUR007326,C00340,2026-08-04 08:20:44,114000.0,Completed
PUR007327,C00345,2026-08-04 09:40:22,42250.0,Completed
PUR007328,C00006,2026-08-04 10:00:36,4500.0,Completed
PUR007329,C00552,2026-08-04 10:07:42,14500.0,Completed
PUR007330,C00549,2026-08-04 10:10:22,37500.0,Completed
PUR007331,C00317,2026-08-04 10:31:39,144500.0,Completed
PUR007332,C00748,2026-08-04 14:40:48,3800.0,Completed
PUR007333,C00330,2026-08-04 15:02:35,97000.0,Completed
PUR007334,C00683,2026-08-04 15:35:46,5800.0,Completed
PUR007335,C00469,2026-08-04 16:48:44,13500.0,Completed
PUR007336,C00516,2026-08-04 17:30:55,2750.0,Completed
PUR007337,C00316,2026-08-04 18:21:18,2200.0,Completed
PUR007338,C00348,2026-08-04 19:14:43,4200.0,Completed
PUR007339,C00482,2026-08-04 19:54:51,18500.0,Completed
PUR007340,C00382,2026-08-04 19:55:43,89000.0,Completed
PUR007341,C00100,2026-08-04 20:02:06,16250.0,Completed
PUR007342,C00285,2026-08-04 23:17:46,2550.0,Completed
PUR007343,C00325,2026-08-05 01:23:41,55000.0,Completed
PUR007344,C00653,2026-08-05 01:52:03,32600.0,Completed
PUR007345,C00430,2026-08-05 03:07:19,105000.0,Completed
PUR007346,C00543,2026-08-05 04:27:49,51500.0,Completed
PUR007347,C00492,2026-08-05 05:44:04,33400.0,Completed
PUR007348,C00129,2026-08-05 07:23:42,44600.0,Completed
PUR007349,C00585,2026-08-05 08:00:13,22900.0,Completed
PUR007350,C00365,2026-08-05 08:17:05,301000.0,Completed
PUR007351,C00380,2026-08-05 08:39:13,184500.0,Completed
PUR007352,C00575,2026-08-05 10:08:52,21000.0,Completed
PUR007353,C00416,2026-08-05 11:41:50,38350.0,Completed
PUR007354,C00251,2026-08-05 12:27:58,94500.0,Completed
PUR007355,C00688,2026-08-05 13:16:25,11100.0,Completed
PUR007356,C00655,2026-08-05 14:37:42,64000.0,Completed
PUR007357,C00297,2026-08-05 19:14:57,3900.0,Completed
PUR007358,C00176,2026-08-05 22:03:50,20500.0,Completed
PUR007359,C00243,2026-08-06 00:19:30,15350.0,Completed
PUR007360,C00448,2026-08-06 02:09:36,9000.0,Completed
PUR007361,C00496,2026-08-06 03:52:24,29000.0,Completed
PUR007362,C00537,2026-08-06 08:25:48,74600.0,Completed
PUR007363,C00271,2026-08-06 08:42:04,15995.0,Completed
PUR007364,C00067,2026-08-06 10:19:05,37000.0,Completed
PUR007365,C00136,2026-08-06 10:24:50,25000.0,Completed
PUR007366,C00070,2026-08-06 11:32:28,19750.0,Completed
PUR007367,C00285,2026-08-06 11:47:56,12999.0,Completed
PUR007368,C00167,2026-08-06 12:40:15,4050.0,Completed
PUR007369,C00489,2026-08-06 12:48:50,1996.0,Completed
PUR007370,C00015,2026-08-06 13:44:14,18500.0,Completed
PUR007371,C00184,2026-08-06 14:53:49,1250.0,Completed
PUR007372,C00042,2026-08-06 14:56:06,18450.0,Completed
PUR007373,C00271,2026-08-06 17:31:50,8400.0,Completed
PUR007374,C00285,2026-08-06 18:38:30,12600.0,Completed
PUR007375,C00433,2026-08-06 19:50:00,2800.0,Completed
PUR007376,C00403,2026-08-06 22:34:05,13600.0,Completed
PUR007377,C00694,2026-08-07 00:39:12,4400.0,Completed
PUR007378,C00158,2026-08-07 04:06:59,1300.0,Completed
PUR007379,C00257,2026-08-07 04:22:13,114500.0,Completed
PUR007380,C00680,2026-08-07 04:29:42,263000.0,Completed
PUR007381,C00252,2026-08-07 04:44:37,4550.0,Completed
PUR007382,C00586,2026-08-07 05:00:56,199000.0,Completed
PUR007383,C00136,2026-08-07 05:34:07,33800.0,Completed
PUR007384,C00149,2026-08-07 06:42:21,48200.0,Completed
PUR007385,C00702,2026-08-07 11:33:34,74500.0,Completed
PUR007386,C00394,2026-08-07 13:01:34,79500.0,Completed
PUR007387,C00032,2026-08-07 14:07:23,37000.0,Completed
PUR007388,C00006,2026-08-07 14:41:35,3150.0,Completed
PUR007389,C00145,2026-08-07 15:17:54,3600.0,Completed
PUR007390,C00732,2026-08-07 16:42:47,14400.0,Completed
PUR007391,C00059,2026-08-07 17:17:23,5600.0,Completed
PUR007392,C00684,2026-08-07 18:04:12,13500.0,Completed
PUR007393,C00146,2026-08-07 18:36:10,499.0,Completed
PUR007394,C00604,2026-08-07 18:41:04,69300.0,Completed
PUR007395,C00495,2026-08-07 23:01:03,10600.0,Completed
PUR007396,C00129,2026-08-08 01:02:51,11550.0,Completed
PUR007397,C00186,2026-08-08 01:03:01,19400.0,Completed
PUR007398,C00094,2026-08-08 03:00:18,152750.0,Completed
PUR007399,C00436,2026-08-08 05:25:41,2550.0,Completed
PUR007400,C00019,2026-08-08 08:18:51,108500.0,Completed
PUR007401,C00213,2026-08-08 08:47:29,18900.0,Completed
PUR007402,C00063,2026-08-08 11:18:22,19350.0,Completed
PUR007403,C00217,2026-08-08 12:57:46,33400.0,Completed
PUR007404,C00530,2026-08-08 15:08:39,21000.0,Completed
PUR007405,C00657,2026-08-08 15:37:18,13500.0,Completed
PUR007406,C00156,2026-08-08 19:52:34,129000.0,Completed
PUR007407,C00713,2026-08-08 20:00:05,47500.0,Completed
PUR007408,C00700,2026-08-08 21:25:51,16800.0,Completed
PUR007409,C00362,2026-08-08 23:50:16,3300.0,Completed
PUR007410,C00133,2026-08-09 00:34:21,5700.0,Completed
PUR007411,C00679,2026-08-09 05:37:39,9700.0,Completed
PUR007412,C00629,2026-08-09 05:39:12,130000.0,Completed
PUR007413,C00040,2026-08-09 06:43:26,88400.0,Completed
PUR007414,C00525,2026-08-09 07:48:21,4500.0,Completed
PUR007415,C00337,2026-08-09 08:52:17,15750.0,Completed
PUR007416,C00393,2026-08-09 11:07:57,9000.0,Completed
PUR007417,C00377,2026-08-09 11:24:03,8400.0,Completed
PUR007418,C00612,2026-08-09 14:57:20,4600.0,Completed
PUR007419,C00395,2026-08-09 15:53:35,109500.0,Completed
PUR007420,C00465,2026-08-09 20:55:12,43800.0,Completed
PUR007421,C00102,2026-08-09 23:23:39,4699.0,Completed
PUR007422,C00625,2026-08-10 00:07:03,64000.0,Completed
PUR007423,C00639,2026-08-10 01:05:23,29000.0,Completed
PUR007424,C00439,2026-08-10 01:52:18,17550.0,Completed
PUR007425,C00305,2026-08-10 01:57:26,9500.0,Completed
PUR007426,C00436,2026-08-10 03:02:06,13250.0,Completed
PUR007427,C00104,2026-08-10 04:33:17,102000.0,Completed
PUR007428,C00427,2026-08-10 05:02:18,64000.0,Completed
PUR007429,C00338,2026-08-10 07:39:31,2800.0,Completed
PUR007430,C00386,2026-08-10 08:05:03,12600.0,Completed
PUR007431,C00469,2026-08-10 08:17:55,29000.0,Completed
PUR007432,C00543,2026-08-10 10:00:49,32000.0,Completed
PUR007433,C00673,2026-08-10 10:19:04,1800.0,Completed
PUR007434,C00387,2026-08-10 11:50:11,11495.0,Completed
PUR007435,C00730,2026-08-10 11:57:05,9500.0,Completed
PUR007436,C00451,2026-08-10 12:46:50,13500.0,Completed
PUR007437,C00049,2026-08-10 13:21:20,94200.0,Completed
PUR007438,C00588,2026-08-10 13:43:56,6250.0,Completed
PUR007439,C00139,2026-08-10 15:26:01,45100.0,Completed
PUR007440,C00227,2026-08-10 18:22:42,28400.0,Completed
PUR007441,C00297,2026-08-10 19:09:03,215000.0,Completed
PUR007442,C00453,2026-08-10 22:40:35,4800.0,Completed
PUR007443,C00435,2026-08-10 22:58:53,170000.0,Completed
PUR007444,C00052,2026-08-11 03:18:18,9000.0,Completed
PUR007445,C00370,2026-08-11 03:21:32,9000.0,Completed
PUR007446,C00461,2026-08-11 04:35:50,34500.0,Completed
PUR007447,C00361,2026-08-11 09:42:29,30700.0,Completed
PUR007448,C00571,2026-08-11 09:43:37,1950.0,Completed
PUR007449,C00388,2026-08-11 12:06:31,12500.0,Completed
PUR007450,C00227,2026-08-11 13:38:23,100500.0,Completed
PUR007451,C00741,2026-08-11 17:09:18,5400.0,Completed
PUR007452,C00393,2026-08-11 17:11:56,37000.0,Completed
PUR007453,C00533,2026-08-11 17:12:26,1250.0,Completed
PUR007454,C00233,2026-08-11 21:01:20,75950.0,Completed
PUR007455,C00707,2026-08-11 21:12:03,215000.0,Completed
PUR007456,C00295,2026-08-11 21:23:00,32000.0,Completed
PUR007457,C00604,2026-08-12 00:53:27,9000.0,Completed
PUR007458,C00726,2026-08-12 01:01:10,96000.0,Completed
PUR007459,C00262,2026-08-12 02:14:25,9300.0,Completed
PUR007460,C00455,2026-08-12 06:03:10,650.0,Completed
PUR007461,C00539,2026-08-12 07:13:17,37400.0,Completed
PUR007462,C00166,2026-08-12 07:44:23,2200.0,Completed
PUR007463,C00460,2026-08-12 10:29:36,8050.0,Completed
PUR007464,C00022,2026-08-12 11:36:16,18500.0,Completed
PUR007465,C00199,2026-08-12 14:11:03,17400.0,Completed
PUR007466,C00332,2026-08-12 15:19:17,1996.0,Completed
PUR007467,C00491,2026-08-12 15:40:01,32000.0,Completed
PUR007468,C00399,2026-08-12 15:46:08,1996.0,Completed
PUR007469,C00615,2026-08-12 16:09:29,3600.0,Completed
PUR007470,C00631,2026-08-12 18:34:57,66500.0,Completed
PUR007471,C00733,2026-08-12 19:06:20,25550.0,Completed
PUR007472,C00157,2026-08-12 19:10:00,29850.0,Completed
PUR007473,C00494,2026-08-12 20:31:29,12400.0,Completed
PUR007474,C00716,2026-08-12 20:35:51,26250.0,Completed
PUR007475,C00191,2026-08-12 22:12:16,10200.0,Completed
PUR007476,C00328,2026-08-12 22:40:34,9000.0,Completed
PUR007477,C00738,2026-08-13 02:10:51,6600.0,Completed
PUR007478,C00370,2026-08-13 02:13:22,29000.0,Completed
PUR007479,C00407,2026-08-13 02:32:57,62000.0,Completed
PUR007480,C00542,2026-08-13 04:24:42,85000.0,Completed
PUR007481,C00712,2026-08-13 04:28:23,4500.0,Completed
PUR007482,C00174,2026-08-13 05:19:51,8700.0,Completed
PUR007483,C00619,2026-08-13 05:34:54,21000.0,Completed
PUR007484,C00035,2026-08-13 06:18:45,39750.0,Completed
PUR007485,C00439,2026-08-13 07:20:27,6600.0,Completed
PUR007486,C00231,2026-08-13 09:39:26,18850.0,Completed
PUR007487,C00742,2026-08-13 11:51:24,20700.0,Completed
PUR007488,C00691,2026-08-13 12:07:32,10050.0,Completed
PUR007489,C00390,2026-08-13 13:30:37,14500.0,Completed
PUR007490,C00134,2026-08-13 19:51:34,11000.0,Completed
PUR007491,C00554,2026-08-14 00:01:36,65000.0,Completed
PUR007492,C00060,2026-08-14 02:45:33,113700.0,Completed
PUR007493,C00361,2026-08-14 03:28:42,37000.0,Completed
PUR007494,C00193,2026-08-14 03:36:29,18500.0,Completed
PUR007495,C00726,2026-08-14 03:48:05,1250.0,Completed
PUR007496,C00292,2026-08-14 03:57:02,23096.0,Completed
PUR007497,C00293,2026-08-14 04:35:59,40000.0,Completed
PUR007498,C00710,2026-08-14 06:00:10,22250.0,Completed
PUR007499,C00512,2026-08-14 07:20:29,66500.0,Completed
PUR007500,C00403,2026-08-14 08:18:24,57900.0,Completed
